{
	"format_version": "1.12.0",
	"minecraft:geometry": [
		{
			"description": {
				"identifier": "geometry.unknown",
				"texture_width": 128,
				"texture_height": 128,
				"visible_bounds_width": 3,
				"visible_bounds_height": 5.5,
				"visible_bounds_offset": [0, 2.25, 0]
			},
			"bones": [
				{
					"name": "Root",
					"pivot": [0, 0, 0]
				},
				{
					"name": "AllBody",
					"parent": "Root",
					"pivot": [0, 18, 0]
				},
				{
					"name": "UpBody",
					"parent": "AllBody",
					"pivot": [0, 13, 0],
					"cubes": [
						{
							"origin": [-1.25, 19.8853, -2.97504],
							"size": [2, 2, 2],
							"inflate": -0.5,
							"pivot": [0, 20.6353, -2.22504],
							"rotation": [-7.1071, 7.053, 44.5615],
							"uv": {
								"north": {"uv": [85, 3], "uv_size": [2, 2]},
								"east": {"uv": [16, 85], "uv_size": [2, 2]},
								"south": {"uv": [24, 85], "uv_size": [2, 2]},
								"west": {"uv": [85, 32], "uv_size": [2, 2]},
								"up": {"uv": [35, 85], "uv_size": [2, 2]},
								"down": {"uv": [85, 41], "uv_size": [2, -2]}
							}
						},
						{
							"origin": [-0.25, 18.08024, -2.33861],
							"size": [1, 3, 1],
							"pivot": [0, 20.58024, -2.48861],
							"rotation": [-8.4528, -12.786, -15.6863],
							"uv": {
								"north": {"uv": [8, 88], "uv_size": [1, 3]},
								"east": {"uv": [10, 88], "uv_size": [1, 3]},
								"south": {"uv": [16, 88], "uv_size": [1, 3]},
								"west": {"uv": [23, 88], "uv_size": [1, 3]},
								"up": {"uv": [98, 0], "uv_size": [1, 1]},
								"down": {"uv": [2, 99], "uv_size": [1, -1]}
							}
						},
						{
							"origin": [-0.75, 18.58024, -2.36361],
							"size": [1, 2.5, 1],
							"pivot": [0, 20.58024, -2.48861],
							"rotation": [-8.4528, 12.786, 15.6863],
							"uv": {
								"north": {"uv": [87, 77], "uv_size": [1, 3]},
								"east": {"uv": [87, 81], "uv_size": [1, 3]},
								"south": {"uv": [87, 85], "uv_size": [1, 3]},
								"west": {"uv": [88, 0], "uv_size": [1, 3]},
								"up": {"uv": [97, 97], "uv_size": [1, 1]},
								"down": {"uv": [0, 99], "uv_size": [1, -1]}
							}
						},
						{
							"origin": [-3.75, 16.5, -2.1],
							"size": [7.5, 8, 4.2],
							"uv": {
								"north": {"uv": [15, 22], "uv_size": [8, 8]},
								"east": {"uv": [0, 40], "uv_size": [4, 8]},
								"south": {"uv": [23, 0], "uv_size": [8, 8]},
								"west": {"uv": [40, 14], "uv_size": [4, 8]},
								"up": {"uv": [40, 23], "uv_size": [8, 4]},
								"down": {"uv": [40, 32], "uv_size": [8, -4]}
							}
						},
						{
							"origin": [-3.75, 21, 2.1],
							"size": [7.5, 3.5, 0],
							"pivot": [0, 24.5, 2.1],
							"rotation": [5, 0, 0],
							"uv": {
								"north": {"uv": [40, 33], "uv_size": [8, 4]},
								"east": {"uv": [100, 19], "uv_size": [0, 4]},
								"south": {"uv": [40, 38], "uv_size": [8, 4]},
								"west": {"uv": [32, 100], "uv_size": [0, 4]},
								"up": {"uv": [100, 11], "uv_size": [8, 0]},
								"down": {"uv": [100, 15], "uv_size": [8, 0]}
							}
						},
						{
							"origin": [-3.75, 23.5, -2.1],
							"size": [2, 1, 4.2],
							"inflate": -0.01,
							"pivot": [-3.75, 24.5, -0.25],
							"rotation": [0, 0, -12.5],
							"uv": {
								"north": {"uv": [20, 52], "uv_size": [2, 1]},
								"east": {"uv": [80, 40], "uv_size": [4, 1]},
								"south": {"uv": [25, 54], "uv_size": [2, 1]},
								"west": {"uv": [80, 42], "uv_size": [4, 1]},
								"up": {"uv": [5, 40], "uv_size": [2, 4]},
								"down": {"uv": [26, 77], "uv_size": [2, -4]}
							}
						},
						{
							"origin": [1.75, 23.5, -2.1],
							"size": [2, 1, 4.2],
							"inflate": -0.01,
							"pivot": [3.75, 24.5, -0.25],
							"rotation": [0, 0, 12.5],
							"uv": {
								"north": {"uv": [72, 23], "uv_size": [2, 1]},
								"east": {"uv": [80, 44], "uv_size": [4, 1]},
								"south": {"uv": [86, 30], "uv_size": [2, 1]},
								"west": {"uv": [80, 46], "uv_size": [4, 1]},
								"up": {"uv": [33, 73], "uv_size": [2, 4]},
								"down": {"uv": [71, 77], "uv_size": [2, -4]}
							}
						},
						{
							"origin": [0.80165, 21.86266, -2.2],
							"size": [2.5, 3.1, 4.35],
							"inflate": -0.01,
							"pivot": [2.35165, 22.91266, 0],
							"rotation": [0, 0, 20],
							"uv": {
								"north": {"uv": [40, 73], "uv_size": [3, 3]},
								"east": {"uv": [61, 66], "uv_size": [4, 3]},
								"south": {"uv": [58, 73], "uv_size": [3, 3]},
								"west": {"uv": [66, 66], "uv_size": [4, 3]},
								"up": {"uv": [67, 0], "uv_size": [3, 4]},
								"down": {"uv": [67, 16], "uv_size": [3, -4]}
							}
						},
						{
							"origin": [-0.12598, 20.68282, -2.15],
							"size": [2, 2.1, 1],
							"inflate": -0.01,
							"pivot": [0.87402, 21.23282, 0.05],
							"rotation": [0, 0, 42.5],
							"uv": {
								"north": {"uv": [84, 72], "uv_size": [2, 2]},
								"east": {"uv": [17, 93], "uv_size": [1, 2]},
								"south": {"uv": [84, 80], "uv_size": [2, 2]},
								"west": {"uv": [93, 17], "uv_size": [1, 2]},
								"up": {"uv": [92, 13], "uv_size": [2, 1]},
								"down": {"uv": [92, 59], "uv_size": [2, -1]}
							}
						},
						{
							"origin": [-1.87402, 20.68282, -2.15],
							"size": [2, 2.1, 1],
							"inflate": -0.01,
							"pivot": [-0.87402, 21.23282, 0.05],
							"rotation": [0, 0, -42.5],
							"uv": {
								"north": {"uv": [84, 83], "uv_size": [2, 2]},
								"east": {"uv": [19, 93], "uv_size": [1, 2]},
								"south": {"uv": [85, 0], "uv_size": [2, 2]},
								"west": {"uv": [93, 26], "uv_size": [1, 2]},
								"up": {"uv": [92, 80], "uv_size": [2, 1]},
								"down": {"uv": [27, 94], "uv_size": [2, -1]}
							}
						},
						{
							"origin": [-3.30165, 21.86266, -2.2],
							"size": [2.5, 3.1, 4.35],
							"inflate": -0.01,
							"pivot": [-2.35165, 22.91266, 0],
							"rotation": [0, 0, -20],
							"uv": {
								"north": {"uv": [73, 59], "uv_size": [3, 3]},
								"east": {"uv": [67, 17], "uv_size": [4, 3]},
								"south": {"uv": [62, 73], "uv_size": [3, 3]},
								"west": {"uv": [67, 21], "uv_size": [4, 3]},
								"up": {"uv": [67, 25], "uv_size": [3, 4]},
								"down": {"uv": [67, 34], "uv_size": [3, -4]}
							}
						},
						{
							"origin": [-3.5, 14, -2],
							"size": [7, 10, 4],
							"uv": {
								"north": {"uv": [15, 0], "uv_size": [7, 10]},
								"east": {"uv": [23, 36], "uv_size": [4, 10]},
								"south": {"uv": [15, 11], "uv_size": [7, 10]},
								"west": {"uv": [28, 38], "uv_size": [4, 10]},
								"up": {"uv": [40, 43], "uv_size": [7, 4]},
								"down": {"uv": [45, 18], "uv_size": [7, -4]}
							}
						},
						{
							"origin": [-1.75, 23.9, -2],
							"size": [3.5, 1, 4],
							"uv": {
								"north": {"uv": [80, 48], "uv_size": [4, 1]},
								"east": {"uv": [80, 50], "uv_size": [4, 1]},
								"south": {"uv": [80, 58], "uv_size": [4, 1]},
								"west": {"uv": [80, 60], "uv_size": [4, 1]},
								"up": {"uv": [59, 55], "uv_size": [4, 4]},
								"down": {"uv": [60, 14], "uv_size": [4, -4]}
							}
						}
					]
				},
				{
					"name": "BackpackLocator",
					"parent": "UpBody",
					"pivot": [0, 22.7144, 0]
				},
				{
					"name": "LeftWaistLocator",
					"parent": "UpBody",
					"pivot": [4, 17, 0],
					"rotation": [-20, 0, 0]
				},
				{
					"name": "RightWaistLocator",
					"parent": "UpBody",
					"pivot": [-4, 17, 0],
					"rotation": [-5, 0, 0]
				},
				{
					"name": "AllHead",
					"parent": "UpBody",
					"pivot": [0, 25, 0],
					"cubes": [
						{
							"origin": [-1.5, 23.5, -1.5],
							"size": [3, 2, 3],
							"uv": {
								"north": {"uv": [49, 40], "uv_size": [3, 2]},
								"east": {"uv": [53, 76], "uv_size": [3, 2]},
								"south": {"uv": [10, 77], "uv_size": [3, 2]},
								"west": {"uv": [21, 77], "uv_size": [3, 2]},
								"up": {"uv": [67, 70], "uv_size": [3, 3]},
								"down": {"uv": [71, 3], "uv_size": [3, -3]}
							}
						}
					]
				},
				{
					"name": "Head",
					"parent": "AllHead",
					"pivot": [0, 25.7, 0.25],
					"cubes": [
						{
							"origin": [-3.5, 25.5, -3.25],
							"size": [7, 8, 7],
							"uv": {
								"north": {"uv": [23, 9], "uv_size": [7, 8]},
								"east": {"uv": [0, 24], "uv_size": [7, 8]},
								"south": {"uv": [24, 18], "uv_size": [7, 8]},
								"west": {"uv": [24, 27], "uv_size": [7, 8]},
								"up": {"uv": [8, 31], "uv_size": [7, 7]},
								"down": {"uv": [31, 16], "uv_size": [7, -7]}
							}
						}
					]
				},
				{
					"name": "Face",
					"parent": "Head",
					"pivot": [0, 25.7, 0.25]
				},
				{
					"name": "Mouth",
					"parent": "Face",
					"pivot": [0.7, 8.45, 1.75]
				},
				{
					"name": "Zui5",
					"parent": "Mouth",
					"pivot": [0, 26.125, -2.35],
					"cubes": [
						{
							"origin": [-0.9, 26.425, -2.35],
							"size": [1.8, 0.1, 0],
							"uv": {
								"north": {"uv": [89, 78], "uv_size": [2, 1]},
								"east": {"uv": [56, 5], "uv_size": [0, 1]},
								"south": {"uv": [89, 80], "uv_size": [2, 1]},
								"west": {"uv": [62, 0], "uv_size": [0, 1]},
								"up": {"uv": [64, 59], "uv_size": [2, 0]},
								"down": {"uv": [58, 72], "uv_size": [2, 0]}
							}
						},
						{
							"origin": [-0.6, 25.8, -2.35],
							"size": [1.2, 0.75, 0],
							"uv": {
								"north": {"uv": [95, 88], "uv_size": [1, 1]},
								"east": {"uv": [18, 68], "uv_size": [0, 1]},
								"south": {"uv": [95, 90], "uv_size": [1, 1]},
								"west": {"uv": [71, 15], "uv_size": [0, 1]},
								"up": {"uv": [81, 57], "uv_size": [1, 0]},
								"down": {"uv": [85, 19], "uv_size": [1, 0]}
							}
						}
					]
				},
				{
					"name": "bone10",
					"parent": "Zui5",
					"pivot": [0.375, 26.7, -2.35],
					"rotation": [0, 0, 8.25],
					"cubes": [
						{
							"origin": [-0.00695, 26.4531, -2.35],
							"size": [0.925, 0.15, 0],
							"uv": {
								"north": {"uv": [95, 82], "uv_size": [1, 1]},
								"east": {"uv": [62, 2], "uv_size": [0, 1]},
								"south": {"uv": [95, 84], "uv_size": [1, 1]},
								"west": {"uv": [4, 62], "uv_size": [0, 1]},
								"up": {"uv": [61, 65], "uv_size": [1, 0]},
								"down": {"uv": [67, 5], "uv_size": [1, 0]}
							}
						}
					]
				},
				{
					"name": "bone11",
					"parent": "Zui5",
					"pivot": [-0.375, 26.7, -2.35],
					"rotation": [0, 0, -8.25],
					"cubes": [
						{
							"origin": [-0.91805, 26.4531, -2.35],
							"size": [0.9, 0.15, 0],
							"uv": {
								"north": {"uv": [95, 86], "uv_size": [1, 1]},
								"east": {"uv": [52, 63], "uv_size": [0, 1]},
								"south": {"uv": [87, 95], "uv_size": [1, 1]},
								"west": {"uv": [18, 66], "uv_size": [0, 1]},
								"up": {"uv": [69, 11], "uv_size": [1, 0]},
								"down": {"uv": [75, 32], "uv_size": [1, 0]}
							}
						}
					]
				},
				{
					"name": "bone17",
					"parent": "Zui5",
					"pivot": [-0.65, 26.375, -2.35],
					"rotation": [0, 0, 65],
					"cubes": [
						{
							"origin": [-0.775, 26.175, -2.35],
							"size": [0.675, 0.4, 0],
							"uv": {
								"north": {"uv": [95, 92], "uv_size": [1, 1]},
								"east": {"uv": [22, 71], "uv_size": [0, 1]},
								"south": {"uv": [95, 94], "uv_size": [1, 1]},
								"west": {"uv": [73, 53], "uv_size": [0, 1]},
								"up": {"uv": [85, 35], "uv_size": [1, 0]},
								"down": {"uv": [85, 64], "uv_size": [1, 0]}
							}
						}
					]
				},
				{
					"name": "bone18",
					"parent": "Zui5",
					"pivot": [0.65, 26.375, -2.35],
					"rotation": [0, 0, -65],
					"cubes": [
						{
							"origin": [0.1, 26.175, -2.35],
							"size": [0.675, 0.4, 0],
							"uv": {
								"north": {"uv": [0, 96], "uv_size": [1, 1]},
								"east": {"uv": [21, 75], "uv_size": [0, 1]},
								"south": {"uv": [96, 0], "uv_size": [1, 1]},
								"west": {"uv": [32, 75], "uv_size": [0, 1]},
								"up": {"uv": [85, 79], "uv_size": [1, 0]},
								"down": {"uv": [91, 5], "uv_size": [1, 0]}
							}
						}
					]
				},
				{
					"name": "Zui6",
					"parent": "Mouth",
					"pivot": [0.125, 26.2, -1.35],
					"cubes": [
						{
							"origin": [-0.175, 26.175, -1.35],
							"size": [0.4, 0.15, 0],
							"pivot": [0.125, 26.25, -1.35],
							"rotation": [0, 0, -37.5],
							"uv": {
								"north": {"uv": [2, 96], "uv_size": [1, 1]},
								"east": {"uv": [3, 76], "uv_size": [0, 1]},
								"south": {"uv": [96, 2], "uv_size": [1, 1]},
								"west": {"uv": [43, 77], "uv_size": [0, 1]},
								"up": {"uv": [93, 57], "uv_size": [1, 0]},
								"down": {"uv": [98, 33], "uv_size": [1, 0]}
							}
						},
						{
							"origin": [-0.425, 26.475, -1.35],
							"size": [0.4, 0.15, 0],
							"pivot": [0.15, 26.25, -1.35],
							"rotation": [0, 0, -37.5],
							"uv": {
								"north": {"uv": [4, 96], "uv_size": [1, 1]},
								"east": {"uv": [3, 78], "uv_size": [0, 1]},
								"south": {"uv": [6, 96], "uv_size": [1, 1]},
								"west": {"uv": [20, 78], "uv_size": [0, 1]},
								"up": {"uv": [98, 40], "uv_size": [1, 0]},
								"down": {"uv": [99, 14], "uv_size": [1, 0]}
							}
						},
						{
							"origin": [-0.175, 25.95, -1.35],
							"size": [0.35, 0.15, 0],
							"pivot": [0.125, 26.25, -1.35],
							"rotation": [0, 0, 50],
							"uv": {
								"north": {"uv": [96, 7], "uv_size": [1, 1]},
								"east": {"uv": [43, 79], "uv_size": [0, 1]},
								"south": {"uv": [96, 9], "uv_size": [1, 1]},
								"west": {"uv": [68, 79], "uv_size": [0, 1]},
								"up": {"uv": [99, 29], "uv_size": [1, 0]},
								"down": {"uv": [30, 99], "uv_size": [1, 0]}
							}
						},
						{
							"origin": [-0.9603, 26.19994, -1.35],
							"size": [0.4, 0.15, 0],
							"pivot": [-0.7353, 26.32494, -1.3],
							"rotation": [0, 0, -42],
							"uv": {
								"north": {"uv": [96, 11], "uv_size": [1, 1]},
								"east": {"uv": [13, 80], "uv_size": [0, 1]},
								"south": {"uv": [12, 96], "uv_size": [1, 1]},
								"west": {"uv": [24, 80], "uv_size": [0, 1]},
								"up": {"uv": [99, 30], "uv_size": [1, 0]},
								"down": {"uv": [32, 99], "uv_size": [1, 0]}
							}
						},
						{
							"origin": [-0.65, 25.975, -1.35],
							"size": [0.4, 0.15, 0],
							"pivot": [-0.275, 26.25, -1.35],
							"rotation": [0, 0, 50],
							"uv": {
								"north": {"uv": [96, 15], "uv_size": [1, 1]},
								"east": {"uv": [63, 80], "uv_size": [0, 1]},
								"south": {"uv": [16, 96], "uv_size": [1, 1]},
								"west": {"uv": [52, 81], "uv_size": [0, 1]},
								"up": {"uv": [34, 99], "uv_size": [1, 0]},
								"down": {"uv": [99, 34], "uv_size": [1, 0]}
							}
						},
						{
							"origin": [0.5603, 26.19994, -1.35],
							"size": [0.4, 0.15, 0],
							"pivot": [0.7353, 26.32494, -1.3],
							"rotation": [0, 0, 42],
							"uv": {
								"north": {"uv": [18, 96], "uv_size": [1, 1]},
								"east": {"uv": [59, 81], "uv_size": [0, 1]},
								"south": {"uv": [96, 19], "uv_size": [1, 1]},
								"west": {"uv": [8, 82], "uv_size": [0, 1]},
								"up": {"uv": [99, 35], "uv_size": [1, 0]},
								"down": {"uv": [38, 99], "uv_size": [1, 0]}
							}
						},
						{
							"origin": [0.25, 25.975, -1.35],
							"size": [0.4, 0.15, 0],
							"pivot": [0.275, 26.25, -1.35],
							"rotation": [0, 0, -50],
							"uv": {
								"north": {"uv": [96, 21], "uv_size": [1, 1]},
								"east": {"uv": [13, 82], "uv_size": [0, 1]},
								"south": {"uv": [96, 23], "uv_size": [1, 1]},
								"west": {"uv": [24, 82], "uv_size": [0, 1]},
								"up": {"uv": [40, 99], "uv_size": [1, 0]},
								"down": {"uv": [99, 41], "uv_size": [1, 0]}
							}
						},
						{
							"origin": [0.025, 26.475, -1.35],
							"size": [0.4, 0.15, 0],
							"pivot": [-0.15, 26.25, -1.35],
							"rotation": [0, 0, 37.5],
							"uv": {
								"north": {"uv": [96, 32], "uv_size": [1, 1]},
								"east": {"uv": [63, 82], "uv_size": [0, 1]},
								"south": {"uv": [36, 96], "uv_size": [1, 1]},
								"west": {"uv": [52, 83], "uv_size": [0, 1]},
								"up": {"uv": [99, 42], "uv_size": [1, 0]},
								"down": {"uv": [44, 99], "uv_size": [1, 0]}
							}
						}
					]
				},
				{
					"name": "Zui7",
					"parent": "Mouth",
					"pivot": [0, 26.2, -2.35],
					"cubes": [
						{
							"origin": [-0.0625, 26.03912, -2.35],
							"size": [0.125, 0.125, 0],
							"uv": {
								"north": {"uv": [96, 37], "uv_size": [1, 1]},
								"east": {"uv": [8, 84], "uv_size": [0, 1]},
								"south": {"uv": [96, 39], "uv_size": [1, 1]},
								"west": {"uv": [23, 86], "uv_size": [0, 1]},
								"up": {"uv": [46, 99], "uv_size": [1, 0]},
								"down": {"uv": [48, 99], "uv_size": [1, 0]}
							}
						},
						{
							"origin": [-0.25173, 26.06738, -2.35],
							"size": [0.25, 0.125, 0],
							"pivot": [-0.07673, 26.14238, -2.35],
							"rotation": [0, 0, 32],
							"uv": {
								"north": {"uv": [43, 96], "uv_size": [1, 1]},
								"east": {"uv": [86, 56], "uv_size": [0, 1]},
								"south": {"uv": [96, 43], "uv_size": [1, 1]},
								"west": {"uv": [58, 86], "uv_size": [0, 1]},
								"up": {"uv": [50, 99], "uv_size": [1, 0]},
								"down": {"uv": [52, 99], "uv_size": [1, 0]}
							}
						},
						{
							"origin": [0.00173, 26.06738, -2.35],
							"size": [0.25, 0.125, 0],
							"pivot": [0.07673, 26.14238, -2.35],
							"rotation": [0, 0, -32],
							"uv": {
								"north": {"uv": [96, 45], "uv_size": [1, 1]},
								"east": {"uv": [86, 69], "uv_size": [0, 1]},
								"south": {"uv": [96, 47], "uv_size": [1, 1]},
								"west": {"uv": [65, 87], "uv_size": [0, 1]},
								"up": {"uv": [99, 53], "uv_size": [1, 0]},
								"down": {"uv": [54, 99], "uv_size": [1, 0]}
							}
						}
					]
				},
				{
					"name": "Zui8",
					"parent": "Mouth",
					"pivot": [0.125, 27.2, -2.35],
					"cubes": [
						{
							"origin": [-0.175, 26.975, -2.35],
							"size": [0.4, 0.35, 0],
							"pivot": [0.125, 27.25, -2.35],
							"rotation": [0, 0, -37.5],
							"uv": {
								"north": {"uv": [96, 49], "uv_size": [1, 1]},
								"east": {"uv": [70, 87], "uv_size": [0, 1]},
								"south": {"uv": [96, 51], "uv_size": [1, 1]},
								"west": {"uv": [18, 88], "uv_size": [0, 1]},
								"up": {"uv": [99, 54], "uv_size": [1, 0]},
								"down": {"uv": [99, 55], "uv_size": [1, 0]}
							}
						},
						{
							"origin": [-0.425, 27.1, -2.35],
							"size": [0.4, 0.525, 0],
							"pivot": [0.15, 27.25, -2.35],
							"rotation": [0, 0, -37.5],
							"uv": {
								"north": {"uv": [57, 96], "uv_size": [1, 1]},
								"east": {"uv": [37, 88], "uv_size": [0, 1]},
								"south": {"uv": [59, 96], "uv_size": [1, 1]},
								"west": {"uv": [62, 88], "uv_size": [0, 1]},
								"up": {"uv": [99, 56], "uv_size": [1, 0]},
								"down": {"uv": [99, 57], "uv_size": [1, 0]}
							}
						},
						{
							"origin": [-0.175, 26.95, -2.35],
							"size": [0.35, 0.15, 0],
							"pivot": [0.125, 27.25, -2.35],
							"rotation": [0, 0, 50],
							"uv": {
								"north": {"uv": [61, 96], "uv_size": [1, 1]},
								"east": {"uv": [67, 89], "uv_size": [0, 1]},
								"south": {"uv": [66, 96], "uv_size": [1, 1]},
								"west": {"uv": [76, 89], "uv_size": [0, 1]},
								"up": {"uv": [99, 58], "uv_size": [1, 0]},
								"down": {"uv": [99, 59], "uv_size": [1, 0]}
							}
						},
						{
							"origin": [-0.9603, 26.97494, -2.35],
							"size": [0.4, 0.375, 0],
							"pivot": [-0.7353, 27.32494, -2.3],
							"rotation": [0, 0, -42],
							"uv": {
								"north": {"uv": [96, 73], "uv_size": [1, 1]},
								"east": {"uv": [22, 90], "uv_size": [0, 1]},
								"south": {"uv": [74, 96], "uv_size": [1, 1]},
								"west": {"uv": [39, 90], "uv_size": [0, 1]},
								"up": {"uv": [99, 60], "uv_size": [1, 0]},
								"down": {"uv": [99, 61], "uv_size": [1, 0]}
							}
						},
						{
							"origin": [-1.6103, 26.39994, -2.35],
							"size": [0.7, 1.075, 0],
							"pivot": [-0.7353, 27.32494, -2.3],
							"rotation": [0, 0, -77],
							"uv": {
								"north": {"uv": [96, 75], "uv_size": [1, 1]},
								"east": {"uv": [24, 92], "uv_size": [0, 1]},
								"south": {"uv": [76, 96], "uv_size": [1, 1]},
								"west": {"uv": [41, 92], "uv_size": [0, 1]},
								"up": {"uv": [99, 62], "uv_size": [1, 0]},
								"down": {"uv": [63, 99], "uv_size": [1, 0]}
							}
						},
						{
							"origin": [0.9103, 26.34994, -2.35],
							"size": [0.7, 1.125, 0],
							"pivot": [0.7353, 27.32494, -2.3],
							"rotation": [0, 0, 77],
							"uv": {
								"north": {"uv": [96, 77], "uv_size": [1, 1]},
								"east": {"uv": [49, 92], "uv_size": [0, 1]},
								"south": {"uv": [81, 96], "uv_size": [1, 1]},
								"west": {"uv": [66, 92], "uv_size": [0, 1]},
								"up": {"uv": [99, 63], "uv_size": [1, 0]},
								"down": {"uv": [99, 64], "uv_size": [1, 0]}
							}
						},
						{
							"origin": [1.6103, 27.09994, -2.35],
							"size": [0.2, 0.375, 0],
							"pivot": [0.7353, 27.32494, -2.3],
							"rotation": [0, 0, 77],
							"uv": {
								"north": {"uv": [83, 96], "uv_size": [1, 1]},
								"east": {"uv": [14, 93], "uv_size": [0, 1]},
								"south": {"uv": [85, 96], "uv_size": [1, 1]},
								"west": {"uv": [21, 93], "uv_size": [0, 1]},
								"up": {"uv": [99, 65], "uv_size": [1, 0]},
								"down": {"uv": [99, 66], "uv_size": [1, 0]}
							}
						},
						{
							"origin": [1.6103, 26.72494, -2.35],
							"size": [0.1, 0.375, 0],
							"pivot": [0.7353, 27.32494, -2.3],
							"rotation": [0, 0, 77],
							"uv": {
								"north": {"uv": [89, 96], "uv_size": [1, 1]},
								"east": {"uv": [46, 93], "uv_size": [0, 1]},
								"south": {"uv": [91, 96], "uv_size": [1, 1]},
								"west": {"uv": [36, 94], "uv_size": [0, 1]},
								"up": {"uv": [67, 99], "uv_size": [1, 0]},
								"down": {"uv": [99, 67], "uv_size": [1, 0]}
							}
						},
						{
							"origin": [1.6103, 26.62494, -2.35],
							"size": [0.1, 0.175, 0],
							"pivot": [0.7353, 27.32494, -2.3],
							"rotation": [0, 0, 77],
							"uv": {
								"north": {"uv": [93, 96], "uv_size": [1, 1]},
								"east": {"uv": [43, 94], "uv_size": [0, 1]},
								"south": {"uv": [95, 96], "uv_size": [1, 1]},
								"west": {"uv": [23, 95], "uv_size": [0, 1]},
								"up": {"uv": [99, 68], "uv_size": [1, 0]},
								"down": {"uv": [69, 99], "uv_size": [1, 0]}
							}
						},
						{
							"origin": [-1.7103, 26.62494, -2.35],
							"size": [0.1, 0.175, 0],
							"pivot": [-0.7353, 27.32494, -2.3],
							"rotation": [0, 0, -77],
							"uv": {
								"north": {"uv": [97, 4], "uv_size": [1, 1]},
								"east": {"uv": [48, 95], "uv_size": [0, 1]},
								"south": {"uv": [8, 97], "uv_size": [1, 1]},
								"west": {"uv": [86, 98], "uv_size": [0, 1]},
								"up": {"uv": [99, 69], "uv_size": [1, 0]},
								"down": {"uv": [99, 70], "uv_size": [1, 0]}
							}
						},
						{
							"origin": [-1.7353, 26.77494, -2.35],
							"size": [0.125, 0.325, 0],
							"pivot": [-0.7353, 27.32494, -2.3],
							"rotation": [0, 0, -77],
							"uv": {
								"north": {"uv": [10, 97], "uv_size": [1, 1]},
								"east": {"uv": [56, 99], "uv_size": [0, 1]},
								"south": {"uv": [97, 13], "uv_size": [1, 1]},
								"west": {"uv": [71, 99], "uv_size": [0, 1]},
								"up": {"uv": [99, 71], "uv_size": [1, 0]},
								"down": {"uv": [72, 99], "uv_size": [1, 0]}
							}
						},
						{
							"origin": [-1.8103, 27.09994, -2.35],
							"size": [0.2, 0.375, 0],
							"pivot": [-0.7353, 27.32494, -2.3],
							"rotation": [0, 0, -77],
							"uv": {
								"north": {"uv": [14, 97], "uv_size": [1, 1]},
								"east": {"uv": [78, 99], "uv_size": [0, 1]},
								"south": {"uv": [97, 17], "uv_size": [1, 1]},
								"west": {"uv": [79, 99], "uv_size": [0, 1]},
								"up": {"uv": [99, 72], "uv_size": [1, 0]},
								"down": {"uv": [99, 79], "uv_size": [1, 0]}
							}
						},
						{
							"origin": [1.7353, 25.44994, -2.35],
							"size": [0.1, 2.25, 0],
							"pivot": [0.7353, 27.32494, -2.3],
							"rotation": [0, 0, 89.5],
							"uv": {
								"north": {"uv": [79, 89], "uv_size": [1, 2]},
								"east": {"uv": [99, 80], "uv_size": [0, 2]},
								"south": {"uv": [89, 82], "uv_size": [1, 2]},
								"west": {"uv": [99, 83], "uv_size": [0, 2]},
								"up": {"uv": [99, 86], "uv_size": [1, 0]},
								"down": {"uv": [87, 99], "uv_size": [1, 0]}
							}
						},
						{
							"origin": [-0.65, 26.975, -2.35],
							"size": [0.4, 0.15, 0],
							"pivot": [-0.275, 27.25, -2.35],
							"rotation": [0, 0, 50],
							"uv": {
								"north": {"uv": [20, 97], "uv_size": [1, 1]},
								"east": {"uv": [99, 87], "uv_size": [0, 1]},
								"south": {"uv": [22, 97], "uv_size": [1, 1]},
								"west": {"uv": [99, 89], "uv_size": [0, 1]},
								"up": {"uv": [99, 91], "uv_size": [1, 0]},
								"down": {"uv": [99, 92], "uv_size": [1, 0]}
							}
						},
						{
							"origin": [0.5603, 26.99994, -2.35],
							"size": [0.4, 0.35, 0],
							"pivot": [0.7353, 27.32494, -2.3],
							"rotation": [0, 0, 42],
							"uv": {
								"north": {"uv": [24, 97], "uv_size": [1, 1]},
								"east": {"uv": [99, 93], "uv_size": [0, 1]},
								"south": {"uv": [97, 25], "uv_size": [1, 1]},
								"west": {"uv": [99, 95], "uv_size": [0, 1]},
								"up": {"uv": [97, 99], "uv_size": [1, 0]},
								"down": {"uv": [99, 97], "uv_size": [1, 0]}
							}
						},
						{
							"origin": [0.25, 26.975, -2.35],
							"size": [0.4, 0.15, 0],
							"pivot": [0.275, 27.25, -2.35],
							"rotation": [0, 0, -50],
							"uv": {
								"north": {"uv": [26, 97], "uv_size": [1, 1]},
								"east": {"uv": [99, 98], "uv_size": [0, 1]},
								"south": {"uv": [97, 27], "uv_size": [1, 1]},
								"west": {"uv": [0, 100], "uv_size": [0, 1]},
								"up": {"uv": [100, 0], "uv_size": [1, 0]},
								"down": {"uv": [1, 100], "uv_size": [1, 0]}
							}
						},
						{
							"origin": [0.025, 27.25, -2.35],
							"size": [0.4, 0.375, 0],
							"pivot": [-0.15, 27.25, -2.35],
							"rotation": [0, 0, 37.5],
							"uv": {
								"north": {"uv": [28, 97], "uv_size": [1, 1]},
								"east": {"uv": [100, 1], "uv_size": [0, 1]},
								"south": {"uv": [97, 29], "uv_size": [1, 1]},
								"west": {"uv": [3, 100], "uv_size": [0, 1]},
								"up": {"uv": [100, 3], "uv_size": [1, 0]},
								"down": {"uv": [4, 100], "uv_size": [1, 0]}
							}
						}
					]
				},
				{
					"name": "Eyes",
					"parent": "Face",
					"pivot": [0, 27.7, 0.25]
				},
				{
					"name": "Eyebrow",
					"parent": "Eyes",
					"pivot": [0, 28.7, 0.25]
				},
				{
					"name": "LeftEyebrow",
					"parent": "Eyebrow",
					"pivot": [2.375, 28.9, -3.375],
					"cubes": [
						{
							"origin": [1.125, 28.4, -3.375],
							"size": [2.5, 1, 0],
							"uv": {
								"north": {"uv": [86, 22], "uv_size": [3, 1]},
								"east": {"uv": [39, 14], "uv_size": [0, 1]},
								"south": {"uv": [86, 24], "uv_size": [3, 1]},
								"west": {"uv": [22, 39], "uv_size": [0, 1]},
								"up": {"uv": [71, 4], "uv_size": [3, 0]},
								"down": {"uv": [76, 22], "uv_size": [3, 0]}
							}
						},
						{
							"origin": [3.375, 27.9, -3.4],
							"size": [1, 1, 0],
							"uv": {
								"north": {"uv": [95, 57], "uv_size": [1, 1]},
								"east": {"uv": [22, 41], "uv_size": [0, 1]},
								"south": {"uv": [95, 59], "uv_size": [1, 1]},
								"west": {"uv": [22, 43], "uv_size": [0, 1]},
								"up": {"uv": [36, 60], "uv_size": [1, 0]},
								"down": {"uv": [63, 39], "uv_size": [1, 0]}
							}
						}
					]
				},
				{
					"name": "RightEyebrow",
					"parent": "Eyebrow",
					"pivot": [-2.375, 28.9, -3.375],
					"cubes": [
						{
							"origin": [-3.625, 28.4, -3.375],
							"size": [2.5, 1, 0],
							"uv": {
								"north": {"uv": [28, 36], "uv_size": [3, 1]},
								"east": {"uv": [23, 18], "uv_size": [0, 1]},
								"south": {"uv": [85, 42], "uv_size": [3, 1]},
								"west": {"uv": [23, 20], "uv_size": [0, 1]},
								"up": {"uv": [32, 8], "uv_size": [3, 0]},
								"down": {"uv": [67, 65], "uv_size": [3, 0]}
							}
						},
						{
							"origin": [-4.375, 27.9, -3.4],
							"size": [1, 1, 0],
							"uv": {
								"north": {"uv": [94, 15], "uv_size": [1, 1]},
								"east": {"uv": [23, 31], "uv_size": [0, 1]},
								"south": {"uv": [58, 94], "uv_size": [1, 1]},
								"west": {"uv": [23, 33], "uv_size": [0, 1]},
								"up": {"uv": [36, 8], "uv_size": [1, 0]},
								"down": {"uv": [5, 45], "uv_size": [1, 0]}
							}
						}
					]
				},
				{
					"name": "Eyelid",
					"parent": "Eyes",
					"pivot": [0, 27.7, 0.25]
				},
				{
					"name": "LeftEyelid",
					"parent": "Eyelid",
					"pivot": [2, 27, 0],
					"cubes": [
						{
							"origin": [1.375, 26.5, -3.275],
							"size": [2, 2, 1],
							"uv": {
								"north": {"uv": [46, 81], "uv_size": [2, 2]},
								"east": {"uv": [72, 89], "uv_size": [1, 2]},
								"south": {"uv": [49, 81], "uv_size": [2, 2]},
								"west": {"uv": [74, 89], "uv_size": [1, 2]},
								"up": {"uv": [89, 74], "uv_size": [2, 1]},
								"down": {"uv": [89, 77], "uv_size": [2, -1]}
							}
						}
					]
				},
				{
					"name": "LeftEyesBase",
					"parent": "LeftEyelid",
					"pivot": [2.25, 27.5, -2.8],
					"cubes": [
						{
							"origin": [1.525, 26.5, -3.3],
							"size": [1.45, 2, 1],
							"uv": {
								"north": {"uv": [89, 65], "uv_size": [1, 2]},
								"east": {"uv": [89, 68], "uv_size": [1, 2]},
								"south": {"uv": [70, 89], "uv_size": [1, 2]},
								"west": {"uv": [89, 71], "uv_size": [1, 2]},
								"up": {"uv": [39, 95], "uv_size": [1, 1]},
								"down": {"uv": [95, 42], "uv_size": [1, -1]}
							}
						}
					]
				},
				{
					"name": "LeftDot",
					"parent": "LeftEyesBase",
					"pivot": [2.75, 28.15, -2.85],
					"cubes": [
						{
							"origin": [2.5, 28.025, -3.35],
							"size": [0.5, 0.25, 1],
							"uv": {
								"north": {"uv": [46, 95], "uv_size": [1, 1]},
								"east": {"uv": [51, 95], "uv_size": [1, 1]},
								"south": {"uv": [53, 95], "uv_size": [1, 1]},
								"west": {"uv": [95, 53], "uv_size": [1, 1]},
								"up": {"uv": [55, 95], "uv_size": [1, 1]},
								"down": {"uv": [95, 56], "uv_size": [1, -1]}
							}
						}
					]
				},
				{
					"name": "LeftPupil",
					"parent": "LeftEyesBase",
					"pivot": [2.25, 27.5, -2.8125],
					"cubes": [
						{
							"origin": [1.925, 27, -3.325],
							"size": [0.65, 1, 1.025],
							"uv": {
								"north": {"uv": [95, 61], "uv_size": [1, 1]},
								"east": {"uv": [95, 63], "uv_size": [1, 1]},
								"south": {"uv": [64, 95], "uv_size": [1, 1]},
								"west": {"uv": [95, 65], "uv_size": [1, 1]},
								"up": {"uv": [95, 67], "uv_size": [1, 1]},
								"down": {"uv": [68, 96], "uv_size": [1, -1]}
							}
						}
					]
				},
				{
					"name": "RightEyelid",
					"parent": "Eyelid",
					"pivot": [-2, 27, 0],
					"cubes": [
						{
							"origin": [-3.375, 26.5, -3.275],
							"size": [2, 2, 1],
							"uv": {
								"north": {"uv": [29, 80], "uv_size": [2, 2]},
								"east": {"uv": [25, 88], "uv_size": [1, 2]},
								"south": {"uv": [60, 80], "uv_size": [2, 2]},
								"west": {"uv": [88, 26], "uv_size": [1, 2]},
								"up": {"uv": [87, 60], "uv_size": [2, 1]},
								"down": {"uv": [88, 5], "uv_size": [2, -1]}
							}
						}
					]
				},
				{
					"name": "RightEyesBase",
					"parent": "RightEyelid",
					"pivot": [-2.25, 27.5, -2.8],
					"cubes": [
						{
							"origin": [-2, 28.025, -3.35],
							"size": [0.5, 0.25, 1],
							"uv": {
								"north": {"uv": [16, 73], "uv_size": [1, 1]},
								"east": {"uv": [73, 63], "uv_size": [1, 1]},
								"south": {"uv": [10, 75], "uv_size": [1, 1]},
								"west": {"uv": [93, 72], "uv_size": [1, 1]},
								"up": {"uv": [94, 3], "uv_size": [1, 1]},
								"down": {"uv": [94, 12], "uv_size": [1, -1]}
							}
						}
					]
				},
				{
					"name": "RightDot",
					"parent": "RightEyesBase",
					"pivot": [-2.25, 27.5, -2.8],
					"cubes": [
						{
							"origin": [-2.975, 26.5, -3.3],
							"size": [1.45, 2, 1],
							"uv": {
								"north": {"uv": [38, 45], "uv_size": [1, 2]},
								"east": {"uv": [65, 12], "uv_size": [1, 2]},
								"south": {"uv": [44, 73], "uv_size": [1, 2]},
								"west": {"uv": [87, 64], "uv_size": [1, 2]},
								"up": {"uv": [46, 67], "uv_size": [1, 1]},
								"down": {"uv": [71, 34], "uv_size": [1, -1]}
							}
						}
					]
				},
				{
					"name": "RightPupil",
					"parent": "RightEyesBase",
					"pivot": [-2.25, 27.5, -2.8125],
					"cubes": [
						{
							"origin": [-2.575, 27, -3.325],
							"size": [0.65, 1, 1.025],
							"uv": {
								"north": {"uv": [95, 69], "uv_size": [1, 1]},
								"east": {"uv": [70, 95], "uv_size": [1, 1]},
								"south": {"uv": [95, 71], "uv_size": [1, 1]},
								"west": {"uv": [72, 95], "uv_size": [1, 1]},
								"up": {"uv": [79, 95], "uv_size": [1, 1]},
								"down": {"uv": [95, 81], "uv_size": [1, -1]}
							}
						}
					]
				},
				{
					"name": "Hair",
					"parent": "Head",
					"pivot": [0, 33, 3.75],
					"cubes": [
						{
							"origin": [-3, 33, -3.25],
							"size": [6, 1, 7],
							"uv": {
								"north": {"uv": [77, 36], "uv_size": [6, 1]},
								"east": {"uv": [65, 53], "uv_size": [7, 1]},
								"south": {"uv": [77, 38], "uv_size": [6, 1]},
								"west": {"uv": [75, 69], "uv_size": [7, 1]},
								"up": {"uv": [16, 31], "uv_size": [6, 7]},
								"down": {"uv": [32, 7], "uv_size": [6, -7]}
							}
						},
						{
							"origin": [-2.5, 33.5, -2.75],
							"size": [5, 1, 2],
							"uv": {
								"north": {"uv": [79, 16], "uv_size": [5, 1]},
								"east": {"uv": [89, 48], "uv_size": [2, 1]},
								"south": {"uv": [79, 18], "uv_size": [5, 1]},
								"west": {"uv": [50, 89], "uv_size": [2, 1]},
								"up": {"uv": [67, 35], "uv_size": [5, 2]},
								"down": {"uv": [40, 69], "uv_size": [5, -2]}
							}
						},
						{
							"origin": [-2.5, 33.5, 5.75],
							"size": [5, 1, 2],
							"pivot": [0, 32.5, 4.5],
							"rotation": [0, 180, 0],
							"uv": {
								"north": {"uv": [80, 24], "uv_size": [5, 1]},
								"east": {"uv": [89, 50], "uv_size": [2, 1]},
								"south": {"uv": [80, 26], "uv_size": [5, 1]},
								"west": {"uv": [89, 58], "uv_size": [2, 1]},
								"up": {"uv": [68, 44], "uv_size": [5, 2]},
								"down": {"uv": [68, 49], "uv_size": [5, -2]}
							}
						},
						{
							"origin": [-2.5, 31.5, -3.75],
							"size": [5, 2, 1],
							"uv": {
								"north": {"uv": [68, 38], "uv_size": [5, 2]},
								"east": {"uv": [89, 62], "uv_size": [1, 2]},
								"south": {"uv": [68, 41], "uv_size": [5, 2]},
								"west": {"uv": [65, 89], "uv_size": [1, 2]},
								"up": {"uv": [3, 80], "uv_size": [5, 1]},
								"down": {"uv": [80, 23], "uv_size": [5, -1]}
							}
						},
						{
							"origin": [3, 29.5, -2.25],
							"size": [1, 4.75, 5],
							"pivot": [3, 34, -4],
							"rotation": [0, 0, -5],
							"uv": {
								"north": {"uv": [32, 78], "uv_size": [1, 5]},
								"east": {"uv": [5, 46], "uv_size": [5, 5]},
								"south": {"uv": [34, 78], "uv_size": [1, 5]},
								"west": {"uv": [46, 8], "uv_size": [5, 5]},
								"up": {"uv": [36, 79], "uv_size": [1, 5]},
								"down": {"uv": [38, 84], "uv_size": [1, -5]}
							}
						},
						{
							"origin": [-4, 29.5, -2.25],
							"size": [1, 4.75, 5],
							"pivot": [-3, 33, -4],
							"rotation": [0, 0, 5],
							"uv": {
								"north": {"uv": [79, 52], "uv_size": [1, 5]},
								"east": {"uv": [11, 46], "uv_size": [5, 5]},
								"south": {"uv": [53, 79], "uv_size": [1, 5]},
								"west": {"uv": [17, 46], "uv_size": [5, 5]},
								"up": {"uv": [55, 79], "uv_size": [1, 5]},
								"down": {"uv": [66, 84], "uv_size": [1, -5]}
							}
						},
						{
							"origin": [-3.5, 31, -3.15],
							"size": [2, 3, 2],
							"pivot": [-3.5, 33.5, -4],
							"rotation": [0, 0, 15],
							"uv": {
								"north": {"uv": [57, 10], "uv_size": [2, 3]},
								"east": {"uv": [60, 15], "uv_size": [2, 3]},
								"south": {"uv": [40, 77], "uv_size": [2, 3]},
								"west": {"uv": [77, 40], "uv_size": [2, 3]},
								"up": {"uv": [81, 8], "uv_size": [2, 2]},
								"down": {"uv": [81, 13], "uv_size": [2, -2]}
							}
						},
						{
							"origin": [-3.2302, 30.91138, -3.7],
							"size": [1.75, 1.75, 1],
							"pivot": [-0.12081, 31.54885, -2.95],
							"rotation": [-5.96737, 0.62604, 5.96737],
							"uv": {
								"north": {"uv": [84, 11], "uv_size": [2, 2]},
								"east": {"uv": [91, 68], "uv_size": [1, 2]},
								"south": {"uv": [13, 84], "uv_size": [2, 2]},
								"west": {"uv": [91, 71], "uv_size": [1, 2]},
								"up": {"uv": [91, 46], "uv_size": [2, 1]},
								"down": {"uv": [76, 92], "uv_size": [2, -1]}
							}
						},
						{
							"origin": [1.5, 31, -3.15],
							"size": [2, 3, 2],
							"pivot": [3.5, 33.5, -4],
							"rotation": [0, 0, -15],
							"uv": {
								"north": {"uv": [77, 44], "uv_size": [2, 3]},
								"east": {"uv": [77, 48], "uv_size": [2, 3]},
								"south": {"uv": [57, 77], "uv_size": [2, 3]},
								"west": {"uv": [77, 59], "uv_size": [2, 3]},
								"up": {"uv": [40, 81], "uv_size": [2, 2]},
								"down": {"uv": [43, 83], "uv_size": [2, -2]}
							}
						},
						{
							"origin": [-3, 33.75, -1.25],
							"size": [1, 1, 3],
							"uv": {
								"north": {"uv": [28, 95], "uv_size": [1, 1]},
								"east": {"uv": [85, 62], "uv_size": [3, 1]},
								"south": {"uv": [95, 28], "uv_size": [1, 1]},
								"west": {"uv": [85, 67], "uv_size": [3, 1]},
								"up": {"uv": [85, 75], "uv_size": [1, 3]},
								"down": {"uv": [79, 88], "uv_size": [1, -3]}
							}
						},
						{
							"origin": [2, 33.75, -1.25],
							"size": [1, 1, 3],
							"uv": {
								"north": {"uv": [95, 30], "uv_size": [1, 1]},
								"east": {"uv": [86, 6], "uv_size": [3, 1]},
								"south": {"uv": [95, 35], "uv_size": [1, 1]},
								"west": {"uv": [8, 86], "uv_size": [3, 1]},
								"up": {"uv": [0, 86], "uv_size": [1, 3]},
								"down": {"uv": [19, 89], "uv_size": [1, -3]}
							}
						},
						{
							"origin": [-3.54564, 29.7147, -3.92568],
							"size": [1, 1, 2],
							"pivot": [-3.14564, 30.1147, -2.92568],
							"rotation": [-5.44139, 2.5319, 24.87966],
							"uv": {
								"north": {"uv": [95, 13], "uv_size": [1, 1]},
								"east": {"uv": [89, 11], "uv_size": [2, 1]},
								"south": {"uv": [14, 95], "uv_size": [1, 1]},
								"west": {"uv": [89, 13], "uv_size": [2, 1]},
								"up": {"uv": [89, 15], "uv_size": [1, 2]},
								"down": {"uv": [89, 20], "uv_size": [1, -2]}
							}
						},
						{
							"origin": [1.737, 29.3944, -3.91596],
							"size": [1, 3, 2],
							"pivot": [2.337, 30.8944, -2.91596],
							"rotation": [-5.79697, -1.55027, -14.9215],
							"uv": {
								"north": {"uv": [87, 48], "uv_size": [1, 3]},
								"east": {"uv": [78, 6], "uv_size": [2, 3]},
								"south": {"uv": [87, 56], "uv_size": [1, 3]},
								"west": {"uv": [78, 10], "uv_size": [2, 3]},
								"up": {"uv": [92, 10], "uv_size": [1, 2]},
								"down": {"uv": [15, 94], "uv_size": [1, -2]}
							}
						},
						{
							"origin": [2.10307, 29.28708, -3.45],
							"size": [1, 2, 2],
							"pivot": [-0.12081, 31.04885, -2.95],
							"rotation": [-5.54624, -2.29252, -22.38894],
							"uv": {
								"north": {"uv": [91, 91], "uv_size": [1, 2]},
								"east": {"uv": [32, 84], "uv_size": [2, 2]},
								"south": {"uv": [92, 0], "uv_size": [1, 2]},
								"west": {"uv": [84, 36], "uv_size": [2, 2]},
								"up": {"uv": [8, 92], "uv_size": [1, 2]},
								"down": {"uv": [10, 94], "uv_size": [1, -2]}
							}
						},
						{
							"origin": [-0.5, 30, -4.5],
							"size": [1, 3, 1],
							"pivot": [0, 30.5696, -3.97916],
							"rotation": [-7.5, 0, 0],
							"uv": {
								"north": {"uv": [85, 48], "uv_size": [1, 3]},
								"east": {"uv": [52, 85], "uv_size": [1, 3]},
								"south": {"uv": [54, 85], "uv_size": [1, 3]},
								"west": {"uv": [85, 58], "uv_size": [1, 3]},
								"up": {"uv": [8, 95], "uv_size": [1, 1]},
								"down": {"uv": [10, 96], "uv_size": [1, -1]}
							}
						},
						{
							"origin": [-0.59131, 29.14268, -4.53934],
							"size": [1, 1, 1],
							"pivot": [0, 30.5696, -3.97916],
							"rotation": [-2.38733, -1.29876, -9.91615],
							"uv": {
								"north": {"uv": [97, 83], "uv_size": [1, 1]},
								"east": {"uv": [97, 85], "uv_size": [1, 1]},
								"south": {"uv": [87, 97], "uv_size": [1, 1]},
								"west": {"uv": [97, 87], "uv_size": [1, 1]},
								"up": {"uv": [97, 89], "uv_size": [1, 1]},
								"down": {"uv": [97, 92], "uv_size": [1, -1]}
							}
						},
						{
							"origin": [0.32808, 30.01807, -4.475],
							"size": [1, 2.75, 1],
							"pivot": [0, 30.5696, -3.97916],
							"rotation": [-7.49294, 0.32621, 2.47864],
							"uv": {
								"north": {"uv": [87, 8], "uv_size": [1, 3]},
								"east": {"uv": [12, 87], "uv_size": [1, 3]},
								"south": {"uv": [87, 12], "uv_size": [1, 3]},
								"west": {"uv": [14, 87], "uv_size": [1, 3]},
								"up": {"uv": [68, 97], "uv_size": [1, 1]},
								"down": {"uv": [97, 70], "uv_size": [1, -1]}
							}
						},
						{
							"origin": [0.91192, 29.58082, -3.925],
							"size": [1, 3, 1],
							"pivot": [-0.12081, 31.04885, -2.95],
							"rotation": [-5.98889, 0.36562, 3.48087],
							"uv": {
								"north": {"uv": [63, 87], "uv_size": [1, 3]},
								"east": {"uv": [68, 87], "uv_size": [1, 3]},
								"south": {"uv": [87, 69], "uv_size": [1, 3]},
								"west": {"uv": [87, 73], "uv_size": [1, 3]},
								"up": {"uv": [97, 93], "uv_size": [1, 1]},
								"down": {"uv": [97, 96], "uv_size": [1, -1]}
							}
						},
						{
							"origin": [-1.32808, 30.01807, -4.475],
							"size": [1, 2.75, 1],
							"pivot": [0, 30.5696, -3.97916],
							"rotation": [-7.49294, -0.32621, -2.47864],
							"uv": {
								"north": {"uv": [87, 16], "uv_size": [1, 3]},
								"east": {"uv": [31, 87], "uv_size": [1, 3]},
								"south": {"uv": [33, 87], "uv_size": [1, 3]},
								"west": {"uv": [87, 35], "uv_size": [1, 3]},
								"up": {"uv": [70, 97], "uv_size": [1, 1]},
								"down": {"uv": [97, 72], "uv_size": [1, -1]}
							}
						},
						{
							"origin": [-2.10445, 29.18893, -3.95],
							"size": [1, 2.75, 1],
							"pivot": [-0.12081, 31.04885, -2.95],
							"rotation": [-5.79697, 1.55027, 14.9215],
							"uv": {
								"north": {"uv": [42, 87], "uv_size": [1, 3]},
								"east": {"uv": [44, 87], "uv_size": [1, 3]},
								"south": {"uv": [87, 44], "uv_size": [1, 3]},
								"west": {"uv": [46, 87], "uv_size": [1, 3]},
								"up": {"uv": [72, 97], "uv_size": [1, 1]},
								"down": {"uv": [78, 98], "uv_size": [1, -1]}
							}
						},
						{
							"origin": [-3.10445, 29.68893, -3.95],
							"size": [1, 2, 1],
							"pivot": [-0.12081, 31.04885, -2.95],
							"rotation": [-5.79697, 1.55027, 14.9215],
							"uv": {
								"north": {"uv": [91, 82], "uv_size": [1, 2]},
								"east": {"uv": [91, 85], "uv_size": [1, 2]},
								"south": {"uv": [91, 88], "uv_size": [1, 2]},
								"west": {"uv": [89, 91], "uv_size": [1, 2]},
								"up": {"uv": [97, 79], "uv_size": [1, 1]},
								"down": {"uv": [97, 82], "uv_size": [1, -1]}
							}
						},
						{
							"origin": [-2, 33.75, -2.25],
							"size": [4, 1, 5],
							"uv": {
								"north": {"uv": [80, 67], "uv_size": [4, 1]},
								"east": {"uv": [71, 78], "uv_size": [5, 1]},
								"south": {"uv": [81, 6], "uv_size": [4, 1]},
								"west": {"uv": [79, 14], "uv_size": [5, 1]},
								"up": {"uv": [54, 19], "uv_size": [4, 5]},
								"down": {"uv": [20, 59], "uv_size": [4, -5]}
							}
						},
						{
							"origin": [-2.5, 32, 3.25],
							"size": [5, 2, 1],
							"pivot": [0, 33, 3.75],
							"rotation": [5, 0, 0],
							"uv": {
								"north": {"uv": [67, 59], "uv_size": [5, 2]},
								"east": {"uv": [53, 89], "uv_size": [1, 2]},
								"south": {"uv": [67, 62], "uv_size": [5, 2]},
								"west": {"uv": [89, 55], "uv_size": [1, 2]},
								"up": {"uv": [79, 76], "uv_size": [5, 1]},
								"down": {"uv": [79, 79], "uv_size": [5, -1]}
							}
						}
					]
				},
				{
					"name": "CeFaC2",
					"parent": "Hair",
					"pivot": [-4.75, 28.2, -0.15],
					"rotation": [0.48044, 4.97692, 10.52088],
					"cubes": [
						{
							"origin": [-5.25, 28.7, -0.9],
							"size": [1, 4, 2],
							"uv": {
								"north": {"uv": [48, 84], "uv_size": [1, 4]},
								"east": {"uv": [76, 15], "uv_size": [2, 4]},
								"south": {"uv": [50, 84], "uv_size": [1, 4]},
								"west": {"uv": [44, 76], "uv_size": [2, 4]},
								"up": {"uv": [92, 74], "uv_size": [1, 2]},
								"down": {"uv": [92, 79], "uv_size": [1, -2]}
							}
						},
						{
							"origin": [-5.25, 26.7, -0.9],
							"size": [1, 2, 2],
							"pivot": [-5.25, 28.7, -0.4],
							"rotation": [0, 0, -10],
							"uv": {
								"north": {"uv": [79, 92], "uv_size": [1, 2]},
								"east": {"uv": [63, 84], "uv_size": [2, 2]},
								"south": {"uv": [87, 92], "uv_size": [1, 2]},
								"west": {"uv": [68, 84], "uv_size": [2, 2]},
								"up": {"uv": [0, 93], "uv_size": [1, 2]},
								"down": {"uv": [2, 95], "uv_size": [1, -2]}
							}
						},
						{
							"origin": [-5.27579, 25.67825, -0.6019],
							"size": [1, 1, 1],
							"pivot": [-5.25, 28.7, -0.4],
							"rotation": [5, 0, -15],
							"uv": {
								"north": {"uv": [98, 38], "uv_size": [1, 1]},
								"east": {"uv": [42, 98], "uv_size": [1, 1]},
								"south": {"uv": [98, 43], "uv_size": [1, 1]},
								"west": {"uv": [98, 45], "uv_size": [1, 1]},
								"up": {"uv": [98, 47], "uv_size": [1, 1]},
								"down": {"uv": [98, 50], "uv_size": [1, -1]}
							}
						}
					]
				},
				{
					"name": "CeFaC",
					"parent": "Hair",
					"pivot": [4.75, 28.2, -0.15],
					"rotation": [0.48044, -4.97692, -10.52088],
					"cubes": [
						{
							"origin": [4.25, 28.7, -0.9],
							"size": [1, 4, 2],
							"uv": {
								"north": {"uv": [77, 83], "uv_size": [1, 4]},
								"east": {"uv": [29, 75], "uv_size": [2, 4]},
								"south": {"uv": [40, 84], "uv_size": [1, 4]},
								"west": {"uv": [0, 76], "uv_size": [2, 4]},
								"up": {"uv": [54, 92], "uv_size": [1, 2]},
								"down": {"uv": [56, 94], "uv_size": [1, -2]}
							}
						},
						{
							"origin": [4.25, 26.7, -0.9],
							"size": [1, 2, 2],
							"pivot": [5.25, 28.7, -0.4],
							"rotation": [0, 0, 10],
							"uv": {
								"north": {"uv": [64, 92], "uv_size": [1, 2]},
								"east": {"uv": [42, 84], "uv_size": [2, 2]},
								"south": {"uv": [69, 92], "uv_size": [1, 2]},
								"west": {"uv": [45, 84], "uv_size": [2, 2]},
								"up": {"uv": [71, 92], "uv_size": [1, 2]},
								"down": {"uv": [73, 94], "uv_size": [1, -2]}
							}
						},
						{
							"origin": [4.27579, 25.67825, -0.6019],
							"size": [1, 1, 1],
							"pivot": [5.25, 28.7, -0.4],
							"rotation": [5, 0, 15],
							"uv": {
								"north": {"uv": [98, 19], "uv_size": [1, 1]},
								"east": {"uv": [98, 21], "uv_size": [1, 1]},
								"south": {"uv": [98, 23], "uv_size": [1, 1]},
								"west": {"uv": [98, 31], "uv_size": [1, 1]},
								"up": {"uv": [36, 98], "uv_size": [1, 1]},
								"down": {"uv": [98, 37], "uv_size": [1, -1]}
							}
						}
					]
				},
				{
					"name": "CeFaA",
					"parent": "Hair",
					"pivot": [3.5, 32, -2],
					"rotation": [-5, 5, -2.5],
					"cubes": [
						{
							"origin": [3.5, 28.5, -3],
							"size": [1, 2.9, 1],
							"uv": {
								"north": {"uv": [31, 56], "uv_size": [1, 3]},
								"east": {"uv": [29, 61], "uv_size": [1, 3]},
								"south": {"uv": [63, 6], "uv_size": [1, 3]},
								"west": {"uv": [85, 44], "uv_size": [1, 3]},
								"up": {"uv": [60, 94], "uv_size": [1, 1]},
								"down": {"uv": [62, 95], "uv_size": [1, -1]}
							}
						},
						{
							"origin": [3.5, 26.5, -3],
							"size": [1, 2, 1],
							"pivot": [4.5, 28.5, -2],
							"rotation": [0, 0, 10],
							"uv": {
								"north": {"uv": [88, 39], "uv_size": [1, 2]},
								"east": {"uv": [88, 52], "uv_size": [1, 2]},
								"south": {"uv": [58, 88], "uv_size": [1, 2]},
								"west": {"uv": [60, 88], "uv_size": [1, 2]},
								"up": {"uv": [66, 94], "uv_size": [1, 1]},
								"down": {"uv": [94, 75], "uv_size": [1, -1]}
							}
						}
					]
				},
				{
					"name": "CeFaB",
					"parent": "CeFaA",
					"pivot": [4.5, 28.75, -1.75],
					"rotation": [0.21865, -4.99523, -7.50954],
					"cubes": [
						{
							"origin": [4, 29.25, -2.5],
							"size": [1, 4, 2],
							"uv": {
								"north": {"uv": [80, 62], "uv_size": [1, 4]},
								"east": {"uv": [74, 37], "uv_size": [2, 4]},
								"south": {"uv": [71, 80], "uv_size": [1, 4]},
								"west": {"uv": [74, 42], "uv_size": [2, 4]},
								"up": {"uv": [88, 32], "uv_size": [1, 2]},
								"down": {"uv": [35, 90], "uv_size": [1, -2]}
							}
						},
						{
							"origin": [4, 25.75, -2.5],
							"size": [1, 3.5, 2],
							"pivot": [5, 29.25, -2],
							"rotation": [0, 0, 10],
							"uv": {
								"north": {"uv": [73, 80], "uv_size": [1, 4]},
								"east": {"uv": [74, 47], "uv_size": [2, 4]},
								"south": {"uv": [75, 80], "uv_size": [1, 4]},
								"west": {"uv": [66, 74], "uv_size": [2, 4]},
								"up": {"uv": [77, 88], "uv_size": [1, 2]},
								"down": {"uv": [89, 10], "uv_size": [1, -2]}
							}
						},
						{
							"origin": [4.2, 24.85, -2.5],
							"size": [1, 1, 1],
							"pivot": [5, 29.25, -2],
							"rotation": [5, 0, 15],
							"uv": {
								"north": {"uv": [94, 76], "uv_size": [1, 1]},
								"east": {"uv": [94, 78], "uv_size": [1, 1]},
								"south": {"uv": [89, 94], "uv_size": [1, 1]},
								"west": {"uv": [91, 94], "uv_size": [1, 1]},
								"up": {"uv": [93, 94], "uv_size": [1, 1]},
								"down": {"uv": [95, 6], "uv_size": [1, -1]}
							}
						}
					]
				},
				{
					"name": "CeFaA2",
					"parent": "Hair",
					"pivot": [-3.5, 32, -2],
					"rotation": [-5, -5, 2.5],
					"cubes": [
						{
							"origin": [-4.5, 28.5, -3],
							"size": [1, 2.9, 1],
							"uv": {
								"north": {"uv": [66, 85], "uv_size": [1, 3]},
								"east": {"uv": [71, 85], "uv_size": [1, 3]},
								"south": {"uv": [73, 85], "uv_size": [1, 3]},
								"west": {"uv": [75, 85], "uv_size": [1, 3]},
								"up": {"uv": [95, 17], "uv_size": [1, 1]},
								"down": {"uv": [21, 96], "uv_size": [1, -1]}
							}
						},
						{
							"origin": [-4.5, 26.5, -3],
							"size": [1, 2, 1],
							"pivot": [-4.5, 28.5, -2],
							"rotation": [0, 0, -10],
							"uv": {
								"north": {"uv": [89, 29], "uv_size": [1, 2]},
								"east": {"uv": [89, 35], "uv_size": [1, 2]},
								"south": {"uv": [40, 89], "uv_size": [1, 2]},
								"west": {"uv": [89, 42], "uv_size": [1, 2]},
								"up": {"uv": [26, 95], "uv_size": [1, 1]},
								"down": {"uv": [95, 27], "uv_size": [1, -1]}
							}
						}
					]
				},
				{
					"name": "CeFaB2",
					"parent": "CeFaA2",
					"pivot": [-4.5, 28.75, -1.75],
					"rotation": [0.21865, 4.99523, 7.50954],
					"cubes": [
						{
							"origin": [-5, 29.25, -2.5],
							"size": [1, 4, 2],
							"uv": {
								"north": {"uv": [79, 80], "uv_size": [1, 4]},
								"east": {"uv": [74, 73], "uv_size": [2, 4]},
								"south": {"uv": [0, 81], "uv_size": [1, 4]},
								"west": {"uv": [75, 0], "uv_size": [2, 4]},
								"up": {"uv": [89, 45], "uv_size": [1, 2]},
								"down": {"uv": [48, 91], "uv_size": [1, -2]}
							}
						},
						{
							"origin": [-5, 25.75, -2.5],
							"size": [1, 3.5, 2],
							"pivot": [-5, 29.25, -2],
							"rotation": [0, 0, -10],
							"uv": {
								"north": {"uv": [27, 85], "uv_size": [1, 4]},
								"east": {"uv": [47, 76], "uv_size": [2, 4]},
								"south": {"uv": [38, 85], "uv_size": [1, 4]},
								"west": {"uv": [50, 76], "uv_size": [2, 4]},
								"up": {"uv": [49, 94], "uv_size": [1, 2]},
								"down": {"uv": [94, 52], "uv_size": [1, -2]}
							}
						},
						{
							"origin": [-5.2, 24.85, -2.5],
							"size": [1, 1, 1],
							"pivot": [-5, 29.25, -2],
							"rotation": [5, 0, -15],
							"uv": {
								"north": {"uv": [22, 99], "uv_size": [1, 1]},
								"east": {"uv": [24, 99], "uv_size": [1, 1]},
								"south": {"uv": [99, 25], "uv_size": [1, 1]},
								"west": {"uv": [26, 99], "uv_size": [1, 1]},
								"up": {"uv": [99, 27], "uv_size": [1, 1]},
								"down": {"uv": [28, 100], "uv_size": [1, -1]}
							}
						}
					]
				},
				{
					"name": "bone8",
					"parent": "Hair",
					"pivot": [4.34603, 31.45006, 1.92051],
					"rotation": [5, 0, -10],
					"cubes": [
						{
							"origin": [3.84603, 29.45006, 0.92051],
							"size": [1, 4, 2],
							"uv": {
								"north": {"uv": [81, 52], "uv_size": [1, 4]},
								"east": {"uv": [4, 75], "uv_size": [2, 4]},
								"south": {"uv": [57, 81], "uv_size": [1, 4]},
								"west": {"uv": [75, 5], "uv_size": [2, 4]},
								"up": {"uv": [89, 85], "uv_size": [1, 2]},
								"down": {"uv": [87, 91], "uv_size": [1, -2]}
							}
						}
					]
				},
				{
					"name": "bone9",
					"parent": "bone8",
					"pivot": [4.5, 29.5, 2.75],
					"rotation": [-2.5, 0, 5],
					"cubes": [
						{
							"origin": [3.84603, 27.45006, 0.92051],
							"size": [1, 2, 2],
							"uv": {
								"north": {"uv": [89, 88], "uv_size": [1, 2]},
								"east": {"uv": [68, 81], "uv_size": [2, 2]},
								"south": {"uv": [0, 90], "uv_size": [1, 2]},
								"west": {"uv": [81, 73], "uv_size": [2, 2]},
								"up": {"uv": [90, 0], "uv_size": [1, 2]},
								"down": {"uv": [2, 92], "uv_size": [1, -2]}
							}
						}
					]
				},
				{
					"name": "bone12",
					"parent": "bone9",
					"pivot": [4.5, 27.5, 2.75],
					"rotation": [-2.5, 0, 10],
					"cubes": [
						{
							"origin": [3.84603, 25.45006, 0.92051],
							"size": [1, 2, 2],
							"uv": {
								"north": {"uv": [4, 90], "uv_size": [1, 2]},
								"east": {"uv": [81, 80], "uv_size": [2, 2]},
								"south": {"uv": [6, 90], "uv_size": [1, 2]},
								"west": {"uv": [82, 0], "uv_size": [2, 2]},
								"up": {"uv": [18, 90], "uv_size": [1, 2]},
								"down": {"uv": [20, 92], "uv_size": [1, -2]}
							}
						},
						{
							"origin": [3.82103, 24.55855, 1.04848],
							"size": [1, 1.5, 1],
							"pivot": [4.32141, 25.57463, 1.76179],
							"rotation": [17.5, -1, 0],
							"uv": {
								"north": {"uv": [90, 21], "uv_size": [1, 2]},
								"east": {"uv": [90, 24], "uv_size": [1, 2]},
								"south": {"uv": [27, 90], "uv_size": [1, 2]},
								"west": {"uv": [29, 90], "uv_size": [1, 2]},
								"up": {"uv": [30, 97], "uv_size": [1, 1]},
								"down": {"uv": [32, 98], "uv_size": [1, -1]}
							}
						},
						{
							"origin": [3.81291, 25.12742, 1.46891],
							"size": [1, 1, 1],
							"pivot": [4.32141, 25.57463, 1.76179],
							"rotation": [7.49881, 0.91525, 1.60687],
							"uv": {
								"north": {"uv": [34, 97], "uv_size": [1, 1]},
								"east": {"uv": [97, 34], "uv_size": [1, 1]},
								"south": {"uv": [38, 97], "uv_size": [1, 1]},
								"west": {"uv": [40, 97], "uv_size": [1, 1]},
								"up": {"uv": [97, 41], "uv_size": [1, 1]},
								"down": {"uv": [45, 98], "uv_size": [1, -1]}
							}
						}
					]
				},
				{
					"name": "bone15",
					"parent": "Hair",
					"pivot": [-5, 33.5, 0.75],
					"rotation": [5, 0, 10],
					"cubes": [
						{
							"origin": [-4.5, 29.5, 0.75],
							"size": [1, 4, 2],
							"uv": {
								"north": {"uv": [59, 83], "uv_size": [1, 4]},
								"east": {"uv": [7, 75], "uv_size": [2, 4]},
								"south": {"uv": [61, 83], "uv_size": [1, 4]},
								"west": {"uv": [75, 10], "uv_size": [2, 4]},
								"up": {"uv": [85, 90], "uv_size": [1, 2]},
								"down": {"uv": [91, 19], "uv_size": [1, -2]}
							}
						}
					]
				},
				{
					"name": "bone16",
					"parent": "bone15",
					"pivot": [-4.5, 29.5, 2.75],
					"rotation": [-2.5, 0, -5],
					"cubes": [
						{
							"origin": [-4.5, 27.5, 0.75],
							"size": [1, 2, 2],
							"uv": {
								"north": {"uv": [25, 91], "uv_size": [1, 2]},
								"east": {"uv": [83, 55], "uv_size": [2, 2]},
								"south": {"uv": [91, 29], "uv_size": [1, 2]},
								"west": {"uv": [83, 69], "uv_size": [2, 2]},
								"up": {"uv": [31, 91], "uv_size": [1, 2]},
								"down": {"uv": [33, 93], "uv_size": [1, -2]}
							}
						}
					]
				},
				{
					"name": "bone19",
					"parent": "bone16",
					"pivot": [-4.5, 27.5, 2.75],
					"rotation": [-2.5, 0, -10],
					"cubes": [
						{
							"origin": [-4.5, 25.5, 0.75],
							"size": [1, 2, 2],
							"uv": {
								"north": {"uv": [35, 91], "uv_size": [1, 2]},
								"east": {"uv": [81, 83], "uv_size": [2, 2]},
								"south": {"uv": [91, 35], "uv_size": [1, 2]},
								"west": {"uv": [84, 8], "uv_size": [2, 2]},
								"up": {"uv": [91, 41], "uv_size": [1, 2]},
								"down": {"uv": [42, 93], "uv_size": [1, -2]}
							}
						},
						{
							"origin": [-4.475, 24.60849, 0.87798],
							"size": [1, 1.5, 1],
							"pivot": [-3.97537, 25.62457, 1.59128],
							"rotation": [17.5, 1, 0],
							"uv": {
								"north": {"uv": [4, 93], "uv_size": [1, 2]},
								"east": {"uv": [93, 5], "uv_size": [1, 2]},
								"south": {"uv": [6, 93], "uv_size": [1, 2]},
								"west": {"uv": [12, 93], "uv_size": [1, 2]},
								"up": {"uv": [74, 98], "uv_size": [1, 1]},
								"down": {"uv": [98, 76], "uv_size": [1, -1]}
							}
						},
						{
							"origin": [-4.46688, 25.17736, 1.29841],
							"size": [1, 1, 1],
							"pivot": [-3.97537, 25.62457, 1.59128],
							"rotation": [7.49881, -0.91525, -1.60687],
							"uv": {
								"north": {"uv": [98, 51], "uv_size": [1, 1]},
								"east": {"uv": [57, 98], "uv_size": [1, 1]},
								"south": {"uv": [59, 98], "uv_size": [1, 1]},
								"west": {"uv": [61, 98], "uv_size": [1, 1]},
								"up": {"uv": [65, 98], "uv_size": [1, 1]},
								"down": {"uv": [98, 74], "uv_size": [1, -1]}
							}
						}
					]
				},
				{
					"name": "Hair2",
					"parent": "Hair",
					"pivot": [0, 31, 2.25]
				},
				{
					"name": "bone144",
					"parent": "Hair2",
					"pivot": [0, 28, 4.75],
					"cubes": [
						{
							"origin": [2.25, 26.5, 3.25],
							"size": [2.5, 6, 2],
							"pivot": [2.25, 26.5, 5.25],
							"rotation": [5, 27.5, 0],
							"uv": {
								"north": {"uv": [15, 59], "uv_size": [3, 6]},
								"east": {"uv": [65, 39], "uv_size": [2, 6]},
								"south": {"uv": [59, 19], "uv_size": [3, 6]},
								"west": {"uv": [65, 46], "uv_size": [2, 6]},
								"up": {"uv": [60, 77], "uv_size": [3, 2]},
								"down": {"uv": [77, 75], "uv_size": [3, -2]}
							}
						},
						{
							"origin": [-4.75, 26.5, 3.25],
							"size": [2.5, 6, 2],
							"pivot": [-2.25, 26.5, 5.25],
							"rotation": [5, -27.5, 0],
							"uv": {
								"north": {"uv": [59, 26], "uv_size": [3, 6]},
								"east": {"uv": [23, 66], "uv_size": [2, 6]},
								"south": {"uv": [59, 33], "uv_size": [3, 6]},
								"west": {"uv": [26, 66], "uv_size": [2, 6]},
								"up": {"uv": [78, 0], "uv_size": [3, 2]},
								"down": {"uv": [78, 5], "uv_size": [3, -2]}
							}
						},
						{
							"origin": [-2, 26.5, 3.5],
							"size": [4, 7, 2],
							"pivot": [0, 26.5, 5.5],
							"rotation": [7.5, 0, 0],
							"uv": {
								"north": {"uv": [33, 45], "uv_size": [4, 7]},
								"east": {"uv": [12, 65], "uv_size": [2, 7]},
								"south": {"uv": [46, 0], "uv_size": [4, 7]},
								"west": {"uv": [33, 65], "uv_size": [2, 7]},
								"up": {"uv": [54, 37], "uv_size": [4, 2]},
								"down": {"uv": [74, 54], "uv_size": [4, -2]}
							}
						}
					]
				},
				{
					"name": "bone14",
					"parent": "bone144",
					"pivot": [0, 26.5, 5.5],
					"cubes": [
						{
							"origin": [-0.75, 24.5, 4.45],
							"size": [1.5, 2, 1],
							"pivot": [0, 26.5, 5.45],
							"rotation": [-5, 0, 0],
							"uv": {
								"north": {"uv": [2, 82], "uv_size": [2, 2]},
								"east": {"uv": [90, 32], "uv_size": [1, 2]},
								"south": {"uv": [82, 3], "uv_size": [2, 2]},
								"west": {"uv": [37, 90], "uv_size": [1, 2]},
								"up": {"uv": [90, 6], "uv_size": [2, 1]},
								"down": {"uv": [90, 28], "uv_size": [2, -1]}
							}
						},
						{
							"origin": [-2, 25, 4.45],
							"size": [1.5, 1.5, 1],
							"pivot": [-2, 26.5, 5.45],
							"rotation": [-5, 0, -15],
							"uv": {
								"north": {"uv": [5, 82], "uv_size": [2, 2]},
								"east": {"uv": [90, 38], "uv_size": [1, 2]},
								"south": {"uv": [82, 62], "uv_size": [2, 2]},
								"west": {"uv": [90, 52], "uv_size": [1, 2]},
								"up": {"uv": [55, 90], "uv_size": [2, 1]},
								"down": {"uv": [90, 61], "uv_size": [2, -1]}
							}
						},
						{
							"origin": [0.5, 25, 4.45],
							"size": [1.5, 1.5, 1],
							"pivot": [2, 26.5, 5.45],
							"rotation": [-5, 0, 15],
							"uv": {
								"north": {"uv": [29, 83], "uv_size": [2, 2]},
								"east": {"uv": [81, 90], "uv_size": [1, 2]},
								"south": {"uv": [83, 52], "uv_size": [2, 2]},
								"west": {"uv": [83, 90], "uv_size": [1, 2]},
								"up": {"uv": [91, 3], "uv_size": [2, 1]},
								"down": {"uv": [91, 9], "uv_size": [2, -1]}
							}
						}
					]
				},
				{
					"name": "bone13",
					"parent": "bone144",
					"pivot": [2.25, 26.5, 5.25],
					"rotation": [0, 27.5, 0],
					"cubes": [
						{
							"origin": [4.75, 23.5, 4],
							"size": [1, 3, 1],
							"pivot": [4.75, 26.5, 5],
							"rotation": [-2.5, 15, 0],
							"uv": {
								"north": {"uv": [21, 86], "uv_size": [1, 3]},
								"east": {"uv": [86, 26], "uv_size": [1, 3]},
								"south": {"uv": [29, 86], "uv_size": [1, 3]},
								"west": {"uv": [86, 52], "uv_size": [1, 3]},
								"up": {"uv": [47, 97], "uv_size": [1, 1]},
								"down": {"uv": [49, 98], "uv_size": [1, -1]}
							}
						},
						{
							"origin": [3.75, 25.5, 4.2],
							"size": [1, 1, 1],
							"pivot": [4.75, 26.5, 4.7],
							"rotation": [-5, 0, 20],
							"uv": {
								"north": {"uv": [98, 8], "uv_size": [1, 1]},
								"east": {"uv": [98, 10], "uv_size": [1, 1]},
								"south": {"uv": [12, 98], "uv_size": [1, 1]},
								"west": {"uv": [98, 15], "uv_size": [1, 1]},
								"up": {"uv": [16, 98], "uv_size": [1, 1]},
								"down": {"uv": [18, 99], "uv_size": [1, -1]}
							}
						},
						{
							"origin": [3, 25, 4.2],
							"size": [1, 1.5, 1],
							"pivot": [4, 26.5, 4.7],
							"rotation": [-5, 0, 15],
							"uv": {
								"north": {"uv": [47, 92], "uv_size": [1, 2]},
								"east": {"uv": [92, 48], "uv_size": [1, 2]},
								"south": {"uv": [92, 51], "uv_size": [1, 2]},
								"west": {"uv": [52, 92], "uv_size": [1, 2]},
								"up": {"uv": [6, 98], "uv_size": [1, 1]},
								"down": {"uv": [98, 7], "uv_size": [1, -1]}
							}
						},
						{
							"origin": [2.25, 24.5, 4.2],
							"size": [1, 2, 1],
							"pivot": [3.25, 26.5, 4.7],
							"rotation": [-5, 0, 10],
							"uv": {
								"north": {"uv": [92, 23], "uv_size": [1, 2]},
								"east": {"uv": [92, 32], "uv_size": [1, 2]},
								"south": {"uv": [92, 38], "uv_size": [1, 2]},
								"west": {"uv": [39, 92], "uv_size": [1, 2]},
								"up": {"uv": [98, 2], "uv_size": [1, 1]},
								"down": {"uv": [4, 99], "uv_size": [1, -1]}
							}
						},
						{
							"origin": [4.5, 26.5, 4],
							"size": [1.5, 5.5, 1],
							"pivot": [4.75, 26.5, 5],
							"rotation": [5, 15, -2.5],
							"uv": {
								"north": {"uv": [52, 65], "uv_size": [2, 6]},
								"east": {"uv": [69, 74], "uv_size": [1, 6]},
								"south": {"uv": [55, 65], "uv_size": [2, 6]},
								"west": {"uv": [14, 77], "uv_size": [1, 6]},
								"up": {"uv": [12, 91], "uv_size": [2, 1]},
								"down": {"uv": [91, 16], "uv_size": [2, -1]}
							}
						}
					]
				},
				{
					"name": "bone23",
					"parent": "bone144",
					"pivot": [-2.25, 26.5, 5.25],
					"rotation": [0, -27.5, 0],
					"cubes": [
						{
							"origin": [-5.75, 23.5, 4],
							"size": [1, 3, 1],
							"pivot": [-4.75, 26.5, 5],
							"rotation": [-2.5, -15, 0],
							"uv": {
								"north": {"uv": [56, 86], "uv_size": [1, 3]},
								"east": {"uv": [81, 86], "uv_size": [1, 3]},
								"south": {"uv": [83, 86], "uv_size": [1, 3]},
								"west": {"uv": [85, 86], "uv_size": [1, 3]},
								"up": {"uv": [51, 97], "uv_size": [1, 1]},
								"down": {"uv": [53, 98], "uv_size": [1, -1]}
							}
						},
						{
							"origin": [-6, 26.5, 4],
							"size": [1.5, 5.5, 1],
							"pivot": [-4.75, 26.5, 5],
							"rotation": [5, -15, 2.5],
							"uv": {
								"north": {"uv": [58, 65], "uv_size": [2, 6]},
								"east": {"uv": [64, 77], "uv_size": [1, 6]},
								"south": {"uv": [15, 66], "uv_size": [2, 6]},
								"west": {"uv": [77, 76], "uv_size": [1, 6]},
								"up": {"uv": [44, 91], "uv_size": [2, 1]},
								"down": {"uv": [91, 45], "uv_size": [2, -1]}
							}
						},
						{
							"origin": [-3.25, 24.5, 4.2],
							"size": [1, 2, 1],
							"pivot": [-3.25, 26.5, 4.7],
							"rotation": [-5, 0, -10],
							"uv": {
								"north": {"uv": [50, 91], "uv_size": [1, 2]},
								"east": {"uv": [91, 55], "uv_size": [1, 2]},
								"south": {"uv": [58, 91], "uv_size": [1, 2]},
								"west": {"uv": [60, 91], "uv_size": [1, 2]},
								"up": {"uv": [97, 53], "uv_size": [1, 1]},
								"down": {"uv": [55, 98], "uv_size": [1, -1]}
							}
						},
						{
							"origin": [-4, 25, 4.2],
							"size": [1, 1.5, 1],
							"pivot": [-4, 26.5, 4.7],
							"rotation": [-5, 0, -15],
							"uv": {
								"north": {"uv": [62, 91], "uv_size": [1, 2]},
								"east": {"uv": [91, 62], "uv_size": [1, 2]},
								"south": {"uv": [91, 65], "uv_size": [1, 2]},
								"west": {"uv": [67, 91], "uv_size": [1, 2]},
								"up": {"uv": [97, 55], "uv_size": [1, 1]},
								"down": {"uv": [97, 58], "uv_size": [1, -1]}
							}
						},
						{
							"origin": [-4.75, 25.5, 4.2],
							"size": [1, 1, 1],
							"pivot": [-4.75, 26.5, 4.7],
							"rotation": [-5, 0, -20],
							"uv": {
								"north": {"uv": [97, 59], "uv_size": [1, 1]},
								"east": {"uv": [97, 61], "uv_size": [1, 1]},
								"south": {"uv": [63, 97], "uv_size": [1, 1]},
								"west": {"uv": [97, 63], "uv_size": [1, 1]},
								"up": {"uv": [97, 65], "uv_size": [1, 1]},
								"down": {"uv": [97, 68], "uv_size": [1, -1]}
							}
						}
					]
				},
				{
					"name": "Antenna",
					"parent": "Head",
					"pivot": [-2.5, 31.5, -2.25]
				},
				{
					"name": "RightAntenna",
					"parent": "Antenna",
					"pivot": [-2.5, 31.5, -2.25],
					"rotation": [-31.74217, 17.25635, 12.69167],
					"cubes": [
						{
							"origin": [-2.5, 29.5, -8.25],
							"size": [0, 4, 6],
							"uv": {
								"north": {"uv": [18, 100], "uv_size": [0, 4]},
								"east": {"uv": [53, 45], "uv_size": [6, 4]},
								"south": {"uv": [19, 100], "uv_size": [0, 4]},
								"west": {"uv": [53, 50], "uv_size": [6, 4]},
								"up": {"uv": [30, 100], "uv_size": [0, 6]},
								"down": {"uv": [31, 106], "uv_size": [0, -6]}
							}
						}
					]
				},
				{
					"name": "LeftAntenna",
					"parent": "Antenna",
					"pivot": [2.5, 31.5, -2.25],
					"rotation": [-31.74217, -17.25635, -12.69167],
					"cubes": [
						{
							"origin": [2.5, 29.5, -8.25],
							"size": [0, 4, 6],
							"uv": {
								"north": {"uv": [12, 100], "uv_size": [0, 4]},
								"east": {"uv": [53, 14], "uv_size": [6, 4]},
								"south": {"uv": [13, 100], "uv_size": [0, 4]},
								"west": {"uv": [53, 40], "uv_size": [6, 4]},
								"up": {"uv": [16, 100], "uv_size": [0, 6]},
								"down": {"uv": [17, 106], "uv_size": [0, -6]}
							}
						}
					]
				},
				{
					"name": "Arm",
					"parent": "UpBody",
					"pivot": [0, 24, 0]
				},
				{
					"name": "RightArm",
					"parent": "Arm",
					"pivot": [-3, 22.5, 0],
					"rotation": [0, 0, 17.5],
					"cubes": [
						{
							"origin": [-5.5, 19, -1.5],
							"size": [3, 5, 3],
							"uv": {
								"north": {"uv": [63, 33], "uv_size": [3, 5]},
								"east": {"uv": [48, 63], "uv_size": [3, 5]},
								"south": {"uv": [63, 60], "uv_size": [3, 5]},
								"west": {"uv": [4, 65], "uv_size": [3, 5]},
								"up": {"uv": [71, 11], "uv_size": [3, 3]},
								"down": {"uv": [18, 74], "uv_size": [3, -3]}
							}
						},
						{
							"origin": [-5.4, 18.9, 1.05],
							"size": [2.7, 2.05, 2.1],
							"pivot": [-4, 22, 0],
							"rotation": [-45, 0, 0],
							"uv": {
								"north": {"uv": [6, 103], "uv_size": [-2, 2]},
								"east": {"uv": [8, 103], "uv_size": [-2, 2]},
								"south": {"uv": [10, 103], "uv_size": [-2, 2]},
								"west": {"uv": [4, 103], "uv_size": [-2, 2]},
								"up": {"uv": [6, 101], "uv_size": [-2, 2]},
								"down": {"uv": [8, 103], "uv_size": [-2, -2]}
							}
						},
						{
							"origin": [-5.5, 18.75, -1.5],
							"size": [3, 3, 3],
							"inflate": 0.3,
							"uv": {
								"north": {"uv": [46, 72], "uv_size": [3, 3]},
								"east": {"uv": [50, 72], "uv_size": [3, 3]},
								"south": {"uv": [54, 72], "uv_size": [3, 3]},
								"west": {"uv": [12, 73], "uv_size": [3, 3]},
								"up": {"uv": [22, 73], "uv_size": [3, 3]},
								"down": {"uv": [73, 36], "uv_size": [3, -3]}
							}
						}
					]
				},
				{
					"name": "RightForeArm",
					"parent": "RightArm",
					"pivot": [-4, 19, 0],
					"cubes": [
						{
							"origin": [-5.475, 14, -1.5],
							"size": [3, 5, 3],
							"uv": {
								"north": {"uv": [65, 6], "uv_size": [3, 5]},
								"east": {"uv": [8, 65], "uv_size": [3, 5]},
								"south": {"uv": [19, 65], "uv_size": [3, 5]},
								"west": {"uv": [29, 65], "uv_size": [3, 5]},
								"up": {"uv": [71, 25], "uv_size": [3, 3]},
								"down": {"uv": [29, 74], "uv_size": [3, -3]}
							}
						}
					]
				},
				{
					"name": "RightHandLocator",
					"parent": "RightForeArm",
					"pivot": [-4.075, 15.35, 0.025]
				},
				{
					"name": "LeftArm",
					"parent": "Arm",
					"pivot": [3, 22.5, 0],
					"rotation": [0, 0, -17.5],
					"cubes": [
						{
							"origin": [2.5, 19, -1.5],
							"size": [3, 5, 3],
							"uv": {
								"north": {"uv": [36, 61], "uv_size": [3, 5]},
								"east": {"uv": [40, 61], "uv_size": [3, 5]},
								"south": {"uv": [44, 61], "uv_size": [3, 5]},
								"west": {"uv": [0, 62], "uv_size": [3, 5]},
								"up": {"uv": [45, 19], "uv_size": [3, 3]},
								"down": {"uv": [0, 71], "uv_size": [3, -3]}
							}
						},
						{
							"origin": [2.7, 18.9, 1.05],
							"size": [2.7, 2.05, 2.1],
							"pivot": [4, 22, 0],
							"rotation": [-45, 0, 0],
							"uv": {
								"north": {"uv": [4, 103], "uv_size": [2, 2]},
								"east": {"uv": [2, 103], "uv_size": [2, 2]},
								"south": {"uv": [8, 103], "uv_size": [2, 2]},
								"west": {"uv": [6, 103], "uv_size": [2, 2]},
								"up": {"uv": [4, 101], "uv_size": [2, 2]},
								"down": {"uv": [6, 103], "uv_size": [2, -2]}
							}
						},
						{
							"origin": [2.5, 18.75, -1.5],
							"size": [3, 3, 3],
							"inflate": 0.3,
							"uv": {
								"north": {"uv": [71, 29], "uv_size": [3, 3]},
								"east": {"uv": [71, 65], "uv_size": [3, 3]},
								"south": {"uv": [71, 69], "uv_size": [3, 3]},
								"west": {"uv": [0, 72], "uv_size": [3, 3]},
								"up": {"uv": [72, 15], "uv_size": [3, 3]},
								"down": {"uv": [72, 22], "uv_size": [3, -3]}
							}
						}
					]
				},
				{
					"name": "LeftForeArm",
					"parent": "LeftArm",
					"pivot": [4, 19, 0],
					"cubes": [
						{
							"origin": [2.475, 14, -1.5],
							"size": [3, 5, 3],
							"uv": {
								"north": {"uv": [63, 0], "uv_size": [3, 5]},
								"east": {"uv": [63, 15], "uv_size": [3, 5]},
								"south": {"uv": [63, 21], "uv_size": [3, 5]},
								"west": {"uv": [63, 27], "uv_size": [3, 5]},
								"up": {"uv": [4, 71], "uv_size": [3, 3]},
								"down": {"uv": [8, 74], "uv_size": [3, -3]}
							}
						}
					]
				},
				{
					"name": "LeftHandLocator",
					"parent": "LeftForeArm",
					"pivot": [4.075, 15.35, 0.025]
				},
				{
					"name": "Wing",
					"parent": "UpBody",
					"pivot": [0, 20.6353, -2.22504]
				},
				{
					"name": "LeftWing",
					"parent": "Wing",
					"pivot": [0.25, 20.5, 2.15],
					"rotation": [13.44013, -42.37276, -1.46315],
					"cubes": [
						{
							"origin": [-0.25, 15.5, 1.15],
							"size": [13.5, 11, 1],
							"uv": {
								"north": {"uv": [14, 0], "uv_size": [-14, 11]},
								"east": {"uv": [39, 67], "uv_size": [-1, 11]},
								"south": {"uv": [14, 12], "uv_size": [-14, 11]},
								"west": {"uv": [37, 67], "uv_size": [-1, 11]},
								"up": {"uv": [78, 55], "uv_size": [-14, 1]},
								"down": {"uv": [78, 58], "uv_size": [-14, -1]}
							}
						}
					]
				},
				{
					"name": "RightWing",
					"parent": "Wing",
					"pivot": [-0.25, 20.5, 2.15],
					"rotation": [13.44013, 42.37276, 1.46315],
					"cubes": [
						{
							"origin": [-13.25, 15.5, 1.15],
							"size": [13.5, 11, 1],
							"uv": {
								"north": {"uv": [0, 0], "uv_size": [14, 11]},
								"east": {"uv": [36, 67], "uv_size": [1, 11]},
								"south": {"uv": [0, 12], "uv_size": [14, 11]},
								"west": {"uv": [38, 67], "uv_size": [1, 11]},
								"up": {"uv": [64, 55], "uv_size": [14, 1]},
								"down": {"uv": [64, 58], "uv_size": [14, -1]}
							}
						}
					]
				},
				{
					"name": "Tail",
					"parent": "UpBody",
					"pivot": [0, 15.8, 2.10289],
					"cubes": [
						{
							"origin": [-3, 12.05, 3],
							"size": [6, 5.5, 6],
							"pivot": [0, 13.55, 6],
							"rotation": [60, 0, 0],
							"uv": {
								"north": {"uv": [8, 24], "uv_size": [6, 6]},
								"east": {"uv": [33, 38], "uv_size": [6, 6]},
								"south": {"uv": [39, 0], "uv_size": [6, 6]},
								"west": {"uv": [39, 7], "uv_size": [6, 6]},
								"up": {"uv": [8, 39], "uv_size": [6, 6]},
								"down": {"uv": [15, 45], "uv_size": [6, -6]}
							}
						},
						{
							"origin": [-2.5, 14.8, 0.10289],
							"size": [5, 2, 4],
							"pivot": [0, 15.8, 2.10289],
							"rotation": [60, 0, 0],
							"uv": {
								"north": {"uv": [40, 70], "uv_size": [5, 2]},
								"east": {"uv": [75, 63], "uv_size": [4, 2]},
								"south": {"uv": [61, 70], "uv_size": [5, 2]},
								"west": {"uv": [75, 66], "uv_size": [4, 2]},
								"up": {"uv": [53, 55], "uv_size": [5, 4]},
								"down": {"uv": [56, 4], "uv_size": [5, -4]}
							}
						},
						{
							"origin": [-2.5, 8.8, 0.10289],
							"size": [5, 1, 4],
							"pivot": [0, 15.8, 2.10289],
							"rotation": [60, 0, 0],
							"uv": {
								"north": {"uv": [80, 28], "uv_size": [5, 1]},
								"east": {"uv": [82, 65], "uv_size": [4, 1]},
								"south": {"uv": [80, 30], "uv_size": [5, 1]},
								"west": {"uv": [84, 20], "uv_size": [4, 1]},
								"up": {"uv": [25, 56], "uv_size": [5, 4]},
								"down": {"uv": [57, 9], "uv_size": [5, -4]}
							}
						},
						{
							"origin": [0, 6.8, 1.60289],
							"size": [0, 2, 1],
							"pivot": [0, 15.8, 2.10289],
							"rotation": [60, 0, 0],
							"uv": {
								"north": {"uv": [6, 100], "uv_size": [0, 2]},
								"east": {"uv": [92, 20], "uv_size": [1, 2]},
								"south": {"uv": [100, 6], "uv_size": [0, 2]},
								"west": {"uv": [22, 92], "uv_size": [1, 2]},
								"up": {"uv": [7, 100], "uv_size": [0, 1]},
								"down": {"uv": [100, 10], "uv_size": [0, -1]}
							}
						}
					]
				},
				{
					"name": "skirt_1",
					"parent": "UpBody",
					"pivot": [0, 1.5, 0]
				},
				{
					"name": "bone20",
					"parent": "skirt_1",
					"pivot": [0, 17.5, -2.5],
					"rotation": [-12.5, 0, 0],
					"cubes": [
						{
							"origin": [-3.5, 11.7, -2],
							"size": [7, 5.5, 1],
							"uv": {
								"north": {"uv": [32, 17], "uv_size": [7, 6]},
								"east": {"uv": [16, 78], "uv_size": [1, 6]},
								"south": {"uv": [32, 24], "uv_size": [7, 6]},
								"west": {"uv": [18, 78], "uv_size": [1, 6]},
								"up": {"uv": [75, 71], "uv_size": [7, 1]},
								"down": {"uv": [76, 21], "uv_size": [7, -1]}
							}
						}
					]
				},
				{
					"name": "bone24",
					"parent": "skirt_1",
					"pivot": [0, 17.5, 2.6],
					"rotation": [-12.5, 180, 0],
					"cubes": [
						{
							"origin": [-3.5, 11.7, 3.2],
							"size": [7, 5.5, 1],
							"uv": {
								"north": {"uv": [32, 31], "uv_size": [7, 6]},
								"east": {"uv": [25, 78], "uv_size": [1, 6]},
								"south": {"uv": [0, 33], "uv_size": [7, 6]},
								"west": {"uv": [27, 78], "uv_size": [1, 6]},
								"up": {"uv": [77, 32], "uv_size": [7, 1]},
								"down": {"uv": [77, 35], "uv_size": [7, -1]}
							}
						}
					]
				},
				{
					"name": "bone22",
					"parent": "skirt_1",
					"pivot": [-4, 17.5, 0],
					"rotation": [0, 0, 12.5],
					"cubes": [
						{
							"origin": [-3.5, 12.6, -2],
							"size": [1, 5, 4],
							"uv": {
								"north": {"uv": [9, 80], "uv_size": [1, 5]},
								"east": {"uv": [0, 56], "uv_size": [4, 5]},
								"south": {"uv": [11, 80], "uv_size": [1, 5]},
								"west": {"uv": [48, 57], "uv_size": [4, 5]},
								"up": {"uv": [2, 85], "uv_size": [1, 4]},
								"down": {"uv": [4, 89], "uv_size": [1, -4]}
							}
						}
					]
				},
				{
					"name": "bone29",
					"parent": "skirt_1",
					"pivot": [4, 17.5, 0],
					"rotation": [0, 0, -12.5],
					"cubes": [
						{
							"origin": [2.5, 12.6, -2],
							"size": [1, 5, 4],
							"uv": {
								"north": {"uv": [20, 80], "uv_size": [1, 5]},
								"east": {"uv": [5, 59], "uv_size": [4, 5]},
								"south": {"uv": [22, 80], "uv_size": [1, 5]},
								"west": {"uv": [10, 59], "uv_size": [4, 5]},
								"up": {"uv": [6, 85], "uv_size": [1, 4]},
								"down": {"uv": [85, 18], "uv_size": [1, -4]}
							}
						}
					]
				},
				{
					"name": "bone26",
					"parent": "skirt_1",
					"pivot": [3.5, 17.5, -2],
					"rotation": [0, 45, 0]
				},
				{
					"name": "bone32",
					"parent": "bone26",
					"pivot": [4, 17.5, -2],
					"rotation": [0, 0, -8],
					"cubes": [
						{
							"origin": [2.375, 12.6, -2.6],
							"size": [1, 2, 1.2],
							"uv": {
								"north": {"uv": [93, 29], "uv_size": [1, 2]},
								"east": {"uv": [93, 35], "uv_size": [1, 2]},
								"south": {"uv": [37, 93], "uv_size": [1, 2]},
								"west": {"uv": [93, 41], "uv_size": [1, 2]},
								"up": {"uv": [76, 98], "uv_size": [1, 1]},
								"down": {"uv": [98, 78], "uv_size": [1, -1]}
							}
						},
						{
							"origin": [2.375, 14.6, -2.3],
							"size": [1, 1.9, 0.575],
							"uv": {
								"north": {"uv": [44, 93], "uv_size": [1, 2]},
								"east": {"uv": [93, 54], "uv_size": [1, 2]},
								"south": {"uv": [93, 60], "uv_size": [1, 2]},
								"west": {"uv": [93, 63], "uv_size": [1, 2]},
								"up": {"uv": [80, 98], "uv_size": [1, 1]},
								"down": {"uv": [82, 99], "uv_size": [1, -1]}
							}
						}
					]
				},
				{
					"name": "bone28",
					"parent": "skirt_1",
					"pivot": [-3.5, 17.5, -2],
					"rotation": [0, -45, 0]
				},
				{
					"name": "bone30",
					"parent": "bone28",
					"pivot": [-4, 17.5, -2],
					"rotation": [0, 0, 8],
					"cubes": [
						{
							"origin": [-3.375, 12.6, -2.6],
							"size": [1, 2, 1.2],
							"uv": {
								"north": {"uv": [93, 66], "uv_size": [1, 2]},
								"east": {"uv": [93, 69], "uv_size": [1, 2]},
								"south": {"uv": [75, 93], "uv_size": [1, 2]},
								"west": {"uv": [77, 93], "uv_size": [1, 2]},
								"up": {"uv": [84, 98], "uv_size": [1, 1]},
								"down": {"uv": [89, 99], "uv_size": [1, -1]}
							}
						},
						{
							"origin": [-3.375, 14.6, -2.3],
							"size": [1, 1.9, 0.575],
							"uv": {
								"north": {"uv": [81, 93], "uv_size": [1, 2]},
								"east": {"uv": [93, 82], "uv_size": [1, 2]},
								"south": {"uv": [83, 93], "uv_size": [1, 2]},
								"west": {"uv": [85, 93], "uv_size": [1, 2]},
								"up": {"uv": [91, 98], "uv_size": [1, 1]},
								"down": {"uv": [93, 99], "uv_size": [1, -1]}
							}
						}
					]
				},
				{
					"name": "bone33",
					"parent": "skirt_1",
					"pivot": [-3.5, 17.5, 2],
					"rotation": [0, 45, 0]
				},
				{
					"name": "bone34",
					"parent": "bone33",
					"pivot": [-4, 17.5, 2],
					"rotation": [0, 0, 8],
					"cubes": [
						{
							"origin": [-3.375, 12.6, 1.4],
							"size": [1, 2, 1.2],
							"uv": {
								"north": {"uv": [93, 85], "uv_size": [1, 2]},
								"east": {"uv": [93, 88], "uv_size": [1, 2]},
								"south": {"uv": [93, 91], "uv_size": [1, 2]},
								"west": {"uv": [94, 0], "uv_size": [1, 2]},
								"up": {"uv": [95, 98], "uv_size": [1, 1]},
								"down": {"uv": [99, 5], "uv_size": [1, -1]}
							}
						},
						{
							"origin": [-3.375, 14.6, 1.725],
							"size": [1, 1.9, 0.575],
							"uv": {
								"north": {"uv": [94, 8], "uv_size": [1, 2]},
								"east": {"uv": [94, 20], "uv_size": [1, 2]},
								"south": {"uv": [94, 23], "uv_size": [1, 2]},
								"west": {"uv": [24, 94], "uv_size": [1, 2]},
								"up": {"uv": [8, 99], "uv_size": [1, 1]},
								"down": {"uv": [10, 100], "uv_size": [1, -1]}
							}
						}
					]
				},
				{
					"name": "bone36",
					"parent": "skirt_1",
					"pivot": [3.5, 17.5, 2],
					"rotation": [0, -45, 0]
				},
				{
					"name": "bone37",
					"parent": "bone36",
					"pivot": [4, 17.5, 2],
					"rotation": [0, 0, -8],
					"cubes": [
						{
							"origin": [2.375, 12.6, 1.4],
							"size": [1, 2, 1.2],
							"uv": {
								"north": {"uv": [30, 94], "uv_size": [1, 2]},
								"east": {"uv": [32, 94], "uv_size": [1, 2]},
								"south": {"uv": [94, 32], "uv_size": [1, 2]},
								"west": {"uv": [34, 94], "uv_size": [1, 2]},
								"up": {"uv": [99, 12], "uv_size": [1, 1]},
								"down": {"uv": [14, 100], "uv_size": [1, -1]}
							}
						},
						{
							"origin": [2.375, 14.6, 1.725],
							"size": [1, 1.9, 0.575],
							"uv": {
								"north": {"uv": [94, 38], "uv_size": [1, 2]},
								"east": {"uv": [41, 94], "uv_size": [1, 2]},
								"south": {"uv": [94, 44], "uv_size": [1, 2]},
								"west": {"uv": [94, 47], "uv_size": [1, 2]},
								"up": {"uv": [99, 17], "uv_size": [1, 1]},
								"down": {"uv": [20, 100], "uv_size": [1, -1]}
							}
						}
					]
				},
				{
					"name": "DownBody",
					"parent": "AllBody",
					"pivot": [0, 16, 0]
				},
				{
					"name": "Leg",
					"parent": "DownBody",
					"pivot": [0, 16, 0]
				},
				{
					"name": "LeftLeg",
					"parent": "Leg",
					"pivot": [1.5, 16, 0],
					"rotation": [0, -2.5, -5],
					"cubes": [
						{
							"origin": [-0.25, 9, -1.875],
							"size": [3.5, 6, 3.5],
							"uv": {
								"north": {"uv": [23, 47], "uv_size": [4, 6]},
								"east": {"uv": [38, 48], "uv_size": [4, 6]},
								"south": {"uv": [43, 48], "uv_size": [4, 6]},
								"west": {"uv": [48, 43], "uv_size": [4, 6]},
								"up": {"uv": [19, 60], "uv_size": [4, 4]},
								"down": {"uv": [31, 64], "uv_size": [4, -4]}
							}
						}
					]
				},
				{
					"name": "LeftLowerLeg",
					"parent": "LeftLeg",
					"pivot": [1.5, 9, -1.875],
					"rotation": [5, 0, 0],
					"cubes": [
						{
							"origin": [-0.25, 3, -1.875],
							"size": [3.5, 6, 3.5],
							"uv": {
								"north": {"uv": [0, 49], "uv_size": [4, 6]},
								"east": {"uv": [49, 19], "uv_size": [4, 6]},
								"south": {"uv": [49, 26], "uv_size": [4, 6]},
								"west": {"uv": [28, 49], "uv_size": [4, 6]},
								"up": {"uv": [60, 40], "uv_size": [4, 4]},
								"down": {"uv": [60, 49], "uv_size": [4, -4]}
							}
						}
					]
				},
				{
					"name": "LeftFoot",
					"parent": "LeftLowerLeg",
					"pivot": [1.5, 3, 1.125],
					"cubes": [
						{
							"origin": [-0.25, 1, -2.875],
							"size": [3.5, 2, 4.5],
							"uv": {
								"north": {"uv": [16, 75], "uv_size": [4, 2]},
								"east": {"uv": [68, 50], "uv_size": [5, 2]},
								"south": {"uv": [75, 23], "uv_size": [4, 2]},
								"west": {"uv": [69, 5], "uv_size": [5, 2]},
								"up": {"uv": [54, 25], "uv_size": [4, 5]},
								"down": {"uv": [54, 36], "uv_size": [4, -5]}
							}
						}
					]
				},
				{
					"name": "RightLeg",
					"parent": "Leg",
					"pivot": [-1.5, 16, 0],
					"rotation": [0, 2.5, 5],
					"cubes": [
						{
							"origin": [-3.25, 9, -1.875],
							"size": [3.5, 6, 3.5],
							"uv": {
								"north": {"uv": [49, 33], "uv_size": [4, 6]},
								"east": {"uv": [48, 50], "uv_size": [4, 6]},
								"south": {"uv": [51, 0], "uv_size": [4, 6]},
								"west": {"uv": [5, 52], "uv_size": [4, 6]},
								"up": {"uv": [60, 50], "uv_size": [4, 4]},
								"down": {"uv": [53, 64], "uv_size": [4, -4]}
							}
						}
					]
				},
				{
					"name": "RightLowerLeg",
					"parent": "RightLeg",
					"pivot": [-1.5, 9, -1.875],
					"rotation": [5, 0, 0],
					"cubes": [
						{
							"origin": [-3.25, 3, -1.875],
							"size": [3.5, 6, 3.5],
							"uv": {
								"north": {"uv": [52, 7], "uv_size": [4, 6]},
								"east": {"uv": [10, 52], "uv_size": [4, 6]},
								"south": {"uv": [15, 52], "uv_size": [4, 6]},
								"west": {"uv": [33, 53], "uv_size": [4, 6]},
								"up": {"uv": [58, 60], "uv_size": [4, 4]},
								"down": {"uv": [24, 65], "uv_size": [4, -4]}
							}
						}
					]
				},
				{
					"name": "RightFoot",
					"parent": "RightLowerLeg",
					"pivot": [-1.5, 3, 1.125],
					"cubes": [
						{
							"origin": [-3.25, 1, -2.875],
							"size": [3.5, 2, 4.5],
							"uv": {
								"north": {"uv": [75, 26], "uv_size": [4, 2]},
								"east": {"uv": [69, 8], "uv_size": [5, 2]},
								"south": {"uv": [75, 29], "uv_size": [4, 2]},
								"west": {"uv": [46, 69], "uv_size": [5, 2]},
								"up": {"uv": [38, 55], "uv_size": [4, 5]},
								"down": {"uv": [43, 60], "uv_size": [4, -5]}
							}
						}
					]
				}
			]
		}
	]
}