{
	"format_version": "1.12.0",
	"minecraft:geometry": [
		{
			"description": {
				"identifier": "geometry.unknown",
				"texture_width": 128,
				"texture_height": 128,
				"visible_bounds_width": 5,
				"visible_bounds_height": 5,
				"visible_bounds_offset": [0, 1.5, 0]
			},
			"bones": [
				{
					"name": "Root",
					"pivot": [0, -0.3, 0]
				},
				{
					"name": "AllBody",
					"parent": "Root",
					"pivot": [0, 18.7, 0]
				},
				{
					"name": "UpBody",
					"parent": "AllBody",
					"pivot": [0, 18, 0],
					"cubes": [
						{"origin": [-2.75, 22.525, -2.1], "size": [5.5, 1.3, 4.175], "uv": [0, 75]},
						{"origin": [-2.4, 22.925, -2.475], "size": [4.8, 2, 2], "pivot": [0, 22.725, -1.1], "rotation": [-41.75, 0, 0], "uv": [88, 89]},
						{"origin": [-2.45, 22.775, 0.375], "size": [4.875, 2, 2], "pivot": [0, 22.725, 1.1], "rotation": [46.25, 0, 0], "uv": [88, 89]},
						{"origin": [-0.825, 17.27753, -2.05], "size": [1.65, 2, 4.1], "uv": [8, 90]},
						{"origin": [-0.5, 19.27753, -2.05], "size": [1, 4, 4.1], "uv": [15, 86]},
						{"origin": [-3.3, 17.6, -2.025], "size": [3, 6, 4.05], "pivot": [-2, 19.9, 0], "rotation": [0, 0, 12.25], "uv": [28, 71]},
						{"origin": [0.3, 17.6, -2.025], "size": [3, 6, 4.05], "pivot": [2, 19.9, 0], "rotation": [0, 0, -12.25], "uv": [28, 71], "mirror": true}
					]
				},
				{
					"name": "UpperBody",
					"parent": "UpBody",
					"pivot": [0, 23.2, 0],
					"cubes": [
						{"origin": [-2.575, 26.3, 0.9], "size": [5.15, 1.1, 1.4], "inflate": -0.2, "uv": [48, 14]}
					]
				},				
				{
					"name": "BackpackLocator",
					"parent": "UpBody",
					"pivot": [0, 25.9644, 0]
				},
				{
					"name": "LeftWaistLocator",
					"parent": "UpBody",
					"pivot": [4, 21, 0],
					"rotation": [-20, 0, 0]
				},
				{
					"name": "RightWaistLocator",
					"parent": "UpBody",
					"pivot": [-4, 21, 0],
					"rotation": [-5, 0, 0]
				},
				{
					"name": "AllHead",
					"parent": "UpperBody",
					"pivot": [0, 29.6, 0],
					"cubes": [
						{"origin": [-1.5, 29.2, -1.525], "size": [3, 2, 3], "uv": [87, 6]}
					]
				},
				{
					"name": "Head",
					"parent": "AllHead",
					"pivot": [0, 30.4, 0],
					"cubes": [
						{"origin": [-3.5, 30.5, -3.5], "size": [7, 7, 7], "uv": [48, 0]}
					]
				},
				{
					"name": "Hat",
					"parent": "Head",
					"pivot": [-0.025, 28.025, 2.1625],
					"rotation": [2.5, 0, 0],
					"cubes": [
						{"origin": [-3.525, 29.82106, 7.22036], "size": [6.8, 2, 1], "pivot": [-0.6, 23.82194, 3.27451], "rotation": [7.5, 0, 0], "uv": [87, 3]},
						{"origin": [-3, 31.82106, 7.22036], "size": [6, 4, 1], "pivot": [-0.575, 23.82194, 3.27451], "rotation": [7.5, 0, 0], "uv": [78, 44]},
						{"origin": [-2.55, 28.96644, 4.88451], "size": [5.05, 3, 1], "pivot": [0, 29.35536, 4.40379], "rotation": [-40, 0, 0], "uv": [89, 23]},
						{"origin": [-2.5, 25.82294, 2.86158], "size": [5, 4, 3], "pivot": [0, 29.35536, 4.40379], "rotation": [-72.5, 0, 0], "uv": [72, 37]},
						{"origin": [-2.475, 38.47835, 13.25362], "size": [5, 3.4, 1], "pivot": [0.45, 29.3745, 9.32809], "rotation": [50, 0, 0], "uv": [88, 40]},
						{"origin": [-2.8, 35.89326, 5.17917], "size": [5.6, 3.4, 1], "pivot": [0, 37.39326, 5.67917], "rotation": [22.5, 0, 0], "uv": [88, 49]},
						{"origin": [-1.575, 39.91285, -3.60819], "size": [3.175, 1, 1], "pivot": [0, 39.76229, -2.62186], "rotation": [-60, 0, 0], "uv": [67, 37]},
						{"origin": [-1.325, 38.91285, -3.60819], "size": [2.675, 1, 2], "pivot": [0, 39.76229, -2.62186], "rotation": [-60, 0, 0], "uv": [92, 11]},
						{"origin": [-1.625, 40.21341, -2.13111], "size": [3.225, 1, 5.2], "uv": [75, 57]}
					]
				},
				{
					"name": "RightHat",
					"parent": "Hat",
					"pivot": [-4.975, 37.975, 0.1875],
					"cubes": [
						{"origin": [-4.60112, 39.38645, -3.32698], "size": [4.05, 2, 2.2], "pivot": [0, 39.76229, -2.62186], "rotation": [30, 0, -32.5], "uv": [88, 17], "mirror": true},
						{"origin": [1.64599, 40.24997, -2.15183], "size": [4.05, 1, 5.2], "pivot": [2.01765, 28.72352, 2.0875], "rotation": [0, 0, -32.5], "uv": [52, 71]},
						{"origin": [5.59191, 43.73905, -1.57683], "size": [3.05, 1, 4.6], "pivot": [5.89311, 32.26188, 2.0625], "rotation": [0, 0, -70], "uv": [79, 24], "mirror": true},
						{"origin": [-6.20344, 35.2324, -2.7202], "size": [3.05, 2, 1.3], "pivot": [-4.53744, 36.91023, -2.92028], "rotation": [23.0668, 11.0686, -64.1552], "uv": [91, 60], "mirror": true},
						{"origin": [-8.58269, 32.10562, -1.55183], "size": [2.05, 5, 4.6], "pivot": [-9.95777, 24.56366, 2.0875], "rotation": [0, 0, 12.5], "uv": [14, 76], "mirror": true},
						{"origin": [-5.30877, 30.21057, 2.07589], "size": [2.05, 6, 5.1], "pivot": [-4.01874, 33.01549, 4.47413], "rotation": [10.8164, 38.8136, 16.1117], "uv": [0, 64], "mirror": true},
						{"origin": [-4.19032, 36.0877, 1.71627], "size": [1.05, 3, 4.2], "pivot": [-3.66532, 37.4377, 4.14127], "rotation": [20.509, 35.41896, 31.20465], "uv": [42, 86], "mirror": true},
						{"origin": [-4.39, 35.5377, 5.34127], "size": [1.45, 3.3, 1], "inflate": -0.2, "pivot": [-3.66532, 37.4377, 4.14127], "rotation": [33.009, 35.41896, 31.20465], "uv": [0, 0], "mirror": true},
						{"origin": [-2.45998, 38.41695, 1.81111], "size": [1.05, 2, 2.2], "pivot": [-1.93498, 39.41695, 4.13611], "rotation": [33.42103, 23.86525, 56.85255], "uv": [10, 0], "mirror": true},
						{"origin": [-5.1645, 31.05396, -3.15834], "size": [2.05, 5, 1.3], "pivot": [-6.96604, 23.725, -3.64281], "rotation": [0, -22.5, 0], "uv": [48, 0], "mirror": true},
						{"origin": [2.43967, 29.00132, -1.55183], "size": [1.05, 5, 3.5], "pivot": [0.7783, 20.70022, 1.9375], "rotation": [0, 0, -42.5], "uv": [0, 89], "mirror": true},
						{"origin": [2.43967, 30.00132, 1.94817], "size": [1.05, 4, 1.1], "pivot": [0.7783, 20.70022, 1.9375], "rotation": [0, 0, -42.5], "uv": [27, 69]},
						{"origin": [-3.83959, 27.9301, 4.65716], "size": [1.05, 4, 1.2], "pivot": [-3.31459, 29.3551, 4.10716], "rotation": [-40.32433, 24.55372, -60.00707], "uv": [14, 69], "mirror": true},
						{"origin": [-3.83959, 26.9301, 1.45716], "size": [1.05, 5, 3.2], "pivot": [-3.31459, 29.3551, 4.10716], "rotation": [-40.32433, 24.55372, -60.00707], "uv": [80, 89], "mirror": true},
						{"origin": [-7.81974, 37.93179, -1.12688], "size": [6.05, 1.3, 4.25], "pivot": [-5.0119, 39.71547, 0.94817], "rotation": [0, 0, 77.25], "uv": [29, 64]},
						{"origin": [-5.91701, 37.82202, -1.10188], "size": [3.25, 2, 4.2], "pivot": [-5.0119, 39.71547, 0.94817], "rotation": [0, 0, 19.75], "uv": [78, 17]},
						{"origin": [-7.17914, 39.71342, -1.10188], "size": [4.25, 2, 4.2], "pivot": [-5.2742, 39.6068, 0.94817], "rotation": [0, 0, 24.75], "uv": [76, 49], "mirror": true}
					]
				},
				{
					"name": "LeftHat",
					"parent": "Hat",
					"pivot": [4.975, 37.975, 0.1875],
					"cubes": [
						{"origin": [0.55112, 39.38645, -3.32698], "size": [4.05, 2, 2.2], "pivot": [0, 39.76229, -2.62186], "rotation": [30, 0, 32.5], "uv": [88, 17]},
						{"origin": [-5.69599, 40.24997, -2.15183], "size": [4.05, 1, 5.2], "pivot": [-2.01765, 28.72352, 2.0875], "rotation": [0, 0, 32.5], "uv": [14, 69]},
						{"origin": [-8.64191, 43.73905, -1.57683], "size": [3.05, 1, 4.6], "pivot": [-5.89311, 32.26188, 2.0625], "rotation": [0, 0, 70], "uv": [79, 24]},
						{"origin": [3.15344, 35.2324, -2.7202], "size": [3.05, 2, 1.3], "pivot": [4.53744, 36.91023, -2.92028], "rotation": [23.0668, -11.0686, 64.1552], "uv": [91, 60]},
						{"origin": [3.30877, 30.21057, 2.07589], "size": [2.05, 6, 5.1], "pivot": [4.01874, 33.01549, 4.47413], "rotation": [10.8164, -38.8136, -16.1117], "uv": [0, 64]},
						{"origin": [3.14032, 36.0877, 1.71627], "size": [1.05, 3, 4.2], "pivot": [3.66532, 37.4377, 4.14127], "rotation": [20.509, -35.41896, -31.20465], "uv": [42, 86]},
						{"origin": [1.40998, 38.41695, 1.81111], "size": [1.05, 2, 2.2], "pivot": [1.93498, 39.41695, 4.13611], "rotation": [33.42103, -23.86525, -56.85255], "uv": [10, 0]},
						{"origin": [3.1145, 31.05396, -3.15834], "size": [2.05, 5, 1.3], "pivot": [6.96604, 23.725, -3.64281], "rotation": [0, 22.5, 0], "uv": [48, 0]},
						{"origin": [2.94486, 37.13143, -1.12688], "size": [4.975, 1.3, 4.25], "pivot": [5.1119, 38.91547, 0.94817], "rotation": [0, 0, -67.25], "uv": [56, 77]},
						{"origin": [-3.48967, 30.00132, 1.94817], "size": [1.05, 4, 1.1], "pivot": [-0.7783, 20.70022, 1.9375], "rotation": [0, 0, 42.5], "uv": [0, 64]},
						{"origin": [-3.48967, 29.00132, -1.55183], "size": [1.05, 5, 3.5], "pivot": [-0.7783, 20.70022, 1.9375], "rotation": [0, 0, 42.5], "uv": [0, 89]},
						{"origin": [6.53269, 32.10562, -1.55183], "size": [2.05, 5, 4.6], "pivot": [9.95777, 24.56366, 2.0875], "rotation": [0, 0, -12.5], "uv": [14, 76]},
						{"origin": [2.76738, 38.02193, -1.10188], "size": [3.25, 1, 4.2], "pivot": [5.1119, 38.91547, 0.94817], "rotation": [0, 0, -9.75], "uv": [79, 24]},
						{"origin": [2.76738, 39.02193, -1.10188], "size": [4.25, 2, 4.2], "pivot": [5.1119, 38.91547, 0.94817], "rotation": [0, 0, -9.75], "uv": [76, 49]},
						{"origin": [2.78959, 27.9301, 4.65716], "size": [1.05, 4, 1.2], "pivot": [3.31459, 29.3551, 4.10716], "rotation": [-40.32433, -24.55372, 60.00707], "uv": [14, 69]},
						{"origin": [2.78959, 26.9301, 1.45716], "size": [1.05, 5, 3.2], "pivot": [3.31459, 29.3551, 4.10716], "rotation": [-40.32433, -24.55372, 60.00707], "uv": [80, 89]}
					]
				},
				{
					"name": "Hair_All",
					"parent": "Head",
					"pivot": [0, 6, 0]
				},
				{
					"name": "Hair",
					"parent": "Hair_All",
					"pivot": [0, 6, 0]
				},
				{
					"name": "HairFemaleH_Matching",
					"parent": "Hair",
					"pivot": [-0.14783, 34.36957, 0.52174],
					"cubes": [
						{"origin": [-0.5, 33.9, -5.1], "size": [1, 4, 1], "inflate": -0.003, "uv": [95, 63]},
						{"origin": [-0.6631, 34.78378, -5], "size": [1, 3, 1], "pivot": [0.8369, 36.53378, -4.5], "rotation": [0, 0, -62.5], "uv": [56, 77]},
						{"origin": [0.64019, 34.09974, -5], "size": [1, 2, 1], "pivot": [2.14019, 35.84974, -4.5], "rotation": [0, 0, -82.5], "uv": [94, 34]},
						{"origin": [1.64019, 35.09974, -5], "size": [1, 2, 1], "pivot": [2.14019, 35.84974, -4.5], "rotation": [0, 0, -82.5], "uv": [94, 14]},
						{"origin": [-1.5, 34.9, -5.1], "size": [1, 3, 1], "uv": [42, 75]},
						{"origin": [-0.77235, 34.40356, -5.1], "size": [1, 1, 1], "inflate": 0.003, "pivot": [-0.27235, 33.90356, -4.6], "rotation": [0, 0, -32.5], "uv": [84, 55]},
						{"origin": [-0.77235, 32.70965, -5.1], "size": [1, 2, 1], "inflate": 0.004, "pivot": [-0.27235, 34.20965, -4.6], "rotation": [0, 0, -57.5], "uv": [62, 91]},
						{"origin": [0.23193, 33.83596, -5.1], "size": [1, 4, 1], "pivot": [0.73193, 36.33596, -4.6], "rotation": [0, 0, 10], "uv": [94, 93]},
						{"origin": [-2.5, 35.625, -4.9], "size": [1, 2, 1], "uv": [54, 91]},
						{"origin": [-2.58744, 34.38477, -4.9], "size": [1, 2, 1], "inflate": -0.003, "pivot": [-2.58744, 35.88477, -4.4], "rotation": [0, 0, 40], "uv": [8, 90]},
						{"origin": [1.5, 35.625, -4.9], "size": [1, 2, 1], "uv": [14, 85]},
						{"origin": [-4.3625, 33.425, -4.05], "size": [1, 4, 3], "pivot": [-3.8625, 35.425, -2.55], "rotation": [0, 0, 5], "uv": [57, 91]},
						{"origin": [3.4625, 33.425, -4.1], "size": [1, 4, 3], "uv": [49, 91]},
						{"origin": [-4, 37.2, -3.775], "size": [8, 1, 3], "uv": [48, 40]},
						{"origin": [-2, 35.6, -4.3], "size": [4, 3, 1], "uv": [90, 75]},
						{"origin": [-2.975, 37.9, -3.7], "size": [6, 1, 7], "uv": [48, 32]},
						{"origin": [-3.55, 29.9, 0.6], "size": [7.1, 2, 3], "uv": [9, 64]},
						{"origin": [-2.55, 29.2, 1.5], "size": [5.1, 1, 2], "uv": [83, 0]},
						{"origin": [-2, 38.9, -2.7], "size": [4, 1, 5], "uv": [70, 71]},
						{"origin": [-3, 38.9, -1.7], "size": [1, 1, 3], "uv": [30, 81]},
						{"origin": [2, 38.9, -1.7], "size": [1, 1, 3], "uv": [68, 77]},
						{"origin": [-3.975, 37.9, -2.7], "size": [1, 1, 5], "uv": [7, 84]},
						{"origin": [3.025, 37.9, -2.7], "size": [1, 1, 5], "uv": [83, 75]},
						{"origin": [2.5, 34.525, -4.6], "size": [1, 3, 1], "uv": [0, 75]},
						{"origin": [-3.5, 34.525, -4.6], "size": [1, 3, 1], "uv": [69, 0]}
					]
				},
				{
					"name": "bone12",
					"parent": "HairFemaleH_Matching",
					"pivot": [0, 12.9, -0.1],
					"cubes": [
						{"origin": [-3, 31.2, 4.225], "size": [6, 6, 1], "uv": [81, 63]},
						{"origin": [-4, 30.2, 3.225], "size": [8, 7, 1], "uv": [63, 63]},
						{"origin": [4, 32.075, 2.9], "size": [1, 4, 1], "uv": [76, 7]},
						{"origin": [-5.5, 29, 0.925], "size": [1, 8, 1], "uv": [30, 93]},
						{"origin": [3.5, 30.4, 0.775], "size": [1, 4, 3], "uv": [34, 90]},
						{"origin": [4.5, 33, -1.075], "size": [1, 3, 1], "uv": [14, 75]},
						{"origin": [4.5, 32, -0.075], "size": [1, 5, 1], "uv": [38, 69]},
						{"origin": [3.25, 31, -2.125], "size": [1, 2, 3], "uv": [22, 93]},
						{"origin": [-5.5, 29, -0.075], "size": [1, 8, 1], "uv": [73, 92]},
						{"origin": [3.5, 33, -2.55], "size": [1, 5, 6], "uv": [64, 42]},
						{"origin": [-4.5, 30.4, 0.875], "size": [1, 3, 3], "uv": [65, 91]},
						{"origin": [-4, 37.2, 1.225], "size": [8, 1, 3], "uv": [48, 44]},
						{"origin": [-4.25, 31, -2.125], "size": [1, 2, 3], "uv": [93, 84]},
						{"origin": [-5.5, 30, -1.075], "size": [1, 6, 1], "uv": [48, 83]},
						{"origin": [-5, 32.075, 2.9], "size": [1, 4, 1], "uv": [95, 53]},
						{"origin": [-4.5, 33, -2.55], "size": [1, 5, 6], "uv": [43, 64]}
					]
				},
				{
					"name": "SideDownHairB",
					"parent": "Hair_All",
					"pivot": [0, 13.7, 0.075]
				},
				{
					"name": "SideHairB_B",
					"parent": "SideDownHairB",
					"pivot": [-4.24174, 34.44299, -2.21348]
				},
				{
					"name": "Right_SideHairB_B",
					"parent": "SideHairB_B",
					"pivot": [-4.24174, 34.44299, -2.21348],
					"rotation": [-2.85545, 0.37303, -2.52583],
					"cubes": [
						{"origin": [-4.51749, 31.32534, -3.18896], "size": [1.025, 2, 1], "pivot": [-3.9198, 31.14097, -2.67646], "rotation": [-0.05215, -0.56985, 2.94519], "uv": [83, 34]},
						{"origin": [-4.50244, 28.45561, -3.16396], "size": [1.025, 3, 1], "pivot": [-3.9198, 31.14097, -2.67646], "rotation": [0.02268, -0.57178, -4.55518], "uv": [64, 53], "mirror": true},
						{"origin": [-5.49481, 32.35116, -3.08942], "size": [1.025, 3, 2], "pivot": [-4.76299, 31.97335, -2.32456], "rotation": [2.27375, -0.99714, 7.48595], "uv": [22, 75], "mirror": true},
						{"origin": [-5.74101, 29.68904, -3.05981], "size": [1.025, 1, 1], "pivot": [-4.76299, 31.97335, -2.32456], "rotation": [2.48204, 0.05686, -17.49303], "uv": [52, 83], "mirror": true},
						{"origin": [-5.40109, 30.48215, -3.08481], "size": [1.025, 2, 2], "pivot": [-4.76299, 31.97335, -2.32456], "rotation": [2.41227, -0.58729, -2.50662], "uv": [16, 94], "mirror": true}
					]
				},
				{
					"name": "Left_SideHairB_B",
					"parent": "SideHairB_B",
					"pivot": [4.24174, 34.44299, -2.21348],
					"rotation": [-2.85545, -0.37303, 2.52583],
					"cubes": [
						{"origin": [3.29249, 31.32534, -3.18896], "size": [1.025, 2, 1], "pivot": [3.7198, 31.14097, -2.67646], "rotation": [-0.05215, 0.56985, -2.94519], "uv": [83, 34], "mirror": true},
						{"origin": [3.37744, 28.45561, -3.16396], "size": [1.025, 3, 1], "pivot": [3.7198, 31.14097, -2.67646], "rotation": [0.02268, 0.57178, 4.55518], "uv": [64, 53]},
						{"origin": [4.26981, 32.35116, -3.08942], "size": [1.025, 3, 2], "pivot": [4.56299, 31.97335, -2.32456], "rotation": [2.27375, 0.99714, -7.48595], "uv": [22, 75]},
						{"origin": [4.21601, 29.58904, -3.05981], "size": [1.025, 1, 1], "pivot": [4.56299, 31.97335, -2.32456], "rotation": [2.43557, 0.48154, 5.00449], "uv": [52, 83]},
						{"origin": [4.17609, 30.48215, -3.08481], "size": [1.025, 2, 2], "pivot": [4.56299, 31.97335, -2.32456], "rotation": [2.41227, 0.58729, 2.50662], "uv": [16, 94]}
					]
				},
				{
					"name": "Right_SideHairB",
					"parent": "SideDownHairB",
					"pivot": [3.6625, 36.2704, -2.40415],
					"rotation": [-2.9948, -0.23954, -7.4885],
					"cubes": [
						{"origin": [3.15, 33.7704, -3.40415], "size": [1.025, 2, 1], "uv": [11, 96]},
						{"origin": [3.18633, 30.83846, -3.37915], "size": [1.025, 3, 1], "pivot": [4.0775, 33.9469, -2.57245], "rotation": [0, 0, 2.5], "uv": [64, 53]}
					]
				},
				{
					"name": "Right_SideHairB1",
					"parent": "Right_SideHairB",
					"pivot": [4.0375, 37.7704, -1.40415],
					"rotation": [-0.03642, 0.23681, -7.48857],
					"cubes": [
						{"origin": [3.775, 32.925, -3.5], "size": [1.025, 2, 1], "pivot": [4.27878, 33.22519, -2.7375], "rotation": [-6.20702, -0.73317, -6.71025], "uv": [95, 27]},
						{"origin": [3.68804, 32.06288, -3.49], "size": [1.025, 1, 1], "pivot": [4.20373, 33.26241, -2.75857], "rotation": [-5.7134, -2.5379, -23.87334], "uv": [52, 83]},
						{"origin": [3.55232, 34.79621, -3.30461], "size": [1.025, 3, 2], "uv": [22, 75]},
						{"origin": [4.00232, 32.79621, -1.30461], "size": [1.025, 4, 1], "pivot": [4.26482, 34.79621, -0.80461], "rotation": [-0.0831, 0.47182, -4.97735], "uv": [7, 96]}
					]
				},
				{
					"name": "Left_SideHairB",
					"parent": "SideDownHairB",
					"pivot": [-3.7375, 36.3704, -2.75415],
					"rotation": [-6.72589, 0.45628, 9.98103],
					"cubes": [
						{"origin": [-4.25, 33.8704, -3.75415], "size": [1.025, 2, 1], "uv": [96, 6]},
						{"origin": [-4.01472, 31.96428, -3.73041], "size": [1.025, 2, 1], "pivot": [-4.1525, 34.0469, -2.92245], "rotation": [0, 0, 5], "uv": [95, 68]}
					]
				},
				{
					"name": "Left_SideHairB1",
					"parent": "Left_SideHairB",
					"pivot": [-4.1125, 37.8704, -1.75415],
					"rotation": [-0.0831, -0.47182, 9.97735],
					"cubes": [
						{"origin": [-4.7, 33.125, -3.65], "size": [1.025, 2, 1], "pivot": [-4.17878, 33.42519, -2.8875], "rotation": [0, 0, 15], "uv": [95, 27], "mirror": true},
						{"origin": [-4.58556, 32.26011, -3.645], "size": [1.025, 1, 1], "pivot": [-4.07625, 33.45963, -2.9125], "rotation": [0, 0, 35], "uv": [52, 83], "mirror": true},
						{"origin": [-4.25232, 34.89621, -3.65461], "size": [1.025, 3, 2], "pivot": [-3.2166, 34.10463, -2.92245], "rotation": [0, 0, -2.5], "uv": [42, 93]}
					]
				},
				{
					"name": "Eyes",
					"parent": "Head",
					"pivot": [0, 6, 0]
				},
				{
					"name": "Eyebrows",
					"parent": "Eyes",
					"pivot": [-3.22864, 33.09562, -3.7475]
				},
				{
					"name": "LeftEyebrow",
					"parent": "Eyebrows",
					"pivot": [2.7875, 33.4, -3.6375],
					"cubes": [
						{"origin": [2.84562, 32.31205, -4.095], "size": [2.075, 1.175, 1.5], "inflate": -0.4, "pivot": [3.88312, 32.9933, -3.35], "rotation": [0, 0, -12.75], "uv": [31, 69]},
						{"origin": [0.6125, 33.16539, -3.825], "size": [1.9, 1.025, 1.3], "inflate": -0.25, "pivot": [2.13277, 33.37908, -3.16629], "rotation": [0, 0, -17.25], "uv": [42, 83]},
						{"origin": [2.84524, 32.50213, -4.105], "size": [2.0225, 1.26212, 1.5], "inflate": -0.4, "pivot": [3.88312, 32.9933, -3.35], "rotation": [0, 0, 3.75], "uv": [31, 69]},
						{"origin": [0.51956, 32.84173, -3.915], "size": [1.99448, 1.14401, 1.5], "inflate": -0.35, "pivot": [2.13277, 33.37908, -3.16629], "rotation": [0, 0, -9.25], "uv": [42, 83]},
						{"origin": [1.89272, 33.05832, -3.72494], "size": [1.725, 1.05, 1.2], "inflate": -0.15, "pivot": [2.13277, 33.37908, -3.16629], "rotation": [0, 3, 8.25], "uv": [80, 55]}
					]
				},
				{
					"name": "RightEyebrow",
					"parent": "Eyebrows",
					"pivot": [-2.7875, 33.4, -3.6375],
					"cubes": [
						{"origin": [-4.92062, 32.31205, -4.095], "size": [2.075, 1.175, 1.5], "inflate": -0.4, "pivot": [-3.88312, 32.9933, -3.35], "rotation": [0, 0, 12.75], "uv": [31, 69], "mirror": true},
						{"origin": [-2.5125, 33.16539, -3.825], "size": [1.9, 1.025, 1.3], "inflate": -0.25, "pivot": [-2.13277, 33.37908, -3.16629], "rotation": [0, 0, 17.25], "uv": [42, 83], "mirror": true},
						{"origin": [-4.86774, 32.50213, -4.105], "size": [2.0225, 1.26212, 1.5], "inflate": -0.4, "pivot": [-3.88312, 32.9933, -3.35], "rotation": [0, 0, -3.75], "uv": [31, 69], "mirror": true},
						{"origin": [-2.51404, 32.86673, -3.915], "size": [1.99448, 1.11901, 1.5], "inflate": -0.35, "pivot": [-2.13277, 33.37908, -3.16629], "rotation": [0, 0, 9.25], "uv": [42, 83], "mirror": true},
						{"origin": [-3.61772, 33.08332, -3.72494], "size": [1.725, 1.025, 1.2], "inflate": -0.15, "pivot": [-2.13277, 33.37908, -3.16629], "rotation": [0, -3, -8.25], "uv": [80, 55], "mirror": true}
					]
				},
				{
					"name": "Eyelid",
					"parent": "Eyes",
					"pivot": [0, 32, 0]
				},
				{
					"name": "LeftEyelid",
					"parent": "Eyelid",
					"pivot": [2.275, 32.5625, -3.025],
					"cubes": [
						{"origin": [0.975, 31.425, -3.725], "size": [2.6, 2.275, 1.4], "inflate": -0.2, "uv": [82, 77]}
					]
				},
				{
					"name": "LeftEyesBase",
					"parent": "LeftEyelid",
					"pivot": [2.15, 32.5, -3.05]
				},
				{
					"name": "LeftEylight",
					"parent": "LeftEyesBase",
					"pivot": [2.825, 32.925, -3.5625],
					"cubes": [
						{"origin": [2.175, 32.35, -3.975], "size": [1.3, 1.15, 1], "inflate": -0.4, "uv": [86, 60]}
					]
				},
				{
					"name": "LeftPupil",
					"parent": "LeftEyesBase",
					"pivot": [2.125, 32.65, -3.2575],
					"cubes": [
						{"origin": [1.40549, 31.66938, -4.06709], "size": [1.56149, 1.21101, 1.07034], "inflate": -0.5, "pivot": [2.10338, 32.33807, -3.51459], "rotation": [0, 0, -77.5], "uv": [67, 40]},
						{"origin": [1.63478, 31.82176, -4.06734], "size": [1.49751, 1.21101, 1.07034], "inflate": -0.5, "pivot": [2.10643, 32.57421, -3.53218], "rotation": [0, 0, -102.5], "uv": [67, 40]},
						{"origin": [1.07099, 31.82176, -4.06709], "size": [1.49751, 1.21101, 1.07034], "inflate": -0.5, "pivot": [2.09686, 32.57421, -3.53218], "rotation": [0, 0, 102.5], "uv": [67, 40], "mirror": true},
						{"origin": [1.2363, 31.66938, -4.06734], "size": [1.56149, 1.21101, 1.07034], "inflate": -0.5, "pivot": [2.09991, 32.33807, -3.51459], "rotation": [0, 0, 77.5], "uv": [67, 40], "mirror": true},
						{"origin": [1.4243, 31.84023, -4.09795], "size": [1.395, 1.126, 1.042], "inflate": -0.5, "pivot": [2.10218, 32.44096, -3.5666], "rotation": [0, 0, -77.5], "uv": [64, 16]},
						{"origin": [1.55114, 32.04023, -4.09185], "size": [1.1, 1.176, 1.042], "inflate": -0.5, "uv": [64, 16]},
						{"origin": [1.18136, 31.93122, -4.09795], "size": [1.4, 1.126, 1.042], "inflate": -0.5, "pivot": [2.09829, 32.58197, -3.5771], "rotation": [0, 0, 102.5], "uv": [64, 16], "mirror": true},
						{"origin": [1.38299, 31.84023, -4.0981], "size": [1.395, 1.126, 1.042], "inflate": -0.5, "pivot": [2.10011, 32.44096, -3.5666], "rotation": [0, 0, 77.5], "uv": [64, 16], "mirror": true},
						{"origin": [1.62093, 31.93122, -4.0981], "size": [1.4, 1.126, 1.042], "inflate": -0.5, "pivot": [2.104, 32.58197, -3.5771], "rotation": [0, 0, -102.5], "uv": [64, 16]}
					]
				},
				{
					"name": "LeftEyesBase2",
					"parent": "LeftEyesBase",
					"pivot": [2.1, 32.6125, -3.05],
					"cubes": [
						{"origin": [1.15, 31.525, -3.75], "size": [1.9, 2.175, 1.4], "inflate": -0.2, "uv": [0, 97]}
					]
				},
				{
					"name": "RightEyelid",
					"parent": "Eyelid",
					"pivot": [-2.275, 32.5625, -3.025],
					"cubes": [
						{"origin": [-3.575, 31.425, -3.725], "size": [2.6, 2.275, 1.4], "inflate": -0.2, "uv": [60, 82]}
					]
				},
				{
					"name": "RightEyesBase",
					"parent": "RightEyelid",
					"pivot": [-2.15, 32.5, -3.05]
				},
				{
					"name": "RightPupil",
					"parent": "RightEyesBase",
					"pivot": [-2.125, 32.65, -3.2575],
					"cubes": [
						{"origin": [-3.02093, 31.93122, -4.0981], "size": [1.4, 1.126, 1.042], "inflate": -0.5, "pivot": [-2.104, 32.58197, -3.5771], "rotation": [0, 0, 102.5], "uv": [64, 16], "mirror": true},
						{"origin": [-2.77799, 31.84023, -4.0981], "size": [1.395, 1.126, 1.042], "inflate": -0.5, "pivot": [-2.10011, 32.44096, -3.5666], "rotation": [0, 0, -77.5], "uv": [64, 16]},
						{"origin": [-2.58136, 31.93122, -4.09795], "size": [1.4, 1.126, 1.042], "inflate": -0.5, "pivot": [-2.09829, 32.58197, -3.5771], "rotation": [0, 0, -102.5], "uv": [64, 16]},
						{"origin": [-2.65114, 32.04023, -4.09185], "size": [1.1, 1.176, 1.042], "inflate": -0.5, "uv": [64, 16], "mirror": true},
						{"origin": [-2.8193, 31.84023, -4.09795], "size": [1.395, 1.126, 1.042], "inflate": -0.5, "pivot": [-2.10218, 32.44096, -3.5666], "rotation": [0, 0, 77.5], "uv": [64, 16], "mirror": true},
						{"origin": [-2.96698, 31.66938, -4.06709], "size": [1.56149, 1.21101, 1.07034], "inflate": -0.5, "pivot": [-2.10338, 32.33807, -3.51459], "rotation": [0, 0, 77.5], "uv": [67, 40], "mirror": true},
						{"origin": [-3.1323, 31.82176, -4.06734], "size": [1.49751, 1.21101, 1.07034], "inflate": -0.5, "pivot": [-2.10643, 32.57421, -3.53218], "rotation": [0, 0, 102.5], "uv": [67, 40], "mirror": true},
						{"origin": [-2.56851, 31.82176, -4.06709], "size": [1.49751, 1.21101, 1.07034], "inflate": -0.5, "pivot": [-2.09686, 32.57421, -3.53218], "rotation": [0, 0, -102.5], "uv": [67, 40]},
						{"origin": [-2.79779, 31.66938, -4.06734], "size": [1.56149, 1.21101, 1.07034], "inflate": -0.5, "pivot": [-2.09991, 32.33807, -3.51459], "rotation": [0, 0, -77.5], "uv": [67, 40]}
					]
				},
				{
					"name": "RightEyesBase2",
					"parent": "RightEyesBase",
					"pivot": [-2.1, 32.6125, -3.05],
					"cubes": [
						{"origin": [-3.05, 31.525, -3.75], "size": [1.9, 2.175, 1.4], "inflate": -0.2, "uv": [77, 96]}
					]
				},
				{
					"name": "RightEyelight",
					"parent": "RightEyesBase",
					"pivot": [-1.375, 32.925, -3.5625],
					"cubes": [
						{"origin": [-2.025, 32.35, -3.975], "size": [1.3, 1.15, 1], "inflate": -0.4, "uv": [86, 60]}
					]
				},
				{
					"name": "Mouth",
					"parent": "Head",
					"pivot": [0.9667, 31.11563, -3.029]
				},
				{
					"name": "Mouth2",
					"parent": "Mouth",
					"pivot": [0.9667, 31.11563, -3.029],
					"cubes": [
						{"origin": [-1.4042, 30.69063, -3.901], "size": [1.1, 1, 1.8], "inflate": -0.399, "pivot": [-0.9667, 31.11563, -3.029], "rotation": [0, 0, -12.5], "uv": [78, 23]},
						{"origin": [-1.44792, 30.41721, -4.001], "size": [1.5, 1.15, 2], "inflate": -0.5, "pivot": [-0.49792, 31.04221, -3.55], "rotation": [0, 0, 24], "uv": [26, 64], "mirror": true},
						{"origin": [-1.025, 30.45, -4.001], "size": [1.525, 1.15, 2], "inflate": -0.5, "pivot": [-0.2125, 30.9, -3.026], "rotation": [0, 0, -8], "uv": [26, 64]},
						{"origin": [-0.575, 30.45, -4.001], "size": [1.6, 1.15, 2], "inflate": -0.5, "pivot": [0.2, 30.9, -3.026], "rotation": [0, 0, 8], "uv": [26, 64]},
						{"origin": [-0.05208, 30.41721, -4.001], "size": [1.5, 1.15, 2], "inflate": -0.5, "pivot": [0.52292, 31.04221, -3.55], "rotation": [0, 0, -24], "uv": [26, 64]},
						{"origin": [0.3042, 30.69063, -3.901], "size": [1.075, 1, 1.8], "inflate": -0.399, "pivot": [0.9667, 31.11563, -3.029], "rotation": [0, 0, 12.5], "uv": [78, 23], "mirror": true}
					]
				},
				{
					"name": "Mouth3",
					"parent": "Mouth",
					"pivot": [0.14167, 31.375, -2.55833],
					"cubes": [
						{"origin": [-1.3, 30.85, -2.925], "size": [2.6, 1.2, 1], "inflate": -0.4, "uv": [48, 37]},
						{"origin": [-1.24519, 31.08232, -2.93], "size": [1.1, 1.1, 1], "inflate": -0.4, "pivot": [-0.67019, 31.63232, -2.425], "rotation": [0, 0, 45], "uv": [52, 77], "mirror": true},
						{"origin": [0.14519, 31.08232, -2.93], "size": [1.1, 1.1, 1], "inflate": -0.4, "pivot": [0.67019, 31.63232, -2.425], "rotation": [0, 0, -45], "uv": [52, 77]},
						{"origin": [-0.89519, 31.08232, -2.93], "size": [1.1, 1.1, 1], "inflate": -0.4, "pivot": [-0.32019, 31.63232, -2.425], "rotation": [0, 0, 45], "uv": [52, 77], "mirror": true},
						{"origin": [-0.55732, 31.08232, -2.93], "size": [1.1, 1.1, 1], "inflate": -0.4, "pivot": [0.01768, 31.63232, -2.425], "rotation": [0, 0, 45], "uv": [52, 77], "mirror": true},
						{"origin": [-0.20481, 31.08232, -2.93], "size": [1.1, 1.1, 1], "inflate": -0.4, "pivot": [0.32019, 31.63232, -2.425], "rotation": [0, 0, -45], "uv": [52, 77]},
						{"origin": [-0.8985, 30.27659, -2.925], "size": [1.79699, 1.64841, 1], "inflate": -0.4, "uv": [76, 55], "mirror": true},
						{"origin": [-1.28542, 30.47801, -2.925], "size": [1.5, 1.2, 1], "inflate": -0.4, "pivot": [-0.53542, 31.07801, -2.425], "rotation": [0, 0, 55], "uv": [76, 55], "mirror": true},
						{"origin": [-0.21458, 30.47801, -2.925], "size": [1.5, 1.2, 1], "inflate": -0.4, "pivot": [0.53542, 31.07801, -2.425], "rotation": [0, 0, -55], "uv": [76, 55]}
					]
				},
				{
					"name": "Arm",
					"parent": "UpperBody",
					"pivot": [0, 29, 0]
				},
				{
					"name": "LeftArm",
					"parent": "Arm",
					"pivot": [3.45, 28.125, 0.1],
					"rotation": [0, 0, -18],
					"cubes": [
						{"origin": [2.35902, 23.15106, -1.4], "size": [2.5, 6, 3], "uv": [63, 82]},
						{"origin": [2.15902, 22.95106, -1.6], "size": [2.9, 6.4, 3.4], "uv": [53, 82]},
						{"origin": [2.10364, 23.85172, -1.75], "size": [3.05, 3.2, 3.8], "pivot": [4.44098, 26.73014, -0.05], "rotation": [0, 0, -2.5], "uv": [51, 64], "mirror": true}
					]
				},
				{
					"name": "LeftForeArm",
					"parent": "LeftArm",
					"pivot": [3.675, 23.45, 0.125],
					"cubes": [
						{"origin": [2.38402, 18.37606, -1.375], "size": [2.45, 5, 3], "uv": [73, 84]},
						{"origin": [2.18402, 18.17606, -1.575], "size": [2.85, 5.4, 3.6], "uv": [83, 81]},
						{"origin": [2.70489, 17.9309, -1.825], "size": [3, 6.05, 3.875], "pivot": [4, 21.425, -0.0875], "rotation": [0, 0, -10], "uv": [0, 80], "mirror": true},
						{"origin": [2.40489, 17.4309, -2.225], "size": [3, 6.45, 3.875], "pivot": [4, 21.425, -0.0875], "rotation": [-7.47178, 0.65182, -5.04256], "uv": [0, 80], "mirror": true},
						{"origin": [2.40489, 16.16417, -0.84261], "size": [3, 1.26673, 2.49261], "pivot": [4, 21.425, -0.0875], "rotation": [-7.47178, 0.65182, -5.04256], "uv": [90, 81], "mirror": true},
						{"origin": [2.74502, 16.85226, -2.67672], "size": [3, 1, 1.875], "pivot": [4.24502, 17.35226, -1.73922], "rotation": [-49.97178, 0.65182, -5.04256], "uv": [60, 14], "mirror": true}
					]
				},
				{
					"name": "LeftHand",
					"parent": "LeftForeArm",
					"pivot": [3.675, 18.65, 0.125]
				},
				{
					"name": "bone2",
					"parent": "LeftHand",
					"pivot": [4.01072, 16.57851, -1.08437],
					"rotation": [-6.49762, 0.10901, 2.49762],
					"cubes": [
						{"origin": [2.76072, 15.40351, 1.31563], "size": [3.1, 3.6, 4.2], "pivot": [4.01072, 16.57851, -0.08437], "rotation": [27.5, 0, -7.5], "uv": [72, 77]},
						{"origin": [2.63402, 16.15106, -1.525], "size": [3.15, 2.25, 3.25], "pivot": [3.90902, 17.35106, 0.1], "rotation": [0, 0, -7.5], "uv": [86, 55]},
						{"origin": [2.56072, 15.20351, 4.11563], "size": [3.5, 4, 1.6], "pivot": [4.01072, 16.57851, -0.08437], "rotation": [27.5, 0, -7.5], "uv": [92, 44]}
					]
				},
				{
					"name": "LeftHandLocator",
					"parent": "LeftHand",
					"pivot": [3.425, 17.4, 0.025]
				},
				{
					"name": "TNTNormal2",
					"parent": "LeftHand",
					"pivot": [-7, 8, 7],
					"cubes": [
						{"origin": [-15, 0, -1], "size": [16, 16, 16], "uv": [0, 32]}
					]
				},
				{
					"name": "1",
					"parent": "LeftArm",
					"pivot": [3.66337, 25.91703, 0.15]
				},
				{
					"name": "bone8",
					"parent": "1",
					"pivot": [3.61846, 25.79342, -0.95],
					"cubes": [
						{"origin": [3.00007, 23.29342, -2.4526], "size": [1.23744, 5, 3.0052], "uv": [112, 120], "mirror": true},
						{"origin": [3.00007, 23.29342, -2.45], "size": [1.23744, 5, 3.0026], "pivot": [3.61879, 25.79342, -0.95], "rotation": [0, -90, 0], "uv": [120, 120], "mirror": true},
						{"origin": [2.99379, 23.29342, -2.45], "size": [1.25, 5, 3], "pivot": [3.61879, 25.79342, -0.95], "rotation": [0, -135, 0], "uv": [104, 120], "mirror": true},
						{"origin": [2.99379, 23.29342, -2.45], "size": [1.25, 5, 3], "pivot": [3.61879, 25.79342, -0.95], "rotation": [0, -45, 0], "uv": [96, 120], "mirror": true}
					]
				},
				{
					"name": "2",
					"parent": "LeftArm",
					"pivot": [3.66337, 25.91703, 0.15]
				},
				{
					"name": "bone4",
					"parent": "2",
					"pivot": [3.61846, 25.79342, -0.95],
					"cubes": [
						{"origin": [3.00007, 23.29342, -2.4526], "size": [1.23744, 5, 3.0052], "uv": [112, 120], "mirror": true},
						{"origin": [3.00007, 23.29342, -2.45], "size": [1.23744, 5, 3.0026], "pivot": [3.61879, 25.79342, -0.95], "rotation": [0, -90, 0], "uv": [120, 120], "mirror": true},
						{"origin": [2.99379, 23.29342, -2.45], "size": [1.25, 5, 3], "pivot": [3.61879, 25.79342, -0.95], "rotation": [0, -135, 0], "uv": [104, 120], "mirror": true},
						{"origin": [2.99379, 23.29342, -2.45], "size": [1.25, 5, 3], "pivot": [3.61879, 25.79342, -0.95], "rotation": [0, -45, 0], "uv": [96, 120], "mirror": true}
					]
				},
				{
					"name": "3",
					"parent": "LeftArm",
					"pivot": [3.66337, 25.91703, 0.15]
				},
				{
					"name": "bone6",
					"parent": "3",
					"pivot": [3.61846, 25.79342, -0.95],
					"cubes": [
						{"origin": [3.00007, 23.29342, -2.4526], "size": [1.23744, 5, 3.0052], "uv": [112, 120], "mirror": true},
						{"origin": [3.00007, 23.29342, -2.45], "size": [1.23744, 5, 3.0026], "pivot": [3.61879, 25.79342, -0.95], "rotation": [0, -90, 0], "uv": [120, 120], "mirror": true},
						{"origin": [2.99379, 23.29342, -2.45], "size": [1.25, 5, 3], "pivot": [3.61879, 25.79342, -0.95], "rotation": [0, -135, 0], "uv": [104, 120], "mirror": true},
						{"origin": [2.99379, 23.29342, -2.45], "size": [1.25, 5, 3], "pivot": [3.61879, 25.79342, -0.95], "rotation": [0, -45, 0], "uv": [96, 120], "mirror": true}
					]
				},
				{
					"name": "RightArm",
					"parent": "Arm",
					"pivot": [-3.45, 28.125, 0.1],
					"rotation": [0, 0, 18],
					"cubes": [
						{"origin": [-5.15364, 23.85172, -1.75], "size": [3.05, 3.2, 3.8], "pivot": [-4.44098, 26.73014, -0.05], "rotation": [0, 0, 2.5], "uv": [51, 64]},
						{"origin": [-4.85902, 23.15106, -1.4], "size": [2.5, 6, 3], "uv": [63, 82], "mirror": true},
						{"origin": [-5.05902, 22.95106, -1.6], "size": [2.9, 6.4, 3.4], "uv": [53, 82], "mirror": true}
					]
				},
				{
					"name": "RightForeArm",
					"parent": "RightArm",
					"pivot": [-3.675, 23.45, 0.125],
					"cubes": [
						{"origin": [-5.74502, 16.85226, -2.67672], "size": [3, 1, 1.875], "pivot": [-4.24502, 17.35226, -1.73922], "rotation": [-49.97178, -0.65182, 5.04256], "uv": [60, 14]},
						{"origin": [-4.83402, 18.37606, -1.375], "size": [2.45, 5, 3], "uv": [73, 84], "mirror": true},
						{"origin": [-5.03402, 18.17606, -1.575], "size": [2.85, 5.4, 3.6], "uv": [83, 81], "mirror": true},
						{"origin": [-5.70489, 17.9309, -1.825], "size": [3, 6.05, 3.875], "pivot": [-4, 21.425, -0.0875], "rotation": [0, 0, 10], "uv": [0, 80]},
						{"origin": [-5.40489, 17.4309, -2.225], "size": [3, 6.45, 3.875], "pivot": [-4, 21.425, -0.0875], "rotation": [-7.47178, -0.65182, 5.04256], "uv": [0, 80]},
						{"origin": [-5.40489, 16.16417, -0.84261], "size": [3, 1.26673, 2.49261], "pivot": [-4, 21.425, -0.0875], "rotation": [-7.47178, -0.65182, 5.04256], "uv": [90, 81]}
					]
				},
				{
					"name": "RightHand",
					"parent": "RightForeArm",
					"pivot": [-3.675, 18.65, 0.125]
				},
				{
					"name": "RedStoneTorch",
					"parent": "RightHand",
					"pivot": [-2, 17, 0],
					"rotation": [90, 0, 0],
					"cubes": [
						{"origin": [-6, 17, 0], "size": [4, 11, 2], "uv": [30, 111]},
						{"origin": [-3, 17, 1], "size": [4, 11, 2], "pivot": [-2, 17, 0], "rotation": [0, -90, 0], "uv": [30, 111]}
					]
				},
				{
					"name": "RightHandLocator",
					"parent": "RightHand",
					"pivot": [-3.425, 17.4, 0.025]
				},
				{
					"name": "bone13",
					"parent": "RightHand",
					"pivot": [-4.01072, 16.57851, -1.08437],
					"rotation": [-6.49762, -0.10901, -2.49762],
					"cubes": [
						{"origin": [-5.86072, 15.40351, 1.31563], "size": [3.1, 3.6, 4.2], "pivot": [-4.01072, 16.57851, -0.08437], "rotation": [27.5, 0, 7.5], "uv": [72, 77], "mirror": true},
						{"origin": [-5.78402, 16.15106, -1.525], "size": [3.15, 2.25, 3.25], "pivot": [-3.90902, 17.35106, 0.1], "rotation": [0, 0, 7.5], "uv": [86, 55], "mirror": true},
						{"origin": [-6.06072, 15.20351, 4.11563], "size": [3.5, 4, 1.6], "pivot": [-4.01072, 16.57851, -0.08437], "rotation": [27.5, 0, 7.5], "uv": [92, 44], "mirror": true}
					]
				},
				{
					"name": "UpperBodySkin",
					"parent": "UpperBody",
					"pivot": [0.45, 12.375, 0.575],
					"cubes": [
						{"origin": [-0.6448, 24.8329, -2.02612], "size": [4.025, 5, 4.125], "pivot": [-0.00604, 27.46314, 0.08638], "rotation": [0, 0, 14.97328], "uv": [64, 53]},
						{"origin": [-3.42831, 24.46228, -2.04784], "size": [4, 5, 4.125], "pivot": [-1.42831, 27.46228, 0.05216], "rotation": [0, 0, -14.97328], "uv": [67, 28]},
						{"origin": [-2.875, 23.5, -2.175], "size": [5.75, 3, 4.275], "uv": [69, 0]}
					]
				},
				{
					"name": "UpperBodyClothes",
					"parent": "UpperBody",
					"pivot": [0.45, 12.375, 0.575],
					"cubes": [
						{"origin": [1.3302, 24.8079, -2.05112], "size": [2.075, 5.05, 4.175], "pivot": [-0.00604, 27.46314, 0.08638], "rotation": [0, 0, 14.97328], "uv": [34, 81]},
						{"origin": [-3.45331, 24.43728, -2.07284], "size": [2.05, 5.05, 4.175], "pivot": [-1.42831, 27.46228, 0.05216], "rotation": [0, 0, -14.97328], "uv": [22, 81]},
						{"origin": [-2.9, 23.175, -2.2], "size": [5.8, 3.55, 4.325], "uv": [64, 21]},
						{"origin": [-2.9, 26.725, 1.125], "size": [5.8, 2, 1], "uv": [25, 90]},
						{"origin": [-0.525, 20.15, -2.225], "size": [1.05, 3.05, 1], "uv": [0, 32]},
						{"origin": [-0.525, 23.15, -2.225], "size": [1.05, 3.6, 1], "uv": [64, 21]}
					]
				},
				{
					"name": "Breast",
					"parent": "UpperBody",
					"pivot": [0.0125, 27.56214, -1.98014],
					"cubes": [
						{"origin": [-2.8875, 20.64569, -2.29515], "size": [5.775, 3, 2], "pivot": [0.05, 25.14569, 6.70485], "rotation": [-32, 0, 0], "uv": [83, 70]},
						{"origin": [-2.9125, 20.62069, -2.32015], "size": [5.825, 3.05, 2.05], "pivot": [0.05, 25.14569, 6.70485], "rotation": [-32, 0, 0], "uv": [83, 29]},
						{"origin": [-0.55, 20.59569, -2.34515], "size": [1.1, 3.1, 2.1], "pivot": [-0.3375, 25.14569, 6.70485], "rotation": [-32, 0, 0], "uv": [48, 32]}
					]
				},
				{
					"name": "bone",
					"parent": "Breast",
					"pivot": [1.9536, 26.53897, -2.20306],
					"cubes": [
						{"origin": [-3.29262, 24.95639, -3.86068], "size": [3.075, 3, 3], "pivot": [-1.9536, 26.43897, -2.37806], "rotation": [-53.11398, 4.00278, 2.99399], "uv": [105, 34], "mirror": true},
						{"origin": [-0.9125, 25.1909, -2.89429], "size": [1.825, 3.05, 2.65], "pivot": [0, 27.1159, -1.86929], "rotation": [-51, 0, 0], "uv": [106, 43]},
						{"origin": [0.21762, 24.95639, -3.86068], "size": [3.075, 3, 3], "pivot": [1.9536, 26.43897, -2.37806], "rotation": [-53.11398, -4.00278, -2.99399], "uv": [105, 34]},
						{"origin": [-3.2, 29.54501, 18.27942], "size": [6.4, 1, 2], "pivot": [7.34862, 11.42032, 10.34751], "rotation": [62.5, 0, 0], "uv": [105, 52]}
					]
				},
				{
					"name": "Skirt",
					"parent": "UpBody",
					"pivot": [0, 19.275, -0.0625]
				},
				{
					"name": "Skirt_Left",
					"parent": "Skirt",
					"pivot": [3.275, 20.05, -0.0375],
					"rotation": [0, 0, -13],
					"cubes": [
						{"origin": [2.525, 16.375, -2.5375], "size": [1.1, 2, 2.25], "pivot": [3.075, 18.375, -1.7125], "rotation": [-12.5, 0, 0], "uv": [88, 93]},
						{"origin": [2.525, 18.375, -2.4375], "size": [1.1, 2, 2.25], "pivot": [3.075, 18.375, -1.7125], "rotation": [-12.5, 0, 0], "uv": [72, 44]},
						{"origin": [2.525, 16.375, 0.2375], "size": [1.1, 2, 2.25], "pivot": [3.075, 18.375, 1.5625], "rotation": [12.5, 0, 0], "uv": [64, 28]},
						{"origin": [2.5, 16.1, -0.7875], "size": [1.1, 3, 1.5], "uv": [45, 64]},
						{"origin": [2.55, 18.375, 0.1375], "size": [1.1, 2, 2.25], "pivot": [3.075, 18.375, 1.5625], "rotation": [12.5, 0, 0], "uv": [10, 32]}
					]
				},
				{
					"name": "Skirt_Go",
					"parent": "Skirt",
					"pivot": [0, 21.075, -1.9875],
					"rotation": [-12.5, 0, 0],
					"cubes": [
						{"origin": [-3.625, 16.4, -2.0375], "size": [7.25, 2, 1.1], "uv": [78, 14]},
						{"origin": [-3.525, 18.4, -2.0375], "size": [7.05, 2, 1.1], "uv": [0, 45]},
						{"origin": [-0.525, 16.375, -2.0625], "size": [1.05, 2.05, 1.15], "uv": [79, 29]},
						{"origin": [-0.525, 18.375, -2.0625], "size": [1.05, 2.05, 1.15], "uv": [9, 80]}
					]
				},
				{
					"name": "Skirt_Back",
					"parent": "Skirt",
					"pivot": [0, 21.1, 1.9375],
					"rotation": [12.5, 0, 0],
					"cubes": [
						{"origin": [-3.625, 16.425, 0.8875], "size": [7.25, 2, 1.1], "uv": [1, 104]},
						{"origin": [-3.525, 18.425, 0.8875], "size": [7.05, 2, 1.1], "uv": [0, 13]}
					]
				},
				{
					"name": "Skirt_Right",
					"parent": "Skirt",
					"pivot": [-3.275, 20.05, -0.0375],
					"rotation": [0, 0, 13],
					"cubes": [
						{"origin": [-3.625, 16.375, -2.5375], "size": [1.1, 2, 2.25], "pivot": [-3.075, 18.375, -1.7125], "rotation": [-12.5, 0, 0], "uv": [88, 93], "mirror": true},
						{"origin": [-3.625, 18.375, -2.4375], "size": [1.1, 2, 2.25], "pivot": [-3.075, 18.375, -1.7125], "rotation": [-12.5, 0, 0], "uv": [72, 44], "mirror": true},
						{"origin": [-3.625, 16.375, 0.2375], "size": [1.1, 2, 2.25], "pivot": [-3.075, 18.375, 1.5625], "rotation": [12.5, 0, 0], "uv": [64, 28], "mirror": true},
						{"origin": [-3.6, 16.1, -0.7875], "size": [1.1, 3, 1.5], "uv": [45, 64], "mirror": true},
						{"origin": [-3.65, 18.375, 0.1375], "size": [1.1, 2, 2.25], "pivot": [-3.075, 18.375, 1.5625], "rotation": [12.5, 0, 0], "uv": [10, 32], "mirror": true}
					]
				},
				{
					"name": "bone14",
					"parent": "UpBody",
					"pivot": [-2, 19.9, 0],
					"cubes": [
						{"origin": [-2.9, 20.175, -2.2], "size": [5.8, 3, 4.325], "uv": [64, 14]},
						{"origin": [0.2, 19.8, -2.175], "size": [3.4, 4, 4.275], "pivot": [2, 19.9, 0], "rotation": [0, 0, -12.25], "uv": [42, 75], "mirror": true},
						{"origin": [-3.6, 19.8, -2.175], "size": [3.4, 4, 4.275], "pivot": [-2, 19.9, 0], "rotation": [0, 0, 12.25], "uv": [42, 75]}
					]
				},
				{
					"name": "TNT",
					"parent": "UpBody",
					"pivot": [-7, 8, 7]
				},
				{
					"name": "TNTNormal",
					"parent": "TNT",
					"pivot": [-7, 8, 7],
					"cubes": [
						{"origin": [-15, 0, -1], "size": [16, 16, 16], "uv": [0, 32]}
					]
				},
				{
					"name": "TNTWhite",
					"parent": "TNT",
					"pivot": [-7, 8, 7],
					"cubes": [
						{"origin": [-15, 0, -1], "size": [16, 16, 16], "inflate": -0.01, "uv": [0, 0]}
					]
				},
				{
					"name": "DownBody",
					"parent": "AllBody",
					"pivot": [0, 18, 0]
				},
				{
					"name": "Legs",
					"parent": "DownBody",
					"pivot": [0, 19, 0]
				},
				{
					"name": "LeftLeg",
					"parent": "Legs",
					"pivot": [2.1, 17.5, 0],
					"cubes": [
						{"origin": [0.475, 9, -2], "size": [3.25, 9, 4], "uv": [0, 32]}
					]
				},
				{
					"name": "LeftLowerLeg",
					"parent": "LeftLeg",
					"pivot": [1.775, 9.55, 0.325],
					"cubes": [
						{"origin": [0.5, 0.85, -1.975], "size": [3.2, 9, 4], "uv": [0, 0]},
						{"origin": [0.525, 7.50194, -1.37374], "size": [3.15, 2, 2], "pivot": [0, 9.50194, 1.55126], "rotation": [-40, 0, 0], "uv": [65, 71]},
						{"origin": [0.55, 9.29874, -0.78039], "size": [3.1, 2, 2], "pivot": [2.1, 10.29874, 0.21961], "rotation": [-5, 0, 0], "uv": [65, 71]}
					]
				},
				{
					"name": "LeftFoot",
					"parent": "LeftLowerLeg",
					"pivot": [2.175, 1.875, 0.3],
					"cubes": [
						{"origin": [0.45229, -0.09042, -2.89851], "size": [3.325, 2, 5], "uv": [76, 7]}
					]
				},
				{
					"name": "RightLeg",
					"parent": "Legs",
					"pivot": [-2.1, 17.5, 0],
					"cubes": [
						{"origin": [-3.725, 9, -2], "size": [3.25, 9, 4], "uv": [0, 32], "mirror": true}
					]
				},
				{
					"name": "RightLowerLeg",
					"parent": "RightLeg",
					"pivot": [-1.775, 9.55, 0.325],
					"cubes": [
						{"origin": [-3.7, 0.85, -1.975], "size": [3.2, 9, 4], "uv": [0, 0], "mirror": true},
						{"origin": [-3.675, 7.50194, -1.37374], "size": [3.15, 2, 2], "pivot": [0, 9.50194, 1.55126], "rotation": [-40, 0, 0], "uv": [65, 71], "mirror": true},
						{"origin": [-3.65, 9.29874, -0.78039], "size": [3.1, 2, 2], "pivot": [-2.1, 10.29874, 0.21961], "rotation": [-5, 0, 0], "uv": [65, 71], "mirror": true}
					]
				},
				{
					"name": "LeftFoot2",
					"parent": "RightLowerLeg",
					"pivot": [2.175, 1.875, 0.3],
					"cubes": [
						{"origin": [-3.77729, -0.09042, -2.89851], "size": [3.325, 2, 5], "uv": [76, 7], "mirror": true}
					]
				}
			]
		}
	]
}