{
	"format_version": "1.12.0",
	"minecraft:geometry": [
		{
			"description": {
				"identifier": "geometry.unknown",
				"texture_width": 128,
				"texture_height": 128,
				"visible_bounds_width": 2,
				"visible_bounds_height": 4.5,
				"visible_bounds_offset": [0, 1.75, 0]
			},
			"bones": [
				{
					"name": "Root",
					"pivot": [0, 0.1, 0]
				},
				{
					"name": "AllBody",
					"parent": "Root",
					"pivot": [0, 16.1, 0]
				},
				{
					"name": "UpBody",
					"parent": "AllBody",
					"pivot": [0, 15.4, 0],
					"cubes": [
						{"origin": [-2.5, 20.225, -2.1], "size": [5, 1, 4.175], "uv": [48, 0]},
						{"origin": [-2.4, 20.325, -2.475], "size": [4.8, 2, 2], "pivot": [0, 20.125, -1.1], "rotation": [-41.75, 0, 0], "uv": [74, 49]},
						{"origin": [-2.45, 20.175, 0.375], "size": [4.875, 2, 2], "pivot": [0, 20.125, 1.1], "rotation": [46.25, 0, 0], "uv": [74, 49]},
						{"origin": [-0.825, 14.67753, -2.05], "size": [1.65, 2, 4.1], "uv": [73, 19]},
						{"origin": [-0.5, 16.67753, -2.05], "size": [1, 4, 4.1], "uv": [20, 71]},
						{"origin": [-3.3, 15, -2.025], "size": [3, 6, 4.05], "pivot": [-2, 17.3, 0], "rotation": [0, 0, 12.25], "uv": [17, 52]},
						{"origin": [0.3, 15, -2.025], "size": [3, 6, 4.05], "pivot": [2, 17.3, 0], "rotation": [0, 0, -12.25], "uv": [17, 52], "mirror": true}
					]
				},
				{
					"name": "UpperBody",
					"parent": "UpBody",
					"pivot": [0, 19.6, 0],
					"cubes": [
						{"origin": [-2.525, 20.5, -2.075], "size": [5.05, 3, 4.175], "uv": [46, 29]},
						{"origin": [-0.6448, 21.2329, -2.02612], "size": [4.025, 5, 4.125], "pivot": [-0.00604, 23.86314, 0.08638], "rotation": [0, 0, 14.97328], "uv": [41, 38]},
						{"origin": [2.18047, 20.94625, -2.12612], "size": [1.025, 5, 4.325], "pivot": [2.69297, 23.48461, -1.14259], "rotation": [0, 0, -10.02672], "uv": [0, 65]},
						{"origin": [-3.20547, 20.94625, -2.12612], "size": [1.025, 5, 4.325], "pivot": [-2.69297, 23.48461, -1.14259], "rotation": [0, 0, 10.02672], "uv": [0, 65], "mirror": true},
						{"origin": [-3.42831, 20.86228, -2.04784], "size": [4, 5, 4.125], "pivot": [-1.42831, 23.86228, 0.05216], "rotation": [0, 0, -14.97328], "uv": [0, 47]}
					]
				},
				{
					"name": "Arms",
					"parent": "UpperBody",
					"pivot": [0, 25.4, 0]
				},
				{
					"name": "LeftArm",
					"parent": "Arms",
					"pivot": [3.45, 24.525, 0.1],
					"rotation": [0, 0, -13],
					"cubes": [
						{"origin": [2.35902, 20.55106, -1.4], "size": [2.5, 5, 3], "uv": [62, 71]},
						{"origin": [2.03402, 20.72606, -1.725], "size": [3.15, 1, 3.7], "uv": [73, 44]},
						{"origin": [2.03402, 22.22606, -1.725], "size": [3.15, 1, 3.7], "uv": [73, 44]},
						{"origin": [2.28402, 21.47606, -1.475], "size": [2.65, 1, 3.2], "uv": [77, 61]},
						{"origin": [2.93402, 23.22606, -2.175], "size": [3.05, 3, 4.1], "pivot": [3.60902, 24.72606, -0.125], "rotation": [0, 0, 27.5], "uv": [0, 57]}
					]
				},
				{
					"name": "LeftForeArm",
					"parent": "LeftArm",
					"pivot": [3.675, 20.85, 0.125],
					"cubes": [
						{"origin": [2.38402, 15.77606, -1.375], "size": [2.45, 5, 3], "uv": [43, 69]},
						{"origin": [2.03402, 15.72606, -1.725], "size": [3.15, 1, 3.7], "uv": [73, 44]}
					]
				},
				{
					"name": "LeftHand",
					"parent": "LeftForeArm",
					"pivot": [3.675, 16.05, 0.125],
					"cubes": [
						{"origin": [2.35902, 13.77606, -1.4], "size": [2.5, 2, 3], "uv": [77, 1]}
					]
				},
				{
					"name": "LeftHandLocator",
					"parent": "LeftHand",
					"pivot": [3.425, 14.8, 0.025]
				},
				{
					"name": "RightArm",
					"parent": "Arms",
					"pivot": [-3.45, 24.525, 0.1],
					"rotation": [0, 0, 13],
					"cubes": [
						{"origin": [-4.85902, 20.55106, -1.4], "size": [2.5, 5, 3], "uv": [62, 71], "mirror": true},
						{"origin": [-5.18402, 22.22606, -1.725], "size": [3.15, 1, 3.7], "uv": [73, 44], "mirror": true},
						{"origin": [-5.18402, 20.72606, -1.725], "size": [3.15, 1, 3.7], "uv": [73, 44], "mirror": true},
						{"origin": [-4.93402, 21.47606, -1.475], "size": [2.65, 1, 3.2], "uv": [77, 61], "mirror": true},
						{"origin": [-5.98402, 22.92606, -2.175], "size": [3.05, 3, 4.1], "pivot": [-3.60902, 24.72606, -0.125], "rotation": [0, 0, -27.5], "uv": [0, 57], "mirror": true}
					]
				},
				{
					"name": "RightForeArm",
					"parent": "RightArm",
					"pivot": [-3.675, 20.85, 0.125],
					"cubes": [
						{"origin": [-4.83402, 15.77606, -1.375], "size": [2.45, 5, 3], "uv": [43, 69], "mirror": true},
						{"origin": [-5.18402, 15.72606, -1.725], "size": [3.15, 1, 3.7], "uv": [73, 44], "mirror": true}
					]
				},
				{
					"name": "RightHand",
					"parent": "RightForeArm",
					"pivot": [-3.675, 16.05, 0.125],
					"cubes": [
						{"origin": [-4.85902, 13.77606, -1.4], "size": [2.5, 2, 3], "uv": [77, 1], "mirror": true}
					]
				},
				{
					"name": "RightHandLocator",
					"parent": "RightHand",
					"pivot": [-3.425, 14.8, 0.025]
				},
				{
					"name": "AllHead",
					"parent": "UpperBody",
					"pivot": [0, 26, 0],
					"cubes": [
						{"origin": [-1.5, 25.6, -1.525], "size": [3, 2, 3], "uv": [65, 31]}
					]
				},
				{
					"name": "Head",
					"parent": "AllHead",
					"pivot": [0, 26.55, 0],
					"cubes": [
						{"origin": [-3.5, 26.4, -3.5], "size": [7, 7, 7], "uv": [0, 0]}
					]
				},
				{
					"name": "Hair_All",
					"parent": "Head",
					"pivot": [0, 1.9, 0]
				},
				{
					"name": "Hair",
					"parent": "Hair_All",
					"pivot": [0, 1.9, 0]
				},
				{
					"name": "HairFemaleH_Matching",
					"parent": "Hair",
					"pivot": [-0.14783, 30.26957, 0.52174],
					"cubes": [
						{"origin": [-0.5, 29.8, -5.1], "size": [1, 4, 1], "inflate": -0.003, "uv": [91, 77]},
						{"origin": [-0.6631, 30.48378, -5], "size": [1, 3, 1], "pivot": [0.8369, 32.23378, -4.5], "rotation": [0, 0, -62.5], "uv": [93, 91]},
						{"origin": [0.64019, 29.79974, -5], "size": [1, 2, 1], "pivot": [2.14019, 31.54974, -4.5], "rotation": [0, 0, -82.5], "uv": [4, 96]},
						{"origin": [1.64019, 30.79974, -5], "size": [1, 2, 1], "pivot": [2.14019, 31.54974, -4.5], "rotation": [0, 0, -82.5], "uv": [84, 95]},
						{"origin": [-5, 27.975, 2.9], "size": [1, 4, 1], "uv": [91, 71]},
						{"origin": [-1.5, 30.8, -5.1], "size": [1, 3, 1], "uv": [93, 83]},
						{"origin": [-0.77235, 30.30356, -5.1], "size": [1, 1, 1], "inflate": 0.003, "pivot": [-0.27235, 29.80356, -4.6], "rotation": [0, 0, -32.5], "uv": [96, 75]},
						{"origin": [-0.77235, 28.60965, -5.1], "size": [1, 2, 1], "inflate": 0.004, "pivot": [-0.27235, 30.10965, -4.6], "rotation": [0, 0, -57.5], "uv": [95, 68]},
						{"origin": [0.23193, 29.73596, -5.1], "size": [1, 4, 1], "pivot": [0.73193, 32.23596, -4.6], "rotation": [0, 0, 10], "uv": [62, 91]},
						{"origin": [-2.5, 31.525, -4.9], "size": [1, 2, 1], "uv": [47, 95]},
						{"origin": [-2.58744, 30.28477, -4.9], "size": [1, 2, 1], "inflate": -0.003, "pivot": [-2.58744, 31.78477, -4.4], "rotation": [0, 0, 40], "uv": [79, 94]},
						{"origin": [1.5, 31.525, -4.9], "size": [1, 2, 1], "uv": [94, 64]},
						{"origin": [-4.4625, 29.325, -4.05], "size": [1, 4, 3], "uv": [78, 26]},
						{"origin": [3.4625, 29.325, -4.1], "size": [1, 4, 3], "uv": [14, 77]},
						{"origin": [-4.5, 28.9, -2.55], "size": [1, 5, 6], "uv": [39, 0]},
						{"origin": [-3, 27.1, 4.225], "size": [6, 6, 1], "uv": [62, 15]},
						{"origin": [-4, 26.1, 3.225], "size": [8, 7, 1], "uv": [26, 33]},
						{"origin": [3.5, 28.9, -2.55], "size": [1, 5, 6], "uv": [38, 12]},
						{"origin": [-5.5, 24.9, 0.925], "size": [1, 8, 1], "uv": [57, 84]},
						{"origin": [-5.5, 24.9, -0.075], "size": [1, 8, 1], "uv": [39, 84]},
						{"origin": [-5.5, 25.9, -1.075], "size": [1, 6, 1], "uv": [51, 88]},
						{"origin": [4.5, 28.9, -1.075], "size": [1, 3, 1], "uv": [74, 93]},
						{"origin": [4.5, 27.9, -0.075], "size": [1, 5, 1], "uv": [89, 36]},
						{"origin": [4, 27.975, 2.9], "size": [1, 4, 1], "uv": [14, 91]},
						{"origin": [-4.5, 26.3, 0.875], "size": [1, 3, 3], "uv": [48, 81]},
						{"origin": [-4.25, 26.9, -2.125], "size": [1, 2, 3], "uv": [69, 83]},
						{"origin": [3.25, 26.9, -2.125], "size": [1, 2, 3], "uv": [83, 41]},
						{"origin": [3.5, 26.3, 0.775], "size": [1, 4, 3], "uv": [31, 75]},
						{"origin": [-4.4, 28.5, -3.7], "size": [1, 4, 2], "uv": [0, 0]},
						{"origin": [-2, 31.5, -4.3], "size": [4, 3, 1], "uv": [83, 7]},
						{"origin": [-2.975, 33.8, -3.7], "size": [6, 1, 7], "uv": [0, 25]},
						{"origin": [-4, 33.1, -3.775], "size": [8, 1, 8], "uv": [0, 15]},
						{"origin": [-2, 34.8, -2.7], "size": [4, 1, 5], "uv": [48, 19]},
						{"origin": [-3, 34.8, -1.7], "size": [1, 1, 3], "uv": [84, 31]},
						{"origin": [2, 34.8, -1.7], "size": [1, 1, 3], "uv": [20, 25]},
						{"origin": [-3.975, 33.8, -2.7], "size": [1, 1, 5], "uv": [68, 37]},
						{"origin": [3.025, 33.8, -2.7], "size": [1, 1, 5], "uv": [11, 68]},
						{"origin": [2.5, 30.425, -4.6], "size": [1, 3, 1], "uv": [93, 42]},
						{"origin": [-3.5, 30.425, -4.6], "size": [1, 3, 1], "uv": [93, 30]}
					]
				},
				{
					"name": "HairBack",
					"parent": "Hair_All",
					"pivot": [0, 1.9, 0]
				},
				{
					"name": "BackHairE",
					"parent": "HairBack",
					"pivot": [-0.00003, 30.78898, 4.27436],
					"rotation": [-7.5, 0, 0],
					"cubes": [
						{"origin": [-2, 21.6, 6.101], "size": [4, 9.5, 1], "pivot": [0, 24.1, 5.85], "rotation": [15, 0, 0], "uv": [32, 64]},
						{"origin": [1.32627, 21.62996, 5.08606], "size": [2, 10, 1], "pivot": [3.73425, 27.78748, 4.32827], "rotation": [14.78217, 2.57594, 0.3342], "uv": [73, 71]},
						{"origin": [-4.33582, 22.62996, 4.48056], "size": [2, 9, 1], "inflate": 0.005, "pivot": [-3.73425, 27.78748, 4.32827], "rotation": [19.03066, -38.58496, -11.79528], "uv": [7, 75]},
						{"origin": [-3.32627, 21.62996, 5.08606], "size": [2, 10, 1], "pivot": [-3.73425, 27.78748, 4.32827], "rotation": [14.78217, -2.57594, -0.3342], "uv": [54, 72]},
						{"origin": [2.33582, 22.62996, 4.48056], "size": [2, 9, 1], "inflate": 0.005, "pivot": [3.73425, 27.78748, 4.32827], "rotation": [19.03066, 38.58496, 11.79528], "uv": [0, 75]},
						{"origin": [5.02745, 21.54301, 4.75148], "size": [1, 5.1, 1], "pivot": [5.52745, 24.09301, 5.25148], "rotation": [20.9309, 41.18253, -0.80311], "uv": [27, 90]},
						{"origin": [-4.58692, 26.42155, 3.35742], "size": [1, 5.1, 1], "pivot": [-4.75076, 28.97155, 3.43381], "rotation": [10.9309, -41.18253, 0.80311], "uv": [9, 90]},
						{"origin": [-6.91481, 26.38463, 4.98398], "size": [3, 5.1, 1], "inflate": 0.003, "pivot": [-3.73425, 27.78748, 4.32827], "rotation": [44.97754, -78.35142, -36.33102], "uv": [84, 20]},
						{"origin": [-8.15021, 22.59859, 3.81086], "size": [3, 4.1, 1], "pivot": [-5.8694, 24.14859, 4.20865], "rotation": [54.97754, -78.35142, -36.33102], "uv": [0, 86]},
						{"origin": [-7.15021, 21.59859, 3.81086], "size": [2, 1, 1], "pivot": [-5.8694, 24.14859, 4.20865], "rotation": [54.97754, -78.35142, -36.33102], "uv": [68, 44]},
						{"origin": [-6.02745, 21.54301, 4.75148], "size": [1, 5.1, 1], "pivot": [-5.52745, 24.09301, 5.25148], "rotation": [20.9309, -41.18253, 0.80311], "uv": [69, 89]},
						{"origin": [3.91481, 26.38463, 4.98398], "size": [3, 5.1, 1], "inflate": 0.003, "pivot": [3.73425, 27.78748, 4.32827], "rotation": [44.97754, 78.35142, 36.33102], "uv": [30, 83]},
						{"origin": [3.58692, 26.42155, 3.35742], "size": [1, 5.1, 1], "pivot": [4.75076, 28.97155, 3.43381], "rotation": [10.9309, 41.18253, -0.80311], "uv": [89, 64]},
						{"origin": [5.15021, 22.59859, 3.81086], "size": [3, 4.1, 1], "pivot": [5.8694, 24.14859, 4.20865], "rotation": [54.97754, 78.35142, 36.33102], "uv": [13, 85]},
						{"origin": [5.15021, 21.59859, 3.81086], "size": [2, 1, 1], "pivot": [5.8694, 24.14859, 4.20865], "rotation": [54.97754, 78.35142, 36.33102], "uv": [53, 16]}
					]
				},
				{
					"name": "RightBow3",
					"parent": "BackHairE",
					"pivot": [-5.26336, 29.29053, 4.42522],
					"rotation": [164.36231, 63.96867, 170.19733],
					"cubes": [
						{"origin": [-6.74847, 28.88913, 4.19594], "size": [1.34, 1.08, 1], "pivot": [-5.27248, 29.26778, 4.40766], "rotation": [-14.38831, -8.54445, -20.70316], "uv": [81, 41], "mirror": true},
						{"origin": [-6.81209, 28.72002, 4.22094], "size": [1.44, 1.08, 1], "pivot": [-5.27248, 29.26778, 4.40766], "rotation": [-16.22918, 3.93936, 22.65444], "uv": [78, 34], "mirror": true},
						{"origin": [-5.75117, 28.83349, 3.73775], "size": [1, 1, 1], "pivot": [-5.27248, 29.26778, 4.40766], "rotation": [-17.5, 15, 0], "uv": [37, 75], "mirror": true},
						{"origin": [-5.13649, 28.88913, 4.19594], "size": [1.34, 1.08, 1], "pivot": [-5.27248, 29.26778, 4.40766], "rotation": [-1.72831, 36.24166, 25.68765], "uv": [67, 23], "mirror": true},
						{"origin": [-5.17287, 28.72002, 4.22094], "size": [1.44, 1.08, 1], "pivot": [-5.27248, 29.26778, 4.40766], "rotation": [-28.36399, 23.63042, -24.79871], "uv": [7, 65], "mirror": true}
					]
				},
				{
					"name": "LeftBow3",
					"parent": "BackHairE",
					"pivot": [5.26336, 29.29053, 4.42522],
					"rotation": [164.36231, -63.96867, -170.19733],
					"cubes": [
						{"origin": [5.40847, 28.88913, 4.19594], "size": [1.34, 1.08, 1], "pivot": [5.27248, 29.26778, 4.40766], "rotation": [-14.38831, 8.54445, 20.70316], "uv": [81, 41]},
						{"origin": [5.37209, 28.72002, 4.22094], "size": [1.44, 1.08, 1], "pivot": [5.27248, 29.26778, 4.40766], "rotation": [-16.22918, -3.93936, -22.65444], "uv": [78, 34]},
						{"origin": [4.75117, 28.83349, 3.73775], "size": [1, 1, 1], "pivot": [5.27248, 29.26778, 4.40766], "rotation": [-17.5, -15, 0], "uv": [37, 75]},
						{"origin": [3.79649, 28.88913, 4.19594], "size": [1.34, 1.08, 1], "pivot": [5.27248, 29.26778, 4.40766], "rotation": [-1.72831, -36.24166, -25.68765], "uv": [67, 23]},
						{"origin": [3.73287, 28.72002, 4.22094], "size": [1.44, 1.08, 1], "pivot": [5.27248, 29.26778, 4.40766], "rotation": [-28.36399, -23.63042, 24.79871], "uv": [7, 65]}
					]
				},
				{
					"name": "HairSideDown",
					"parent": "Hair_All",
					"pivot": [0, 1.9, 0]
				},
				{
					"name": "SideDownHairC",
					"parent": "HairSideDown",
					"pivot": [2.98601, 28.047, 2.31083]
				},
				{
					"name": "Left_SideHairC",
					"parent": "SideDownHairC",
					"pivot": [3.3875, 32.9204, -2.40415],
					"rotation": [-2.96257, -0.49953, -12.48185],
					"cubes": [
						{"origin": [2.875, 29.6704, -3.40415], "size": [1.025, 2, 1], "uv": [19, 94]},
						{"origin": [2.91133, 27.08846, -3.37915], "size": [1.025, 3, 1], "pivot": [3.8025, 29.8469, -2.57245], "rotation": [0, 0, 7.5], "uv": [32, 56]}
					]
				},
				{
					"name": "Left_SideHairC1",
					"parent": "Left_SideHairC",
					"pivot": [3.7625, 33.6704, -1.40415],
					"rotation": [-0.03642, 0.23681, -7.48857],
					"cubes": [
						{"origin": [3.175, 28.825, -3.3], "size": [1.025, 2, 2], "pivot": [3.67878, 29.12519, -2.5375], "rotation": [0, 0, 10], "uv": [25, 18]},
						{"origin": [2.65, 27.125, -3.25], "size": [1.025, 2, 2], "pivot": [3.15378, 27.42519, -2.4875], "rotation": [0, 0, 17], "uv": [88, 86]},
						{"origin": [2.63809, 25.22567, -3.225], "size": [1.025, 2, 2], "pivot": [3.15378, 27.42519, -2.4875], "rotation": [0, 0, 19.5], "uv": [87, 51]},
						{"origin": [3.47732, 30.69621, -3.30461], "size": [1.025, 3, 2], "uv": [0, 25]},
						{"origin": [3.72732, 28.69621, -1.85461], "size": [1.025, 4, 1], "pivot": [3.98982, 30.69621, -0.80461], "rotation": [-0.0831, 0.47182, -4.97735], "uv": [11, 67]}
					]
				},
				{
					"name": "Left_SideHairC2",
					"parent": "Left_SideHairC",
					"pivot": [3.44174, 28.44299, -1.56348],
					"rotation": [7.03572, -1.30006, 9.96919],
					"cubes": [
						{"origin": [2.49249, 28.22534, -2.33896], "size": [1.025, 2, 1], "pivot": [2.9198, 28.04097, -1.82646], "rotation": [-0.05215, 0.56985, -2.94519], "uv": [11, 57], "mirror": true},
						{"origin": [3.46981, 29.25116, -2.23942], "size": [1.025, 3, 2], "pivot": [3.76299, 28.87335, -1.47456], "rotation": [2.27375, 0.99714, -7.48595], "uv": [0, 25]},
						{"origin": [3.41601, 26.48904, -2.20981], "size": [1.025, 1, 1], "pivot": [3.76299, 28.87335, -1.47456], "rotation": [2.43557, 0.48154, 5.00449], "uv": [83, 12]},
						{"origin": [3.37609, 27.38215, -2.23481], "size": [1.025, 2, 2], "pivot": [3.76299, 28.87335, -1.47456], "rotation": [2.41227, 0.58729, 2.50662], "uv": [25, 18]}
					]
				},
				{
					"name": "Right_SideHairC",
					"parent": "SideDownHairC",
					"pivot": [-3.7375, 32.2704, -2.75415],
					"rotation": [-6.69978, 0.74856, 12.46403],
					"cubes": [
						{"origin": [-4.25, 29.7704, -3.75415], "size": [1.025, 2, 1], "uv": [94, 8]},
						{"origin": [-4.28633, 26.83846, -3.72915], "size": [1.025, 3, 1], "pivot": [-4.1525, 29.9469, -2.92245], "rotation": [0, 0, -7.5], "uv": [32, 56], "mirror": true}
					]
				},
				{
					"name": "Right_SideHairC1",
					"parent": "Right_SideHairC",
					"pivot": [-3.71674, 32.74299, -2.36348],
					"rotation": [-0.29059, 1.34954, -2.46734],
					"cubes": [
						{"origin": [-3.79249, 28.22534, -3.13896], "size": [1.025, 2, 1], "pivot": [-3.1948, 28.04097, -2.62646], "rotation": [-0.05215, -0.56985, 2.94519], "uv": [11, 57]},
						{"origin": [-4.76981, 29.25116, -3.03942], "size": [1.025, 3, 2], "pivot": [-4.03799, 28.87335, -2.27456], "rotation": [2.27375, -0.99714, 7.48595], "uv": [0, 25], "mirror": true},
						{"origin": [-4.67609, 27.38215, -3.03481], "size": [1.025, 2, 2], "pivot": [-4.03799, 28.87335, -2.27456], "rotation": [2.41227, -0.58729, -2.50662], "uv": [25, 18], "mirror": true},
						{"origin": [-4.5274, 25.57053, -2.85], "size": [1.025, 2, 2], "pivot": [-4.0149, 26.52053, -1.85], "rotation": [8.25, 0, -4.5], "uv": [87, 51], "mirror": true}
					]
				},
				{
					"name": "Right_SideHairC2",
					"parent": "Right_SideHairC",
					"pivot": [-4.1125, 33.7704, -1.75415],
					"rotation": [-0.1239, -0.46278, 14.97751],
					"cubes": [
						{"origin": [-4.55, 28.925, -3.65], "size": [1.025, 2, 2], "pivot": [-4.02878, 29.22519, -2.8875], "rotation": [0, 0, -10], "uv": [25, 18], "mirror": true},
						{"origin": [-4.53809, 28.02567, -3.625], "size": [1.025, 1, 1], "pivot": [-4.02878, 29.22519, -2.8875], "rotation": [0, 0, -12.5], "uv": [83, 12], "mirror": true},
						{"origin": [-4.85232, 30.79621, -3.65461], "size": [1.025, 3, 2], "uv": [0, 15]}
					]
				},
				{
					"name": "HairSide",
					"parent": "Hair_All",
					"pivot": [0, 1.9, 0]
				},
				{
					"name": "SideHairA",
					"parent": "HairSide",
					"pivot": [0, 9.3, 0]
				},
				{
					"name": "Left_SideHairA1",
					"parent": "SideHairA",
					"pivot": [4.1625, 31.8704, -1.80415],
					"rotation": [46.97086, -2.0677, -5.78285],
					"cubes": [
						{"origin": [3.65, 29.3704, -3.00415], "size": [1.025, 2, 1], "uv": [94, 60]},
						{"origin": [3.68633, 26.43846, -2.97915], "size": [1.025, 3, 1], "pivot": [4.5775, 29.5469, -2.17245], "rotation": [0, 0, 7.5], "uv": [93, 22]}
					]
				},
				{
					"name": "Left_SideHairA2",
					"parent": "Left_SideHairA1",
					"pivot": [4.54053, 32.84012, -1.30976],
					"rotation": [-19.64646, -4.02089, -19.25025],
					"cubes": [
						{"origin": [4.55303, 27.99473, -2.2056], "size": [1.025, 2, 2], "pivot": [5.05681, 28.29492, -1.4431], "rotation": [0, 0, -10], "uv": [20, 89]},
						{"origin": [4.51612, 27.09539, -1.1806], "size": [1.025, 1, 1], "pivot": [5.05681, 28.29492, -1.4431], "rotation": [0, 0, -22.5], "uv": [96, 72]},
						{"origin": [4.25535, 29.86594, -2.21022], "size": [1.025, 3, 2], "uv": [44, 88]},
						{"origin": [4.64718, 30.23865, 0.18492], "size": [1.025, 4, 1], "pivot": [5.28468, 32.23865, 0.68492], "rotation": [-16.2173, -6.90369, -28.91961], "uv": [32, 90]}
					]
				},
				{
					"name": "Right_SideHairA1",
					"parent": "SideHairA",
					"pivot": [-4.1625, 31.8704, -1.80415],
					"rotation": [46.97086, 2.0677, 5.78285],
					"cubes": [
						{"origin": [-4.675, 29.3704, -2.80415], "size": [1.025, 2, 1], "uv": [94, 60], "mirror": true},
						{"origin": [-4.71133, 26.43846, -2.77915], "size": [1.025, 3, 1], "pivot": [-4.5775, 29.5469, -1.97245], "rotation": [0, 0, -7.5], "uv": [93, 22], "mirror": true}
					]
				},
				{
					"name": "Right_SideHairA2",
					"parent": "Right_SideHairA1",
					"pivot": [-4.54053, 32.84012, -1.30976],
					"rotation": [-19.64646, 4.02089, 19.25025],
					"cubes": [
						{"origin": [-5.57803, 27.99473, -2.2056], "size": [1.025, 2, 2], "pivot": [-5.05681, 28.29492, -1.4431], "rotation": [0, 0, 10], "uv": [20, 89], "mirror": true},
						{"origin": [-5.54112, 27.09539, -1.1806], "size": [1.025, 1, 1], "pivot": [-5.05681, 28.29492, -1.4431], "rotation": [0, 0, 22.5], "uv": [96, 72], "mirror": true},
						{"origin": [-5.28035, 29.86594, -2.21022], "size": [1.025, 3, 2], "uv": [44, 88], "mirror": true},
						{"origin": [-5.67218, 30.23865, 0.18492], "size": [1.025, 4, 1], "pivot": [-5.28468, 32.23865, 0.68492], "rotation": [-16.2173, 6.90369, 28.91961], "uv": [32, 90], "mirror": true}
					]
				},
				{
					"name": "Accessory",
					"parent": "Hair_All",
					"pivot": [0, 1.9, 0]
				},
				{
					"name": "RabbitEar",
					"parent": "Accessory",
					"pivot": [0, 33.9, -2.1]
				},
				{
					"name": "Ear_left",
					"parent": "RabbitEar",
					"pivot": [2.20071, 34.69564, -1.45305],
					"rotation": [0, 0, -17.5],
					"cubes": [
						{"origin": [2.57124, 32.25798, -2.55218], "size": [2.1, 7.3, 1], "pivot": [4.94624, 36.35798, -2.45218], "rotation": [21.0842, 2.7115, 38.2547], "uv": [23, 80]},
						{"origin": [1.87124, 32.25798, -2.95218], "size": [1, 6, 1], "pivot": [4.94624, 36.35798, -2.45218], "rotation": [20.4487, 5.9084, 29.8166], "uv": [83, 86]},
						{"origin": [4.19276, 31.78272, -2.86157], "size": [1, 6, 1], "pivot": [4.69276, 36.28272, -2.36157], "rotation": [21.1608, -1.9907, 50.3781], "uv": [78, 86]},
						{"origin": [-15.60489, 44.06246, 7.87895], "size": [1, 5, 1], "pivot": [-12.65489, 16.76246, 11.52895], "rotation": [21.25, 0, 45.25], "uv": [27, 68]},
						{"origin": [-16.77989, 46.06246, 7.87895], "size": [1.175, 3, 1], "pivot": [-12.65489, 16.76246, 11.52895], "rotation": [21.25, 0, 45.25], "uv": [93, 17]},
						{"origin": [2.28123, 35.14974, -1.95765], "size": [1, 3, 1], "pivot": [2.50623, 36.64974, -1.48265], "rotation": [21.01133, 3.25029, 36.85289], "uv": [93, 3]},
						{"origin": [1.42124, 37.10798, -2.95218], "size": [1, 2, 1], "pivot": [4.94624, 36.35798, -2.45218], "rotation": [21.2351, -0.8153, 47.3472], "uv": [56, 94]},
						{"origin": [4.74276, 37.40772, -2.86157], "size": [1, 2, 1], "pivot": [4.69276, 36.28272, -2.36157], "rotation": [20.2158, 6.6903, 27.694], "uv": [94, 50]}
					]
				},
				{
					"name": "Ear_left_2",
					"parent": "Ear_left",
					"pivot": [5.41604, 39.28748, -3.40513],
					"cubes": [
						{"origin": [1.59957, 39.28477, -2.22997], "size": [1, 3, 1], "pivot": [5.12457, 36.53477, -1.72997], "rotation": [36.229, -1.3302, 47.0648], "uv": [0, 92]},
						{"origin": [5.26978, 39.21588, -4.2628], "size": [2, 1.4, 1], "pivot": [6.19478, 40.39088, -3.7628], "rotation": [35.9308, 5.1609, 38.1745], "uv": [37, 12]},
						{"origin": [-13.17741, 52.23516, 14.88622], "size": [1, 3.225, 1], "pivot": [-9.22741, 20.16016, 18.53622], "rotation": [36.25, 0, 45.25], "uv": [88, 91]},
						{"origin": [4.98634, 39.54919, -2.05149], "size": [1, 3.1, 1], "pivot": [4.93634, 36.52419, -1.62649], "rotation": [34.773, 10.9569, 29.9403], "uv": [19, 68]},
						{"origin": [-12.17741, 52.23516, 14.88622], "size": [1, 1.225, 1], "pivot": [-9.22741, 20.16016, 18.53622], "rotation": [36.25, 0, 45.25], "uv": [66, 96]},
						{"origin": [5.50514, 40.91195, -5.41797], "size": [2, 1, 1], "pivot": [6.83014, 41.08695, -4.96797], "rotation": [33.6053, -14.4715, 65.8588], "uv": [29, 5]}
					]
				},
				{
					"name": "Ear_right",
					"parent": "RabbitEar",
					"pivot": [-2.20071, 34.69564, -1.45305],
					"rotation": [0, 0, 17.5],
					"cubes": [
						{"origin": [-4.67124, 32.25798, -2.55218], "size": [2.1, 7.3, 1], "pivot": [-4.94624, 36.35798, -2.45218], "rotation": [21.0842, -2.7115, -38.2547], "uv": [23, 80], "mirror": true},
						{"origin": [-2.87124, 32.25798, -2.95218], "size": [1, 6, 1], "pivot": [-4.94624, 36.35798, -2.45218], "rotation": [20.4487, -5.9084, -29.8166], "uv": [83, 86], "mirror": true},
						{"origin": [-5.19276, 31.78272, -2.86157], "size": [1, 6, 1], "pivot": [-4.69276, 36.28272, -2.36157], "rotation": [21.1608, 1.9907, -50.3781], "uv": [78, 86], "mirror": true},
						{"origin": [14.60489, 44.06246, 7.87895], "size": [1, 5, 1], "pivot": [12.65489, 16.76246, 11.52895], "rotation": [21.25, 0, -45.25], "uv": [27, 68], "mirror": true},
						{"origin": [15.60489, 46.06246, 7.87895], "size": [1.175, 3, 1], "pivot": [12.65489, 16.76246, 11.52895], "rotation": [21.25, 0, -45.25], "uv": [93, 17], "mirror": true},
						{"origin": [-3.28123, 35.14974, -1.95765], "size": [1, 3, 1], "pivot": [-2.50623, 36.64974, -1.48265], "rotation": [21.01133, -3.25029, -36.85289], "uv": [93, 3], "mirror": true},
						{"origin": [-2.42124, 37.10798, -2.95218], "size": [1, 2, 1], "pivot": [-4.94624, 36.35798, -2.45218], "rotation": [21.2351, 0.8153, -47.3472], "uv": [56, 94], "mirror": true},
						{"origin": [-5.74276, 37.40772, -2.86157], "size": [1, 2, 1], "pivot": [-4.69276, 36.28272, -2.36157], "rotation": [20.2158, -6.6903, -27.694], "uv": [94, 50], "mirror": true}
					]
				},
				{
					"name": "Ear_right_2",
					"parent": "Ear_right",
					"pivot": [-5.41604, 39.28748, -3.40513],
					"cubes": [
						{"origin": [-2.59957, 39.28477, -2.22997], "size": [1, 3, 1], "pivot": [-5.12457, 36.53477, -1.72997], "rotation": [36.229, 1.3302, -47.0648], "uv": [0, 92], "mirror": true},
						{"origin": [-7.26978, 39.21588, -4.2628], "size": [2, 1.4, 1], "pivot": [-6.19478, 40.39088, -3.7628], "rotation": [35.9308, -5.1609, -38.1745], "uv": [37, 12], "mirror": true},
						{"origin": [12.17741, 52.23516, 14.88622], "size": [1, 3.225, 1], "pivot": [9.22741, 20.16016, 18.53622], "rotation": [36.25, 0, -45.25], "uv": [88, 91], "mirror": true},
						{"origin": [-5.98634, 39.54919, -2.05149], "size": [1, 3.1, 1], "pivot": [-4.93634, 36.52419, -1.62649], "rotation": [34.773, -10.9569, -29.9403], "uv": [19, 68], "mirror": true},
						{"origin": [11.17741, 52.23516, 14.88622], "size": [1, 1.225, 1], "pivot": [9.22741, 20.16016, 18.53622], "rotation": [36.25, 0, -45.25], "uv": [66, 96], "mirror": true},
						{"origin": [-7.50514, 40.91195, -5.41797], "size": [2, 1, 1], "pivot": [-6.83014, 41.08695, -4.96797], "rotation": [33.6053, 14.4715, -65.8588], "uv": [29, 5], "mirror": true}
					]
				},
				{
					"name": "Eyes",
					"parent": "Head",
					"pivot": [0, 1.9, 0]
				},
				{
					"name": "Eyebrows",
					"parent": "Eyes",
					"pivot": [-3.22864, 28.99562, -3.7475]
				},
				{
					"name": "EyeBrowF",
					"parent": "Eyebrows",
					"pivot": [0, 29.3, -3.6]
				},
				{
					"name": "LeftEyebrow",
					"parent": "EyeBrowF",
					"pivot": [2.875, 29.15, -3.425],
					"rotation": [0, 0, 2.5],
					"cubes": [
						{"origin": [2.475, 29.125, -3.925], "size": [1.3, 1, 0.075], "pivot": [3.025, 29.65, -3.425], "rotation": [0, 0, 2.5], "uv": [0, 21]},
						{"origin": [1.04939, 29.14683, -3.925], "size": [1.5, 1, 0.075], "pivot": [2.52439, 29.64683, -3.425], "rotation": [0, 0, -2.25], "uv": [0, 21]}
					]
				},
				{
					"name": "EyeBrow_Left4",
					"parent": "LeftEyebrow",
					"pivot": [3.825, 29.15, -3.425],
					"cubes": [
						{"origin": [3.275, 28.65, -3.925], "size": [1.1, 1, 0.075], "uv": [3, 21]}
					]
				},
				{
					"name": "RightEyebrow",
					"parent": "EyeBrowF",
					"pivot": [-2.875, 29.15, -3.425],
					"rotation": [0, 0, -2.5],
					"cubes": [
						{"origin": [-3.775, 29.125, -3.925], "size": [1.3, 1, 0.075], "pivot": [-3.025, 29.65, -3.425], "rotation": [0, 0, -2.5], "uv": [0, 21], "mirror": true},
						{"origin": [-2.54939, 29.14683, -3.925], "size": [1.5, 1, 0.075], "pivot": [-2.52439, 29.64683, -3.425], "rotation": [0, 0, 2.25], "uv": [0, 21], "mirror": true}
					]
				},
				{
					"name": "EyeBrow_Right4",
					"parent": "RightEyebrow",
					"pivot": [-3.825, 29.15, -3.425],
					"cubes": [
						{"origin": [-4.375, 28.65, -3.925], "size": [1.1, 1, 0.075], "uv": [3, 21], "mirror": true}
					]
				},
				{
					"name": "Eyelid",
					"parent": "Eyes",
					"pivot": [0, 27.9, 0]
				},
				{
					"name": "LeftEyeball",
					"parent": "Eyelid",
					"pivot": [2.375, 28.4, -3.525],
					"cubes": [
						{"origin": [1.375, 27.4, -3.525], "size": [2, 2, 0], "uv": [89, 96]}
					]
				},
				{
					"name": "LeftEyesBase2",
					"parent": "LeftEyeball",
					"pivot": [2.25, 28.4, -3.05],
					"cubes": [
						{"origin": [1.5, 27.4, -3.55], "size": [1.4, 2, 0.025], "uv": [29, 8]}
					]
				},
				{
					"name": "LeftEylight",
					"parent": "LeftEyesBase2",
					"pivot": [2.725, 28.95, -3.6875],
					"cubes": [
						{"origin": [2.475, 28.8, -3.7], "size": [0.5, 0.3, 0.025], "uv": [2, 102]}
					]
				},
				{
					"name": "LeftPupil",
					"parent": "LeftEyesBase2",
					"pivot": [2.225, 28.55, -3.2575],
					"cubes": [
						{"origin": [1.975, 28, -3.6], "size": [0.45, 0.8, 2], "uv": [24, 95]}
					]
				},
				{
					"name": "RightEyeball",
					"parent": "Eyelid",
					"pivot": [-2.375, 28.4, -3.525],
					"cubes": [
						{"origin": [-3.375, 27.4, -3.525], "size": [2, 2, 0], "uv": [96, 78]}
					]
				},
				{
					"name": "RightIris",
					"parent": "RightEyeball",
					"pivot": [-2.25, 28.4, -3.05],
					"cubes": [
						{"origin": [-2.9, 27.4, -3.55], "size": [1.4, 2, 0.025], "uv": [20, 25]}
					]
				},
				{
					"name": "RightEyelight",
					"parent": "RightIris",
					"pivot": [-1.675, 28.95, -3.6875],
					"cubes": [
						{"origin": [-1.925, 28.8, -3.7], "size": [0.5, 0.3, 0.025], "uv": [2, 102]}
					]
				},
				{
					"name": "RightPupil",
					"parent": "RightIris",
					"pivot": [-2.225, 28.55, -3.2575],
					"cubes": [
						{"origin": [-2.425, 28, -3.6], "size": [0.45, 0.8, 1], "uv": [25, 96]}
					]
				},
				{
					"name": "Breast",
					"parent": "UpperBody",
					"pivot": [0.0125, 23.96214, -1.83014],
					"rotation": [15, 0, 0],
					"cubes": [
						{"origin": [2.20362, 21.43276, -2.78484], "size": [1.025, 3, 1], "pivot": [2.69297, 23.43461, -1.21759], "rotation": [-39.36131, -1.02888, -9.90936], "uv": [60, 64]},
						{"origin": [-3.22862, 21.43276, -2.78484], "size": [1.025, 3, 1], "pivot": [-2.69297, 23.43461, -1.21759], "rotation": [-39.36131, 1.02888, 9.90936], "uv": [60, 64], "mirror": true},
						{"origin": [0.21762, 21.23139, -2.98568], "size": [3.075, 3, 2], "pivot": [1.9536, 22.71397, -1.50306], "rotation": [-43.10975, -3.4224, -3.64343], "uv": [40, 78]},
						{"origin": [-3.29262, 21.23139, -2.98568], "size": [3.075, 3, 2], "pivot": [-1.9536, 22.71397, -1.50306], "rotation": [-43.10975, 3.4224, 3.64343], "uv": [40, 78], "mirror": true}
					]
				},
				{
					"name": "LeftBow2",
					"parent": "Breast",
					"pivot": [2.76336, 23.79053, -3.07478],
					"rotation": [0, 0, -7.5],
					"cubes": [
						{"origin": [2.90847, 23.38913, -3.30406], "size": [1.34, 1.08, 1], "pivot": [2.77248, 23.76778, -3.09234], "rotation": [-14.38831, 8.54445, 20.70316], "uv": [81, 41]},
						{"origin": [2.87209, 23.22002, -3.27906], "size": [1.44, 1.08, 1], "pivot": [2.77248, 23.76778, -3.09234], "rotation": [-16.22918, -3.93936, -22.65444], "uv": [78, 34]},
						{"origin": [2.25117, 23.33349, -3.76225], "size": [1, 1, 1], "pivot": [2.77248, 23.76778, -3.09234], "rotation": [-17.5, -15, 0], "uv": [37, 75]},
						{"origin": [1.29649, 23.38913, -3.30406], "size": [1.34, 1.08, 1], "pivot": [2.77248, 23.76778, -3.09234], "rotation": [-1.72831, -36.24166, -25.68765], "uv": [67, 23]},
						{"origin": [1.23287, 23.22002, -3.27906], "size": [1.44, 1.08, 1], "pivot": [2.77248, 23.76778, -3.09234], "rotation": [-28.36399, -23.63042, 24.79871], "uv": [7, 65]}
					]
				},
				{
					"name": "RightBow2",
					"parent": "Breast",
					"pivot": [-2.76336, 23.79053, -3.07478],
					"rotation": [0, 0, 7.5],
					"cubes": [
						{"origin": [-4.24847, 23.38913, -3.30406], "size": [1.34, 1.08, 1], "pivot": [-2.77248, 23.76778, -3.09234], "rotation": [-14.38831, -8.54445, -20.70316], "uv": [81, 41], "mirror": true},
						{"origin": [-4.31209, 23.22002, -3.27906], "size": [1.44, 1.08, 1], "pivot": [-2.77248, 23.76778, -3.09234], "rotation": [-16.22918, 3.93936, 22.65444], "uv": [78, 34], "mirror": true},
						{"origin": [-3.25117, 23.33349, -3.76225], "size": [1, 1, 1], "pivot": [-2.77248, 23.76778, -3.09234], "rotation": [-17.5, 15, 0], "uv": [37, 75], "mirror": true},
						{"origin": [-2.63649, 23.38913, -3.30406], "size": [1.34, 1.08, 1], "pivot": [-2.77248, 23.76778, -3.09234], "rotation": [-1.72831, 36.24166, 25.68765], "uv": [67, 23], "mirror": true},
						{"origin": [-2.67287, 23.22002, -3.27906], "size": [1.44, 1.08, 1], "pivot": [-2.77248, 23.76778, -3.09234], "rotation": [-28.36399, 23.63042, -24.79871], "uv": [7, 65], "mirror": true}
					]
				},
				{
					"name": "BackpackLocator",
					"parent": "UpperBody",
					"pivot": [0, 24.9644, 0]
				},
				{
					"name": "LeftWaistLocator",
					"parent": "UpperBody",
					"pivot": [4, 19, 0],
					"rotation": [-20, 0, 0]
				},
				{
					"name": "RightWaistLocator",
					"parent": "UpperBody",
					"pivot": [-4, 19, 0],
					"rotation": [-5, 0, 0]
				},
				{
					"name": "Tail",
					"parent": "UpBody",
					"pivot": [0, 20.125, -1.1]
				},
				{
					"name": "rabbitTailA",
					"parent": "Tail",
					"pivot": [0, 17.825, 2.225],
					"rotation": [12.5, 0, 0],
					"cubes": [
						{"origin": [-1.5, 16.325, 1.7], "size": [3, 3, 3.05], "uv": [65, 64]}
					]
				},
				{
					"name": "rabbitTailB",
					"parent": "Tail",
					"pivot": [0, 17.825, 2.225],
					"rotation": [12.5, 0, 0],
					"cubes": [
						{"origin": [-1.5, 16.325, 1.7], "size": [3, 3, 3.05], "pivot": [0, 17.825, 3.225], "rotation": [0, 0, -45], "uv": [65, 64]}
					]
				},
				{
					"name": "Skirt",
					"parent": "UpBody",
					"pivot": [-0.175, 16.59706, 2.40543]
				},
				{
					"name": "Bow",
					"parent": "Skirt",
					"pivot": [0.00179, 21.05964, -2.69442],
					"rotation": [10, 0, 0],
					"cubes": [
						{"origin": [-0.52131, 20.60739, -3.41949], "size": [1, 1, 1], "uv": [96, 57]},
						{"origin": [-0.02652, 20.53584, -2.97845], "size": [1.44, 1.08, 1], "pivot": [0.00179, 21.05964, -2.69442], "rotation": [-5.27627, 16.23146, -19.1381], "uv": [31, 96]},
						{"origin": [0.03039, 20.60747, -3.00345], "size": [1.34, 1.08, 1], "pivot": [0.00179, 21.05964, -2.69442], "rotation": [8.04993, 15.07491, 27.68169], "uv": [96, 12]},
						{"origin": [-1.36987, 20.609, -3.00239], "size": [1.34, 1.08, 1], "pivot": [0.00179, 21.05964, -2.69442], "rotation": [8.04993, -15.07491, -27.68169], "uv": [95, 88]},
						{"origin": [-1.41315, 20.53475, -2.97739], "size": [1.44, 1.08, 1], "pivot": [0.00179, 21.05964, -2.69442], "rotation": [-5.27627, -16.23146, 19.1381], "uv": [95, 54]}
					]
				},
				{
					"name": "Bow2",
					"parent": "Skirt",
					"pivot": [0.5, 8.85, 0.62958],
					"cubes": [
						{"origin": [0.86464, 18.5245, 2.78133], "size": [4, 3, 1], "pivot": [2.40743, 20.73542, 3.29383], "rotation": [11.40038, -30.51006, 33.67366], "uv": [80, 81]},
						{"origin": [-1, 19.03114, 2.56882], "size": [2, 4, 1], "pivot": [0, 21.43114, 3.26882], "rotation": [22.5, 0, 0], "uv": [62, 85]},
						{"origin": [-0.0962, 20.08066, 2.80633], "size": [5, 2.5, 1], "pivot": [2.40743, 20.73542, 3.29383], "rotation": [26.24591, -19.67482, -0.33751], "uv": [76, 56]},
						{"origin": [-4.86464, 18.5245, 2.78133], "size": [4, 3, 1], "pivot": [-2.40743, 20.73542, 3.29383], "rotation": [11.40038, 30.51006, -33.67366], "uv": [80, 76]},
						{"origin": [-4.9038, 20.08066, 2.80633], "size": [5, 2.5, 1], "pivot": [-2.40743, 20.73542, 3.29383], "rotation": [26.24591, 19.67482, 0.33751], "uv": [76, 37]},
						{"origin": [-5.61265, 16.49851, 3.30597], "size": [7, 3, 1.3], "pivot": [-2.12888, 18.42529, 3.95597], "rotation": [-0.83944, 30.35974, -61.88212], "uv": [15, 63]},
						{"origin": [-1.38735, 16.49851, 3.30597], "size": [7, 3, 1.3], "pivot": [2.12888, 18.42529, 3.95597], "rotation": [-0.83944, -30.35974, 61.88212], "uv": [61, 26]}
					]
				},
				{
					"name": "Skirt_LeftBack",
					"parent": "Skirt",
					"pivot": [4.50752, 12.09656, 3.5478],
					"rotation": [7.43656, -44.5119, -10.54684],
					"cubes": [
						{"origin": [4.58927, 11.0431, 3.4978], "size": [3, 2, 2], "pivot": [6.08927, 8.0431, 3.5478], "rotation": [0, 90, -20], "uv": [80, 71]},
						{"origin": [4.58927, 13.0431, 3.8978], "size": [3, 2, 1], "pivot": [6.08927, 8.0431, 3.5478], "rotation": [0, 90, -20], "uv": [86, 47]},
						{"origin": [5.08927, 15.0431, 3.8978], "size": [2, 2, 1], "pivot": [6.08927, 8.0431, 3.5478], "rotation": [0, 90, -20], "uv": [89, 56]},
						{"origin": [5.58927, 17.0431, 3.8978], "size": [1, 2, 1], "pivot": [6.08927, 8.0431, 3.5478], "rotation": [0, 90, -20], "uv": [42, 94]}
					]
				},
				{
					"name": "LeftBow4",
					"parent": "Skirt_LeftBack",
					"pivot": [5.11527, 15.36745, 3.54234],
					"cubes": [
						{"origin": [5.27305, 14.98109, 2.80639], "size": [1.34, 1.08, 1], "pivot": [5.11527, 15.36745, 3.54234], "rotation": [55.57935, 58.76721, 42.39488], "uv": [81, 41]},
						{"origin": [5.22484, 14.79884, 2.78139], "size": [1.44, 1.08, 1], "pivot": [5.11527, 15.36745, 3.54234], "rotation": [-45.8734, 65.10414, -65.89543], "uv": [78, 34]},
						{"origin": [4.59396, 14.91627, 3.26691], "size": [1, 1, 1], "pivot": [5.11527, 15.36745, 3.54234], "rotation": [0, 90, -17.5], "uv": [37, 75]},
						{"origin": [3.61749, 14.98109, 2.80639], "size": [1.34, 1.08, 1], "pivot": [5.11527, 15.36745, 3.54234], "rotation": [-124.42065, 58.76721, -137.60512], "uv": [67, 23]},
						{"origin": [3.5657, 14.79884, 2.78139], "size": [1.44, 1.08, 1], "pivot": [5.11527, 15.36745, 3.54234], "rotation": [134.1266, 65.10414, 114.10457], "uv": [7, 65]}
					]
				},
				{
					"name": "Skirt_rightBack",
					"parent": "Skirt",
					"pivot": [-4.50752, 12.09656, 3.5478],
					"rotation": [7.43656, 44.5119, 10.54684],
					"cubes": [
						{"origin": [-7.08927, 15.0431, 3.8978], "size": [2, 3, 1], "pivot": [-6.08927, 8.0431, 3.5478], "rotation": [0, -90, 20], "uv": [89, 12]},
						{"origin": [-6.58927, 18.1431, 3.8978], "size": [1, 1, 1], "pivot": [-6.08927, 8.0431, 3.5478], "rotation": [0, -90, 20], "uv": [95, 47]},
						{"origin": [-7.58927, 13.0431, 3.8978], "size": [3, 2, 1], "pivot": [-6.08927, 8.0431, 3.5478], "rotation": [0, -90, 20], "uv": [85, 60]},
						{"origin": [-7.58927, 11.0431, 3.5978], "size": [3, 2, 2], "pivot": [-6.08927, 8.0431, 3.5478], "rotation": [0, -90, 20], "uv": [61, 80]}
					]
				},
				{
					"name": "RightBow4",
					"parent": "Skirt_rightBack",
					"pivot": [-5.11527, 15.36745, 3.54234],
					"cubes": [
						{"origin": [-6.61305, 14.98109, 2.80639], "size": [1.34, 1.08, 1], "pivot": [-5.11527, 15.36745, 3.54234], "rotation": [55.57935, -58.76721, -42.39488], "uv": [81, 41], "mirror": true},
						{"origin": [-6.66484, 14.79884, 2.78139], "size": [1.44, 1.08, 1], "pivot": [-5.11527, 15.36745, 3.54234], "rotation": [-45.8734, -65.10414, 65.89543], "uv": [78, 34], "mirror": true},
						{"origin": [-5.59396, 14.91627, 3.26691], "size": [1, 1, 1], "pivot": [-5.11527, 15.36745, 3.54234], "rotation": [0, -90, 17.5], "uv": [37, 75], "mirror": true},
						{"origin": [-4.95749, 14.98109, 2.80639], "size": [1.34, 1.08, 1], "pivot": [-5.11527, 15.36745, 3.54234], "rotation": [-124.42065, -58.76721, 137.60512], "uv": [67, 23], "mirror": true},
						{"origin": [-5.0057, 14.79884, 2.78139], "size": [1.44, 1.08, 1], "pivot": [-5.11527, 15.36745, 3.54234], "rotation": [134.1266, -65.10414, -114.10457], "uv": [7, 65], "mirror": true}
					]
				},
				{
					"name": "bone92",
					"parent": "Skirt",
					"pivot": [0.8, 8.7, 0.37958],
					"rotation": [0, 0, -7.5],
					"cubes": [
						{"origin": [3.37279, 17.12651, -2.27042], "size": [1, 3, 4.525], "pivot": [3.87279, 20.62651, -0.00792], "rotation": [0, 0, -17.5], "uv": [72, 7]},
						{"origin": [3.37279, 15.12651, -2.77042], "size": [1, 2, 5.525], "pivot": [3.87279, 20.62651, -0.00792], "rotation": [0, 0, -17.5], "uv": [52, 64]},
						{"origin": [3.37279, 12.12651, -3.27042], "size": [1, 3, 6.525], "pivot": [3.87279, 20.62651, -0.00792], "rotation": [0, 0, -17.5], "uv": [54, 54]},
						{"origin": [2.87279, 10.05151, -3.77042], "size": [2, 2.075, 7.525], "pivot": [3.87279, 20.62651, -0.00792], "rotation": [0, 0, -17.5], "uv": [26, 18]}
					]
				},
				{
					"name": "bone93",
					"parent": "Skirt",
					"pivot": [0.5, 8.85, 1.15458],
					"rotation": [7.5, 0, 0],
					"cubes": [
						{"origin": [-2.975, 19.71619, 5.50907], "size": [5.95, 1, 1], "pivot": [0, 11.71619, 6.00907], "rotation": [17.5, 0, 0], "uv": [48, 26]},
						{"origin": [-4.225, 12.71619, 5.50907], "size": [8.45, 3, 1], "pivot": [0, 11.71619, 6.00907], "rotation": [17.5, 0, 0], "uv": [57, 6]},
						{"origin": [-3.225, 17.71619, 5.52492], "size": [6.45, 2.025, 1], "pivot": [0, 11.69119, 6.02492], "rotation": [17.5, 0, 0], "uv": [11, 34]},
						{"origin": [-3.725, 15.71619, 5.52492], "size": [7.45, 2.025, 1], "pivot": [0, 11.69119, 6.02492], "rotation": [17.5, 0, 0], "uv": [63, 0]},
						{"origin": [-4.725, 10.64119, 5.00907], "size": [9.45, 2.075, 2], "pivot": [0, 11.71619, 6.00907], "rotation": [17.5, 0, 0], "uv": [27, 28]}
					]
				},
				{
					"name": "hudiejie2",
					"parent": "bone93",
					"pivot": [1, 20.1962, 3.88616]
				},
				{
					"name": "bone95",
					"parent": "Skirt",
					"pivot": [-4.50752, 12.09656, -3.56365],
					"rotation": [-7.43656, -44.5119, 10.54684],
					"cubes": [
						{"origin": [-7.58927, 11.0431, -5.48865], "size": [3, 2, 2], "pivot": [-6.08927, 8.0431, -3.56365], "rotation": [0, 90, 20], "uv": [80, 15]},
						{"origin": [-4.91155, 14.97774, -3.83206], "size": [1.34, 1.08, 1], "pivot": [-5.08434, 15.37652, -3.54234], "rotation": [124.42065, 58.76721, 137.60512], "uv": [94, 39]},
						{"origin": [-4.97294, 14.78851, -3.80706], "size": [1.44, 1.08, 1], "pivot": [-5.08434, 15.37652, -3.54234], "rotation": [-134.1266, 65.10414, -114.10457], "uv": [94, 27]},
						{"origin": [-6.59714, 14.97774, -3.83206], "size": [1.34, 1.08, 1], "pivot": [-5.08434, 15.37652, -3.54234], "rotation": [-55.57935, 58.76721, -42.39488], "uv": [94, 0]},
						{"origin": [-6.63575, 14.78851, -3.80706], "size": [1.44, 1.08, 1], "pivot": [-5.08434, 15.37652, -3.54234], "rotation": [45.8734, 65.10414, 65.89543], "uv": [88, 4]},
						{"origin": [-7.58927, 13.0431, -4.88865], "size": [3, 2, 1], "pivot": [-6.08927, 8.0431, -3.56365], "rotation": [0, 90, 20], "uv": [85, 0]},
						{"origin": [-7.08927, 15.0431, -4.88865], "size": [2, 2, 1], "pivot": [-6.08927, 8.0431, -3.56365], "rotation": [0, 90, 20], "uv": [87, 27]},
						{"origin": [-5.56303, 14.90739, -4.29368], "size": [1, 1, 1], "pivot": [-5.08434, 15.37652, -3.54234], "rotation": [0, 90, 17.5], "uv": [75, 83]},
						{"origin": [-6.58927, 17.0431, -4.88865], "size": [1, 2, 1], "pivot": [-6.08927, 8.0431, -3.56365], "rotation": [0, 90, 20], "uv": [37, 94]}
					]
				},
				{
					"name": "bone96",
					"parent": "Skirt",
					"pivot": [-0.8, 8.7, 0.37958],
					"rotation": [0, 0, 7.5],
					"cubes": [
						{"origin": [-4.37279, 17.12651, -2.27042], "size": [1, 3, 4.525], "pivot": [-3.87279, 20.62651, -0.00792], "rotation": [0, 0, 17.5], "uv": [69, 56]},
						{"origin": [-4.37279, 15.12651, -2.77042], "size": [1, 2, 5.525], "pivot": [-3.87279, 20.62651, -0.00792], "rotation": [0, 0, 17.5], "uv": [44, 60]},
						{"origin": [-4.37279, 12.12651, -3.27042], "size": [1, 3, 6.525], "pivot": [-3.87279, 20.62651, -0.00792], "rotation": [0, 0, 17.5], "uv": [48, 6]},
						{"origin": [-4.87279, 10.05151, -3.77042], "size": [2, 2.075, 7.525], "pivot": [-3.87279, 20.62651, -0.00792], "rotation": [0, 0, 17.5], "uv": [25, 8]}
					]
				},
				{
					"name": "bone97",
					"parent": "Skirt",
					"pivot": [4.50752, 12.09656, -3.56365],
					"rotation": [-7.43656, 44.5119, -10.54684],
					"cubes": [
						{"origin": [4.58927, 11.0431, -5.48865], "size": [3, 2, 2], "pivot": [6.08927, 8.0431, -3.56365], "rotation": [0, -90, -20], "uv": [78, 66]},
						{"origin": [4.58927, 13.0431, -4.88865], "size": [3, 2, 1], "pivot": [6.08927, 8.0431, -3.56365], "rotation": [0, -90, -20], "uv": [63, 56]},
						{"origin": [5.08927, 15.0431, -4.88865], "size": [2, 2, 1], "pivot": [6.08927, 8.0431, -3.56365], "rotation": [0, -90, -20], "uv": [60, 50]},
						{"origin": [5.58927, 17.0431, -4.88865], "size": [1, 2, 1], "pivot": [6.08927, 8.0431, -3.56365], "rotation": [0, -90, -20], "uv": [94, 35]}
					]
				},
				{
					"name": "LeftBow",
					"parent": "bone97",
					"pivot": [5.11527, 15.36745, -3.54234],
					"cubes": [
						{"origin": [5.27305, 14.98109, -3.80639], "size": [1.34, 1.08, 1], "pivot": [5.11527, 15.36745, -3.54234], "rotation": [-55.57935, -58.76721, 42.39488], "uv": [81, 41]},
						{"origin": [5.22484, 14.79884, -3.78139], "size": [1.44, 1.08, 1], "pivot": [5.11527, 15.36745, -3.54234], "rotation": [45.8734, -65.10414, -65.89543], "uv": [78, 34]},
						{"origin": [4.59396, 14.91627, -4.26691], "size": [1, 1, 1], "pivot": [5.11527, 15.36745, -3.54234], "rotation": [0, -90, -17.5], "uv": [37, 75]},
						{"origin": [3.61749, 14.98109, -3.80639], "size": [1.34, 1.08, 1], "pivot": [5.11527, 15.36745, -3.54234], "rotation": [124.42065, -58.76721, -137.60512], "uv": [67, 23]},
						{"origin": [3.5657, 14.79884, -3.78139], "size": [1.44, 1.08, 1], "pivot": [5.11527, 15.36745, -3.54234], "rotation": [-134.1266, -65.10414, 114.10457], "uv": [7, 65]}
					]
				},
				{
					"name": "bone108",
					"parent": "Skirt",
					"pivot": [0.5, 8.825, -1.17042],
					"rotation": [-7.5, 0, 0],
					"cubes": [
						{"origin": [-3.225, 17.71619, -6.52492], "size": [6.45, 2.025, 1], "pivot": [0, 11.69119, -6.02492], "rotation": [-17.5, 0, 0], "uv": [11, 34]},
						{"origin": [-3.725, 15.71619, -6.52492], "size": [7.45, 2.025, 1], "pivot": [0, 11.69119, -6.02492], "rotation": [-17.5, 0, 0], "uv": [63, 0]},
						{"origin": [-4.225, 12.71619, -6.52492], "size": [8.45, 3.025, 1], "pivot": [0, 11.69119, -6.02492], "rotation": [-17.5, 0, 0], "uv": [54, 37]},
						{"origin": [-4.725, 10.64119, -7.02492], "size": [9.45, 2.1, 2], "pivot": [0, 11.69119, -6.02492], "rotation": [-17.5, 0, 0], "uv": [22, 0]}
					]
				},
				{
					"name": "DownBody",
					"parent": "AllBody",
					"pivot": [0, 15.4, 0]
				},
				{
					"name": "Legs",
					"parent": "DownBody",
					"pivot": [0, 16.4, 0]
				},
				{
					"name": "LeftLeg",
					"parent": "Legs",
					"pivot": [2.1, 14.9, 0],
					"cubes": [
						{"origin": [0.475, 8.4, -2], "size": [3.25, 7, 4], "uv": [45, 48]},
						{"origin": [0.38402, 10.22606, -2.075], "size": [3.5, 1, 4.15], "uv": [63, 50]}
					]
				},
				{
					"name": "LeftLowerLeg",
					"parent": "LeftLeg",
					"pivot": [1.775, 8.95, 0.325],
					"cubes": [
						{"origin": [0.5, 1.25, -1.975], "size": [3.2, 8, 4], "uv": [15, 38]}
					]
				},
				{
					"name": "LeftFoot",
					"parent": "LeftLowerLeg",
					"pivot": [2.175, 2.275, 0.3],
					"cubes": [
						{"origin": [0.45229, 0.30958, -2.89851], "size": [3.325, 2, 5], "uv": [32, 56]},
						{"origin": [0.25229, -0.09042, -3.19851], "size": [3.725, 1, 5.6], "uv": [56, 43]},
						{"origin": [0.35229, 0.40958, -2.89851], "size": [3.525, 2, 1], "uv": [63, 11]}
					]
				},
				{
					"name": "RightLeg",
					"parent": "Legs",
					"pivot": [-2.1, 14.9, 0],
					"cubes": [
						{"origin": [-3.725, 8.4, -2], "size": [3.25, 7, 4], "uv": [30, 44]}
					]
				},
				{
					"name": "RightLowerLeg",
					"parent": "RightLeg",
					"pivot": [-1.775, 8.95, 0.325],
					"cubes": [
						{"origin": [-3.7, 1.25, -1.975], "size": [3.2, 8, 4], "uv": [0, 34]}
					]
				},
				{
					"name": "LeftFoot2",
					"parent": "RightLowerLeg",
					"pivot": [-1.825, 2.275, 0.3],
					"cubes": [
						{"origin": [-3.77729, 0.30958, -2.89851], "size": [3.325, 2, 5], "uv": [32, 56], "mirror": true},
						{"origin": [-3.97729, -0.09042, -3.19851], "size": [3.725, 1, 5.6], "uv": [56, 43], "mirror": true},
						{"origin": [-3.87729, 0.40958, -2.89851], "size": [3.525, 2, 1], "uv": [63, 11], "mirror": true}
					]
				}
			]
		}
	]
}