{
	"format_version": "1.12.0",
	"minecraft:geometry": [
		{
			"description": {
				"identifier": "geometry.unknown",
				"texture_width": 256,
				"texture_height": 256,
				"visible_bounds_width": 3,
				"visible_bounds_height": 4.5,
				"visible_bounds_offset": [0, 1.75, 0]
			},
			"bones": [
				{
					"name": "Root",
					"pivot": [0, 0.7, 0]
				},
				{
					"name": "AllBody",
					"parent": "Root",
					"pivot": [0, 19.7, 0]
				},
				{
					"name": "UpBody",
					"parent": "AllBody",
					"pivot": [0, 19, 0],
					"cubes": [
						{"origin": [-2.5, 23.6, -2.1], "size": [5, 1, 4.175], "uv": [47, 10]},
						{"origin": [-2.4, 23.925, -2.475], "size": [4.8, 2, 2], "pivot": [0, 23.725, -1.1], "rotation": [-41.75, 0, 0], "uv": [62, 8]},
						{"origin": [-2.45, 23.775, 0.375], "size": [4.875, 2, 2], "pivot": [0, 23.725, 1.1], "rotation": [46.25, 0, 0], "uv": [62, 8]},
						{"origin": [-0.825, 18.27753, -2.05], "size": [1.65, 2, 4.1], "uv": [62, 13]},
						{"origin": [-1.825, 19.07753, -2.325], "size": [3.65, 2.125, 4.65], "uv": [100, 1]},
						{"origin": [-3.6, 19.07753, -2.3], "size": [2.65, 2, 4.6], "pivot": [-1.1, 20.20253, 0], "rotation": [0, 0, 9], "uv": [102, 8], "mirror": true},
						{"origin": [0.95, 19.07753, -2.3], "size": [2.65, 2, 4.6], "pivot": [1.1, 20.20253, 0], "rotation": [0, 0, -9], "uv": [102, 8]},
						{"origin": [-0.5, 20.27753, -2.05], "size": [1, 4, 4.1], "uv": [60, 23]},
						{"origin": [-3.3, 18.6, -2.025], "size": [3, 6, 4.05], "pivot": [-2, 20.9, 0], "rotation": [0, 0, 12.25], "uv": [0, 48]},
						{"origin": [0.3, 18.6, -2.025], "size": [3, 6, 4.05], "pivot": [2, 20.9, 0], "rotation": [0, 0, -12.25], "uv": [0, 48], "mirror": true}
					]
				},
				{
					"name": "UpperBody",
					"parent": "UpBody",
					"pivot": [0, 24.2, 0],
					"cubes": [
						{"origin": [-2.525, 24.125, -2.175], "size": [5.05, 3, 4.275], "uv": [45, 29]},
						{"origin": [-0.5, 23.91768, -2.1], "size": [1, 1, 1], "pivot": [0, 24.41768, -1.675], "rotation": [10.72858, -10.54529, 44.00703], "uv": [133, 42]},
						{"origin": [-0.8698, 25.8329, -2.02612], "size": [4.025, 5, 4.125], "pivot": [-0.00604, 28.46314, 0.08638], "rotation": [0, 0, 14.97328], "uv": [44, 0]},
						{"origin": [-1.9302, 28.2579, -2.32612], "size": [1, 3, 4.525], "pivot": [0.00604, 28.46314, 0.08638], "rotation": [0, 0, -14.97328], "uv": [35, 146], "mirror": true},
						{"origin": [-3.20331, 25.46228, -2.04784], "size": [4, 5, 4.125], "pivot": [-1.42831, 28.46228, 0.05216], "rotation": [0, 0, -14.97328], "uv": [26, 45]},
						{"origin": [-1.75, 30.04777, -2.29784], "size": [3.5, 1, 4.625], "uv": [15, 137], "mirror": true},
						{"origin": [-0.03973, 29.5853, -2.46136], "size": [1, 1, 1], "pivot": [0.61027, 30.0853, -1.96136], "rotation": [0, 0, 72.5], "uv": [117, 58]}
					]
				},
				{
					"name": "Arms",
					"parent": "UpperBody",
					"pivot": [0, 30, 0]
				},
				{
					"name": "LeftArm",
					"parent": "Arms",
					"pivot": [3.45, 29.125, 0.1],
					"rotation": [0, 0, -13],
					"cubes": [
						{"origin": [2.35902, 24.15106, -1.4], "size": [2.5, 6, 3], "uv": [43, 99]}
					]
				},
				{
					"name": "LeftForeArm",
					"parent": "LeftArm",
					"pivot": [3.675, 24.45, 0.125],
					"cubes": [
						{"origin": [2.38402, 19.37606, -1.375], "size": [2.45, 5, 3], "uv": [32, 99]},
						{"origin": [2.13402, 21.37606, -1.625], "size": [2.95, 1, 3.5], "uv": [22, 97]}
					]
				},
				{
					"name": "LeftHand",
					"parent": "LeftForeArm",
					"pivot": [3.675, 19.65, 0.125],
					"cubes": [
						{"origin": [2.35902, 17.37606, -1.4], "size": [2.5, 3, 3], "uv": [46, 70]}
					]
				},
				{
					"name": "LeftHandLocator",
					"parent": "LeftHand",
					"pivot": [3.425, 18.4, 0.025]
				},
				{
					"name": "RightArm",
					"parent": "Arms",
					"pivot": [-3.45, 29.125, 0.1],
					"rotation": [0, 0, 13],
					"cubes": [
						{"origin": [-4.85902, 24.15106, -1.4], "size": [2.5, 6, 3], "uv": [28, 55], "mirror": true},
						{"origin": [-5.60902, 26.25106, -1.65], "size": [2.5, 4, 3.5], "pivot": [-4.10902, 28.15106, 0.1], "rotation": [0, 0, 10], "uv": [34, 117], "mirror": true},
						{"origin": [-4.97906, 28.37769, -0.54242], "size": [0.475, 0.475, 1], "pivot": [-5.17023, 28.6567, -0.0601], "rotation": [-81.64165, 81.14668, -74.26667], "uv": [15, 153], "mirror": true},
						{"origin": [-5.23948, 28.73041, -0.56742], "size": [0.9, 0.375, 1], "pivot": [-5.17023, 28.6567, -0.0601], "rotation": [78.80002, 83.38587, 86.34588], "uv": [11, 155], "mirror": true},
						{"origin": [-6.01139, 28.66179, -0.56742], "size": [0.7, 0.375, 1], "pivot": [-5.17023, 28.6567, -0.0601], "rotation": [88.4103, 36.25023, 96.53301], "uv": [11, 155], "mirror": true},
						{"origin": [-5.63922, 28.84383, -0.54242], "size": [0.425, 0.475, 1], "pivot": [-5.17023, 28.6567, -0.0601], "rotation": [-60.43435, 87.40125, -52.98647], "uv": [15, 153], "mirror": true},
						{"origin": [-6.09545, 28.02061, -0.51742], "size": [1, 1.35, 1], "pivot": [-5.17023, 28.6567, -0.0601], "rotation": [88.49238, 31.75187, 96.67967], "uv": [10, 155], "mirror": true},
						{"origin": [-5.79291, 27.71166, -0.51742], "size": [1.2, 0.55, 1], "pivot": [-5.17023, 28.6567, -0.0601], "rotation": [87.95197, 51.24288, 95.87584], "uv": [10, 155], "mirror": true},
						{"origin": [-5.22929, 27.99137, -0.51742], "size": [1, 1.35, 1], "pivot": [-5.17023, 28.6567, -0.0601], "rotation": [-57.47094, 87.61551, -50.02026], "uv": [10, 155], "mirror": true}
					]
				},
				{
					"name": "RightForeArm",
					"parent": "RightArm",
					"pivot": [-3.675, 24.45, 0.125],
					"cubes": [
						{"origin": [-4.83402, 19.37606, -1.375], "size": [2.45, 5, 3], "uv": [13, 60], "mirror": true}
					]
				},
				{
					"name": "RightHand",
					"parent": "RightForeArm",
					"pivot": [-3.675, 19.65, 0.125],
					"cubes": [
						{"origin": [-4.85902, 17.37606, -1.4], "size": [2.5, 3, 3], "uv": [46, 70], "mirror": true}
					]
				},
				{
					"name": "RightHandLocator",
					"parent": "RightHand",
					"pivot": [-3.425, 18.4, 0.025]
				},
				{
					"name": "AllHead",
					"parent": "UpperBody",
					"pivot": [0, 30.6, 0],
					"cubes": [
						{"origin": [-1.5, 30.2, -1.525], "size": [3, 2, 3], "uv": [61, 54]}
					]
				},
				{
					"name": "Head",
					"parent": "AllHead",
					"pivot": [0, 31.4, 0],
					"cubes": [
						{"origin": [-3.5, 31.5, -3.5], "size": [7, 7, 7], "uv": [0, 0]}
					]
				},
				{
					"name": "Mouth",
					"parent": "Head",
					"pivot": [0.7, 32.6, 1.275]
				},
				{
					"name": "Mouth2",
					"parent": "Mouth",
					"pivot": [0, 32.275, -2.825],
					"cubes": [
						{"origin": [-0.9, 32.575, -2.825], "size": [1.8, 0.1, 0.05], "uv": [62, 103]},
						{"origin": [-0.6, 31.95, -2.825], "size": [1.2, 0.75, 0.05], "uv": [62, 103]}
					]
				},
				{
					"name": "bone23",
					"parent": "Mouth2",
					"pivot": [0.375, 32.85, -2.825],
					"rotation": [0, 0, 8.25],
					"cubes": [
						{"origin": [-0.00695, 32.6031, -2.825], "size": [0.925, 0.15, 0.05], "uv": [61, 104]}
					]
				},
				{
					"name": "bone24",
					"parent": "Mouth2",
					"pivot": [-0.375, 32.85, -2.825],
					"rotation": [0, 0, -8.25],
					"cubes": [
						{"origin": [-0.91805, 32.6031, -2.825], "size": [0.9, 0.15, 0.05], "uv": [61, 104]}
					]
				},
				{
					"name": "bone17",
					"parent": "Mouth2",
					"pivot": [-0.65, 32.525, -2.825],
					"rotation": [0, 0, 65],
					"cubes": [
						{"origin": [-0.775, 32.325, -2.825], "size": [0.675, 0.4, 0.05], "uv": [61, 104]}
					]
				},
				{
					"name": "bone18",
					"parent": "Mouth2",
					"pivot": [0.65, 32.525, -2.825],
					"rotation": [0, 0, -65],
					"cubes": [
						{"origin": [0.1, 32.325, -2.825], "size": [0.675, 0.4, 0.05], "uv": [61, 104]}
					]
				},
				{
					"name": "Mouth_laugh",
					"parent": "Mouth",
					"pivot": [-0.22523, 32.4125, -2.8],
					"cubes": [
						{"origin": [-0.29977, 32.3, -2.825], "size": [0.6, 0.175, 0.05], "uv": [61, 104], "mirror": true}
					]
				},
				{
					"name": "mouth_laugh3",
					"parent": "Mouth_laugh",
					"pivot": [-0.50509, 32.46501, -2.8],
					"rotation": [0, 0, 65],
					"cubes": [
						{"origin": [-1.07744, 32.25439, -2.825], "size": [0.675, 0.075, 0.05], "pivot": [-0.71494, 32.57939, -2.8], "rotation": [0, 0, -47], "uv": [61, 104], "mirror": true},
						{"origin": [-0.76837, 32.37356, -2.825], "size": [0.725, 0.075, 0.05], "pivot": [-0.53087, 32.37356, -2.8], "rotation": [0, 0, -59], "uv": [61, 104], "mirror": true},
						{"origin": [-0.44337, 32.32356, -2.825], "size": [0.275, 0.075, 0.05], "pivot": [-0.53087, 32.37356, -2.8], "rotation": [0, 0, -59], "uv": [61, 104], "mirror": true}
					]
				},
				{
					"name": "mouth_laugh4",
					"parent": "Mouth_laugh",
					"pivot": [0.50509, 32.46501, -2.8],
					"rotation": [0, 0, -65],
					"cubes": [
						{"origin": [0.40244, 32.25439, -2.825], "size": [0.675, 0.075, 0.05], "pivot": [0.71494, 32.57939, -2.8], "rotation": [0, 0, 47], "uv": [61, 104]},
						{"origin": [0.04337, 32.37356, -2.825], "size": [0.725, 0.075, 0.05], "pivot": [0.53087, 32.37356, -2.8], "rotation": [0, 0, 59], "uv": [61, 104]},
						{"origin": [0.16837, 32.32356, -2.825], "size": [0.275, 0.075, 0.05], "pivot": [0.53087, 32.37356, -2.8], "rotation": [0, 0, 59], "uv": [61, 104]}
					]
				},
				{
					"name": "mouth_laugh2",
					"parent": "Mouth_laugh",
					"pivot": [0.53009, 32.46501, -2.8],
					"rotation": [0, 0, -65]
				},
				{
					"name": "Mouth3",
					"parent": "Mouth",
					"pivot": [0, 32.375, -2.8],
					"cubes": [
						{"origin": [-0.4, 32.275, -2.825], "size": [0.8, 0.2, 0.05], "uv": [61, 104]}
					]
				},
				{
					"name": "Mouth4",
					"parent": "Mouth",
					"pivot": [0.125, 32.35, -1.825],
					"cubes": [
						{"origin": [-0.175, 32.325, -1.825], "size": [0.4, 0.15, 0.05], "pivot": [0.125, 32.4, -1.825], "rotation": [0, 0, -37.5], "uv": [61, 104]},
						{"origin": [-0.425, 32.625, -1.825], "size": [0.4, 0.15, 0.05], "pivot": [0.15, 32.4, -1.825], "rotation": [0, 0, -37.5], "uv": [61, 104]},
						{"origin": [-0.175, 32.1, -1.825], "size": [0.35, 0.15, 0.05], "pivot": [0.125, 32.4, -1.825], "rotation": [0, 0, 50], "uv": [61, 104]},
						{"origin": [-0.9603, 32.34994, -1.825], "size": [0.4, 0.15, 0.05], "pivot": [-0.7353, 32.47494, -1.775], "rotation": [0, 0, -42], "uv": [61, 104]},
						{"origin": [-0.65, 32.125, -1.825], "size": [0.4, 0.15, 0.05], "pivot": [-0.275, 32.4, -1.825], "rotation": [0, 0, 50], "uv": [61, 104]},
						{"origin": [0.5603, 32.34994, -1.825], "size": [0.4, 0.15, 0.05], "pivot": [0.7353, 32.47494, -1.775], "rotation": [0, 0, 42], "uv": [61, 104], "mirror": true},
						{"origin": [0.25, 32.125, -1.825], "size": [0.4, 0.15, 0.05], "pivot": [0.275, 32.4, -1.825], "rotation": [0, 0, -50], "uv": [61, 104], "mirror": true},
						{"origin": [0.025, 32.625, -1.825], "size": [0.4, 0.15, 0.05], "pivot": [-0.15, 32.4, -1.825], "rotation": [0, 0, 37.5], "uv": [61, 104], "mirror": true}
					]
				},
				{
					"name": "Mouth5",
					"parent": "Mouth",
					"pivot": [0, 32.35, -2.825],
					"cubes": [
						{"origin": [-0.0625, 32.18912, -2.825], "size": [0.125, 0.125, 0.05], "uv": [61, 104]},
						{"origin": [-0.25173, 32.21738, -2.825], "size": [0.25, 0.125, 0.05], "pivot": [-0.07673, 32.29238, -2.825], "rotation": [0, 0, 32], "uv": [61, 104]},
						{"origin": [0.00173, 32.21738, -2.825], "size": [0.25, 0.125, 0.05], "pivot": [0.07673, 32.29238, -2.825], "rotation": [0, 0, -32], "uv": [61, 104], "mirror": true}
					]
				},
				{
					"name": "Mouth6",
					"parent": "Mouth",
					"pivot": [0.125, 33.35, -2.825],
					"cubes": [
						{"origin": [-0.175, 33.125, -2.825], "size": [0.4, 0.35, 0.05], "pivot": [0.125, 33.4, -2.825], "rotation": [0, 0, -37.5], "uv": [61, 104]},
						{"origin": [-0.425, 33.25, -2.825], "size": [0.4, 0.525, 0.05], "pivot": [0.15, 33.4, -2.825], "rotation": [0, 0, -37.5], "uv": [61, 104]},
						{"origin": [-0.175, 33.1, -2.825], "size": [0.35, 0.15, 0.05], "pivot": [0.125, 33.4, -2.825], "rotation": [0, 0, 50], "uv": [61, 104]},
						{"origin": [-0.9603, 33.12494, -2.825], "size": [0.4, 0.375, 0.05], "pivot": [-0.7353, 33.47494, -2.775], "rotation": [0, 0, -42], "uv": [61, 104]},
						{"origin": [-1.6103, 32.54994, -2.825], "size": [0.7, 1.075, 0.05], "pivot": [-0.7353, 33.47494, -2.775], "rotation": [0, 0, -77], "uv": [60, 104]},
						{"origin": [0.9103, 32.49994, -2.825], "size": [0.7, 1.125, 0.05], "pivot": [0.7353, 33.47494, -2.775], "rotation": [0, 0, 77], "uv": [60, 104], "mirror": true},
						{"origin": [1.6103, 33.24994, -2.825], "size": [0.2, 0.375, 0.05], "pivot": [0.7353, 33.47494, -2.775], "rotation": [0, 0, 77], "uv": [61, 104], "mirror": true},
						{"origin": [1.6103, 32.87494, -2.825], "size": [0.1, 0.375, 0.05], "pivot": [0.7353, 33.47494, -2.775], "rotation": [0, 0, 77], "uv": [61, 104], "mirror": true},
						{"origin": [1.6103, 32.77494, -2.825], "size": [0.1, 0.175, 0.05], "pivot": [0.7353, 33.47494, -2.775], "rotation": [0, 0, 77], "uv": [61, 104], "mirror": true},
						{"origin": [-1.7103, 32.77494, -2.825], "size": [0.1, 0.175, 0.05], "pivot": [-0.7353, 33.47494, -2.775], "rotation": [0, 0, -77], "uv": [61, 104]},
						{"origin": [-1.7353, 32.92494, -2.825], "size": [0.125, 0.325, 0.05], "pivot": [-0.7353, 33.47494, -2.775], "rotation": [0, 0, -77], "uv": [61, 104]},
						{"origin": [-1.8103, 33.24994, -2.825], "size": [0.2, 0.375, 0.05], "pivot": [-0.7353, 33.47494, -2.775], "rotation": [0, 0, -77], "uv": [61, 104]},
						{"origin": [1.7353, 31.59994, -2.825], "size": [0.1, 2.25, 0.05], "pivot": [0.7353, 33.47494, -2.775], "rotation": [0, 0, 89.5], "uv": [67, 104]},
						{"origin": [-0.65, 33.125, -2.825], "size": [0.4, 0.15, 0.05], "pivot": [-0.275, 33.4, -2.825], "rotation": [0, 0, 50], "uv": [61, 104]},
						{"origin": [0.5603, 33.14994, -2.825], "size": [0.4, 0.35, 0.05], "pivot": [0.7353, 33.47494, -2.775], "rotation": [0, 0, 42], "uv": [61, 104], "mirror": true},
						{"origin": [0.25, 33.125, -2.825], "size": [0.4, 0.15, 0.05], "pivot": [0.275, 33.4, -2.825], "rotation": [0, 0, -50], "uv": [61, 104], "mirror": true},
						{"origin": [0.025, 33.4, -2.825], "size": [0.4, 0.375, 0.05], "pivot": [-0.15, 33.4, -2.825], "rotation": [0, 0, 37.5], "uv": [61, 104], "mirror": true}
					]
				},
				{
					"name": "Hair_All",
					"parent": "Head",
					"pivot": [0, 7, 0]
				},
				{
					"name": "Hair",
					"parent": "Hair_All",
					"pivot": [0, 7, 0]
				},
				{
					"name": "HairFemaleH_Matching",
					"parent": "Hair",
					"pivot": [-0.14783, 35.36957, 0.52174],
					"cubes": [
						{"origin": [0.20464, 33.9127, -5.1], "size": [1, 2, 1], "inflate": 0.004, "pivot": [-0.35065, 35.95484, -4.6], "rotation": [0, 0, 87.5], "uv": [45, 95], "mirror": true},
						{"origin": [0.04111, 35.25935, -5.1], "size": [1, 1, 1], "inflate": 0.003, "pivot": [-0.35065, 35.95484, -4.6], "rotation": [0, 0, 62.5], "uv": [78, 23], "mirror": true},
						{"origin": [-0.01324, 35.46387, -5.1], "size": [1, 3, 1], "pivot": [-0.35065, 35.95484, -4.6], "rotation": [0, 0, 30], "uv": [59, 94], "mirror": true},
						{"origin": [-1.01324, 34.46387, -5.1], "size": [1, 4, 1], "inflate": -0.003, "pivot": [-0.35065, 35.95484, -4.6], "rotation": [0, 0, 30], "uv": [90, 77], "mirror": true},
						{"origin": [-1.56748, 34.54081, -5.1], "size": [1, 4, 1], "pivot": [-0.35065, 35.95484, -4.6], "rotation": [0, 0, 20], "uv": [70, 90], "mirror": true},
						{"origin": [-0.3369, 35.58378, -5], "size": [1, 3, 1], "pivot": [-0.8369, 37.33378, -4.5], "rotation": [0, 0, 62.5], "uv": [94, 94], "mirror": true},
						{"origin": [-1.64019, 34.89974, -4.975], "size": [1, 2, 1], "pivot": [-2.14019, 36.64974, -4.5], "rotation": [0, 0, 82.5], "uv": [50, 95], "mirror": true},
						{"origin": [-2.29233, 36.38237, -4.975], "size": [1, 2, 1], "pivot": [-1.89233, 36.68237, -4.475], "rotation": [0, 0, 82.5], "uv": [95, 48], "mirror": true},
						{"origin": [-5, 33.075, 2.9], "size": [1, 4, 1], "uv": [90, 71]},
						{"origin": [-2.375, 36.925, -4.6], "size": [1, 2, 1], "pivot": [-2, 37.625, -4.1], "rotation": [0, 0, 10], "uv": [95, 44]},
						{"origin": [-2.68744, 35.38477, -4.9], "size": [1, 2, 1], "inflate": -0.003, "pivot": [-2.58744, 36.88477, -4.4], "rotation": [0, 0, 40], "uv": [40, 95]},
						{"origin": [0.93364, 34.0266, -5.025], "size": [1, 2, 1], "pivot": [1.67507, 36.14587, -4.5125], "rotation": [0, 0, -73.25], "uv": [50, 95]},
						{"origin": [1.01914, 35.78021, -5], "size": [1, 3, 1], "pivot": [1.67507, 36.14587, -4.5125], "rotation": [0, 0, -53.25], "uv": [94, 94]},
						{"origin": [1.68744, 35.38477, -4.9], "size": [1, 2, 1], "inflate": -0.003, "pivot": [2.58744, 36.88477, -4.4], "rotation": [0, 0, -40], "uv": [40, 95], "mirror": true},
						{"origin": [1.3, 36.625, -4.9], "size": [1, 2, 1], "uv": [95, 19]},
						{"origin": [-4.4625, 34.425, -4.05], "size": [1, 4, 3], "pivot": [-3.9625, 36.425, -2.55], "rotation": [0, 0, 10], "uv": [69, 66]},
						{"origin": [3.1375, 34.425, -4.1], "size": [1.2, 4, 3], "pivot": [3.8375, 36.425, -2.6], "rotation": [0, 0, -10], "uv": [58, 69]},
						{"origin": [-4.5, 34, -2.55], "size": [1, 5, 6], "uv": [41, 17]},
						{"origin": [-3, 32.2, 4.225], "size": [6, 6, 1], "uv": [43, 52]},
						{"origin": [-4, 31.2, 3.225], "size": [8, 7, 1], "uv": [28, 14]},
						{"origin": [3.5, 34, -2.55], "size": [1, 5, 6], "uv": [36, 33]},
						{"origin": [-5.25, 30.1, 0.925], "size": [1, 8, 1], "pivot": [-5, 34, 0.425], "rotation": [0, 0, 5], "uv": [78, 65]},
						{"origin": [-5.25, 30.1, -0.075], "size": [1, 8, 1], "pivot": [-5, 34, 0.425], "rotation": [0, 0, 5], "uv": [62, 77]},
						{"origin": [-5.25, 31.1, -1.075], "size": [1, 6, 1], "pivot": [-5, 34, 0.425], "rotation": [0, 0, 5], "uv": [75, 83]},
						{"origin": [4.3, 34, -1.075], "size": [1, 3, 1], "pivot": [4.75, 35.2875, 1.4125], "rotation": [0, 0, -7.5], "uv": [35, 94]},
						{"origin": [4.3, 33, -0.075], "size": [1, 5, 1], "pivot": [4.75, 35.2875, 1.4125], "rotation": [0, 0, -7.5], "uv": [15, 88]},
						{"origin": [3.8, 33.075, 2.9], "size": [1, 4, 1], "pivot": [4.75, 35.2875, 1.4125], "rotation": [0, 0, -7.5], "uv": [90, 65]},
						{"origin": [-4.5, 31.4, 0.875], "size": [1, 3, 3], "uv": [0, 74]},
						{"origin": [-4.25, 32, -2.125], "size": [1, 2, 3], "uv": [78, 4]},
						{"origin": [3.25, 32, -2.125], "size": [1, 2, 3], "uv": [77, 52]},
						{"origin": [3.5, 31.4, 0.775], "size": [1, 4, 3], "uv": [8, 69]},
						{"origin": [-4.4, 33.6, -3.7], "size": [1, 4, 2], "uv": [0, 15]},
						{"origin": [-1.85, 36.8, -4.7], "size": [4, 3, 1], "pivot": [0, 38.1, -3.8], "rotation": [-3.75, 0, -8.25], "uv": [67, 74]},
						{"origin": [-2.975, 38.9, -3.7], "size": [6, 1, 7], "uv": [0, 25]},
						{"origin": [-4, 38.2, -3.775], "size": [8, 1, 8], "uv": [0, 15]},
						{"origin": [-2, 39.9, -2.7], "size": [4, 1, 5], "uv": [43, 45]},
						{"origin": [-3, 39.9, -1.7], "size": [1, 1, 3], "uv": [32, 80]},
						{"origin": [2, 39.9, -1.7], "size": [1, 1, 3], "uv": [80, 23]},
						{"origin": [-3.975, 38.9, -2.7], "size": [1, 1, 5], "uv": [58, 47]},
						{"origin": [3.025, 38.9, -2.7], "size": [1, 1, 5], "uv": [53, 55]},
						{"origin": [2.05, 36.175, -4.6], "size": [1.2, 3, 1], "pivot": [2.875, 37.025, -4.1], "rotation": [0, 0, -5], "uv": [10, 94]},
						{"origin": [-3.425, 35.525, -4.5], "size": [1, 3, 1], "pivot": [-3, 37.025, -4], "rotation": [0, 0, 12.5], "uv": [5, 94]}
					]
				},
				{
					"name": "HairSideDown",
					"parent": "Hair_All",
					"pivot": [0, 7, 0]
				},
				{
					"name": "SideDownHairC",
					"parent": "HairSideDown",
					"pivot": [2.98601, 33.147, 2.31083]
				},
				{
					"name": "Left_SideHairC",
					"parent": "SideDownHairC",
					"pivot": [3.3875, 38.0204, -2.40415],
					"rotation": [-2.96257, -0.49953, -12.48185],
					"cubes": [
						{"origin": [2.875, 34.7704, -3.40415], "size": [1.025, 2, 1], "uv": [95, 68]},
						{"origin": [2.91133, 32.18846, -3.37915], "size": [1.025, 3, 1], "pivot": [3.8025, 34.9469, -2.57245], "rotation": [0, 0, 7.5], "uv": [15, 95]}
					]
				},
				{
					"name": "Left_SideHairC1",
					"parent": "Left_SideHairC",
					"pivot": [3.7625, 38.7704, -1.40415],
					"rotation": [-0.03642, 0.23681, -7.48857],
					"cubes": [
						{"origin": [3.175, 33.925, -3.3], "size": [1.025, 2, 2], "pivot": [3.67878, 34.22519, -2.5375], "rotation": [0, 0, 10], "uv": [88, 21]},
						{"origin": [2.65, 32.225, -3.25], "size": [1.025, 2, 2], "pivot": [3.15378, 32.52519, -2.4875], "rotation": [0, 0, 17], "uv": [89, 11]},
						{"origin": [2.63809, 30.32567, -3.225], "size": [1.025, 2, 2], "pivot": [3.15378, 32.52519, -2.4875], "rotation": [0, 0, 19.5], "uv": [5, 89]},
						{"origin": [3.47732, 35.79621, -3.30461], "size": [1.025, 3, 2], "uv": [0, 85]},
						{"origin": [3.72732, 33.79621, -1.85461], "size": [1.025, 4, 1], "pivot": [3.98982, 35.79621, -0.80461], "rotation": [-0.0831, 0.47182, -4.97735], "uv": [85, 90]}
					]
				},
				{
					"name": "Left_SideHairC2",
					"parent": "Left_SideHairC",
					"pivot": [3.44174, 33.54299, -1.56348],
					"rotation": [7.03572, -1.30006, 9.96919],
					"cubes": [
						{"origin": [2.49249, 33.32534, -2.33896], "size": [1.025, 2, 1], "pivot": [2.9198, 33.14097, -1.82646], "rotation": [-0.05215, 0.56985, -2.94519], "uv": [95, 60], "mirror": true},
						{"origin": [3.46981, 34.35116, -2.23942], "size": [1.025, 3, 2], "pivot": [3.76299, 33.97335, -1.47456], "rotation": [2.27375, 0.99714, -7.48595], "uv": [0, 85]},
						{"origin": [3.41601, 31.58904, -2.20981], "size": [1.025, 1, 1], "pivot": [3.76299, 33.97335, -1.47456], "rotation": [2.43557, 0.48154, 5.00449], "uv": [38, 80]},
						{"origin": [3.37609, 32.48215, -2.23481], "size": [1.025, 2, 2], "pivot": [3.76299, 33.97335, -1.47456], "rotation": [2.41227, 0.58729, 2.50662], "uv": [88, 21]}
					]
				},
				{
					"name": "Right_SideHairC",
					"parent": "SideDownHairC",
					"pivot": [-3.7375, 37.3704, -2.75415],
					"rotation": [-6.69978, 0.74856, 12.46403],
					"cubes": [
						{"origin": [-4.25, 34.8704, -3.75415], "size": [1.025, 2, 1], "uv": [95, 64]},
						{"origin": [-4.28633, 31.93846, -3.72915], "size": [1.025, 3, 1], "pivot": [-4.1525, 35.0469, -2.92245], "rotation": [0, 0, -7.5], "uv": [15, 95], "mirror": true}
					]
				},
				{
					"name": "Right_SideHairC1",
					"parent": "Right_SideHairC",
					"pivot": [-3.71674, 37.84299, -2.36348],
					"rotation": [-0.29059, 1.34954, -2.46734],
					"cubes": [
						{"origin": [-3.79249, 33.32534, -3.13896], "size": [1.025, 2, 1], "pivot": [-3.1948, 33.14097, -2.62646], "rotation": [-0.05215, -0.56985, 2.94519], "uv": [95, 60]},
						{"origin": [-4.76981, 34.35116, -3.03942], "size": [1.025, 3, 2], "pivot": [-4.03799, 33.97335, -2.27456], "rotation": [2.27375, -0.99714, 7.48595], "uv": [0, 85], "mirror": true},
						{"origin": [-4.67609, 32.48215, -3.03481], "size": [1.025, 2, 2], "pivot": [-4.03799, 33.97335, -2.27456], "rotation": [2.41227, -0.58729, -2.50662], "uv": [88, 21], "mirror": true},
						{"origin": [-4.5274, 30.67053, -2.85], "size": [1.025, 2, 2], "pivot": [-4.0149, 31.62053, -1.85], "rotation": [8.25, 0, -4.5], "uv": [5, 89], "mirror": true}
					]
				},
				{
					"name": "Right_SideHairC2",
					"parent": "Right_SideHairC",
					"pivot": [-4.1125, 38.8704, -1.75415],
					"rotation": [-0.1239, -0.46278, 14.97751],
					"cubes": [
						{"origin": [-4.55, 34.025, -3.65], "size": [1.025, 2, 2], "pivot": [-4.02878, 34.32519, -2.8875], "rotation": [0, 0, -10], "uv": [88, 21], "mirror": true},
						{"origin": [-4.53809, 33.12567, -3.625], "size": [1.025, 1, 1], "pivot": [-4.02878, 34.32519, -2.8875], "rotation": [0, 0, -12.5], "uv": [38, 80], "mirror": true},
						{"origin": [-4.85232, 35.89621, -3.65461], "size": [1.025, 3, 2], "uv": [67, 84]}
					]
				},
				{
					"name": "HairSide",
					"parent": "Hair_All",
					"pivot": [0, 7, 0]
				},
				{
					"name": "SideHairA",
					"parent": "HairSide",
					"pivot": [0, 14.4, 0]
				},
				{
					"name": "Left_SideHairA1",
					"parent": "SideHairA",
					"pivot": [4.1625, 36.9704, -1.80415],
					"rotation": [46.97086, -2.0677, -5.78285],
					"cubes": [
						{"origin": [3.65, 34.4704, -3.00415], "size": [1.025, 2, 1], "uv": [95, 15]},
						{"origin": [3.68633, 31.53846, -2.97915], "size": [1.025, 3, 1], "pivot": [4.5775, 34.6469, -2.17245], "rotation": [0, 0, 7.5], "uv": [93, 5]}
					]
				},
				{
					"name": "Left_SideHairA2",
					"parent": "Left_SideHairA1",
					"pivot": [4.54053, 37.94012, -1.30976],
					"rotation": [-19.64646, -4.02089, -19.25025],
					"cubes": [
						{"origin": [4.55303, 33.09473, -2.2056], "size": [1.025, 2, 2], "pivot": [5.05681, 33.39492, -1.4431], "rotation": [0, 0, -10], "uv": [87, 30]},
						{"origin": [4.51612, 32.19539, -1.1806], "size": [1.025, 1, 1], "pivot": [5.05681, 33.39492, -1.4431], "rotation": [0, 0, -22.5], "uv": [73, 7]},
						{"origin": [4.25535, 34.96594, -2.21022], "size": [1.025, 3, 2], "uv": [39, 83]},
						{"origin": [4.64718, 35.33865, 0.18492], "size": [1.025, 4, 1], "pivot": [5.28468, 37.33865, 0.68492], "rotation": [-16.2173, -6.90369, -28.91961], "uv": [65, 90]}
					]
				},
				{
					"name": "Right_SideHairA1",
					"parent": "SideHairA",
					"pivot": [-4.1625, 36.9704, -1.80415],
					"rotation": [46.97086, 2.0677, 5.78285],
					"cubes": [
						{"origin": [-4.675, 34.4704, -2.80415], "size": [1.025, 2, 1], "uv": [95, 15], "mirror": true},
						{"origin": [-4.71133, 31.53846, -2.77915], "size": [1.025, 3, 1], "pivot": [-4.5775, 34.6469, -1.97245], "rotation": [0, 0, -7.5], "uv": [93, 5], "mirror": true}
					]
				},
				{
					"name": "Right_SideHairA2",
					"parent": "Right_SideHairA1",
					"pivot": [-4.54053, 37.94012, -1.30976],
					"rotation": [-19.64646, 4.02089, 19.25025],
					"cubes": [
						{"origin": [-5.57803, 33.09473, -2.2056], "size": [1.025, 2, 2], "pivot": [-5.05681, 33.39492, -1.4431], "rotation": [0, 0, 10], "uv": [87, 30], "mirror": true},
						{"origin": [-5.54112, 32.19539, -1.1806], "size": [1.025, 1, 1], "pivot": [-5.05681, 33.39492, -1.4431], "rotation": [0, 0, 22.5], "uv": [73, 7], "mirror": true},
						{"origin": [-5.28035, 34.96594, -2.21022], "size": [1.025, 3, 2], "uv": [39, 83], "mirror": true},
						{"origin": [-5.67218, 35.33865, 0.18492], "size": [1.025, 4, 1], "pivot": [-5.28468, 37.33865, 0.68492], "rotation": [-16.2173, 6.90369, 28.91961], "uv": [65, 90], "mirror": true}
					]
				},
				{
					"name": "Accessory",
					"parent": "Hair_All",
					"pivot": [0, 7, 0]
				},
				{
					"name": "HorseEar",
					"parent": "Accessory",
					"pivot": [-0.14783, 37.76957, -1.92826]
				},
				{
					"name": "LeftHorseEar",
					"parent": "HorseEar",
					"pivot": [3.28727, 39.66922, -2.19471],
					"rotation": [15.81097, 8.88258, 4.94059],
					"cubes": [
						{"origin": [4.0158, 40.41975, -2.74471], "size": [1, 3, 2], "pivot": [3.68727, 41.26922, -1.69471], "rotation": [-6.98185, -13.54092, 7.56694], "uv": [83, 70]},
						{"origin": [4.2658, 38.29475, -2.74471], "size": [1, 3, 2], "pivot": [3.68727, 41.26922, -1.66971], "rotation": [-13.15128, -7.69939, 40.1259], "uv": [83, 64]},
						{"origin": [0.54357, 39.88656, -3.00652], "size": [1, 3, 2], "pivot": [3.68727, 39.36922, -1.89471], "rotation": [-14.62628, -4.20094, 54.27642], "uv": [53, 83]},
						{"origin": [1.71407, 39.52486, -3.44374], "size": [1, 3, 2], "pivot": [1.41407, 40.94986, -2.41874], "rotation": [-10.65015, -10.9153, 24.75751], "uv": [46, 83]},
						{"origin": [2.45831, 38.96698, -2.3657], "size": [2, 3, 2], "pivot": [3.68727, 41.16922, -1.89471], "rotation": [13.90745, -7.35147, 30.4939], "uv": [78, 32]}
					]
				},
				{
					"name": "RightHorseEar",
					"parent": "HorseEar",
					"pivot": [-3.28727, 39.66922, -2.19471],
					"rotation": [15.81097, -8.88258, -4.94059],
					"cubes": [
						{"origin": [-5.0158, 40.44475, -2.74471], "size": [1, 3, 2], "pivot": [-3.68727, 41.24422, -1.69471], "rotation": [-6.98185, 13.54092, -7.56694], "uv": [83, 70], "mirror": true},
						{"origin": [-5.2658, 38.26975, -2.74471], "size": [1, 3, 2], "pivot": [-3.68727, 41.24422, -1.66971], "rotation": [-13.15128, 7.69939, -40.1259], "uv": [83, 64], "mirror": true},
						{"origin": [-1.54357, 39.88656, -3.00652], "size": [1, 3, 2], "pivot": [-3.68727, 39.36922, -1.89471], "rotation": [-14.62628, 4.20094, -54.27642], "uv": [53, 83], "mirror": true},
						{"origin": [-2.71407, 39.52486, -3.44374], "size": [1, 3, 2], "pivot": [-1.41407, 40.94986, -2.41874], "rotation": [-10.65015, 10.9153, -24.75751], "uv": [46, 83], "mirror": true},
						{"origin": [-4.45831, 38.96698, -2.3657], "size": [2, 3, 2], "pivot": [-3.68727, 41.16922, -1.89471], "rotation": [13.90745, 7.35147, -30.4939], "uv": [78, 32], "mirror": true}
					]
				},
				{
					"name": "Eyes",
					"parent": "Head",
					"pivot": [0, 7, 0]
				},
				{
					"name": "Eyebrows",
					"parent": "Eyes",
					"pivot": [-3.22864, 34.09562, -3.6225]
				},
				{
					"name": "EyeBrowF",
					"parent": "Eyebrows",
					"pivot": [0, 34.4, -3.475]
				},
				{
					"name": "LeftEyebrow",
					"parent": "EyeBrowF",
					"pivot": [2.875, 34.25, -3.3],
					"cubes": [
						{"origin": [2.475, 34.225, -3.8], "size": [1.3, 1, 0.075], "pivot": [3.025, 34.75, -3.3], "rotation": [0, 0, 2.5], "uv": [5, 15]},
						{"origin": [1.04939, 34.24683, -3.8], "size": [1.5, 1, 0.075], "pivot": [2.52439, 34.74683, -3.3], "rotation": [0, 0, -2.25], "uv": [5, 15]}
					]
				},
				{
					"name": "EyeBrow_Left4",
					"parent": "LeftEyebrow",
					"pivot": [3.825, 34.25, -3.3],
					"cubes": [
						{"origin": [3.275, 33.75, -3.8], "size": [1.1, 1, 0.075], "uv": [25, 21]}
					]
				},
				{
					"name": "RightEyebrow",
					"parent": "EyeBrowF",
					"pivot": [-2.875, 34.25, -3.3],
					"cubes": [
						{"origin": [-3.775, 34.225, -3.8], "size": [1.3, 1, 0.075], "pivot": [-3.025, 34.75, -3.3], "rotation": [0, 0, -2.5], "uv": [5, 15], "mirror": true},
						{"origin": [-2.54939, 34.24683, -3.8], "size": [1.5, 1, 0.075], "pivot": [-2.52439, 34.74683, -3.3], "rotation": [0, 0, 2.25], "uv": [5, 15], "mirror": true}
					]
				},
				{
					"name": "EyeBrow_Right4",
					"parent": "RightEyebrow",
					"pivot": [-3.825, 34.25, -3.3],
					"cubes": [
						{"origin": [-4.375, 33.75, -3.8], "size": [1.1, 1, 0.075], "uv": [25, 21], "mirror": true}
					]
				},
				{
					"name": "Eyelid",
					"parent": "Eyes",
					"pivot": [0, 33, 0]
				},
				{
					"name": "LeftEyeball",
					"parent": "Eyelid",
					"pivot": [2.375, 33.5, -3.525],
					"cubes": [
						{"origin": [1.375, 32.5, -3.525], "size": [2, 2, 0], "uv": [94, 10]}
					]
				},
				{
					"name": "LeftEyesBase2",
					"parent": "LeftEyeball",
					"pivot": [2.25, 33.5, -3.05],
					"cubes": [
						{"origin": [1.5, 32.5, -3.55], "size": [1.4, 2, 0.025], "uv": [25, 18]}
					]
				},
				{
					"name": "LeftEylight",
					"parent": "LeftEyesBase2",
					"pivot": [2.6, 34.15, -3.6875],
					"cubes": [
						{"origin": [2.35, 33.9, -3.7], "size": [0.5, 0.5, 0.025], "uv": [6, 103]}
					]
				},
				{
					"name": "LeftPupil",
					"parent": "LeftEyesBase2",
					"pivot": [2.225, 33.65, -3.2575],
					"cubes": [
						{"origin": [1.875, 33.1, -3.6], "size": [0.65, 0.8, 2], "uv": [1, 102]}
					]
				},
				{
					"name": "RightEyeball",
					"parent": "Eyelid",
					"pivot": [-2.375, 33.5, -3.525],
					"cubes": [
						{"origin": [-3.375, 32.5, -3.525], "size": [2, 2, 0], "uv": [87, 35]}
					]
				},
				{
					"name": "RightIris",
					"parent": "RightEyeball",
					"pivot": [-2.25, 33.5, -3.05],
					"cubes": [
						{"origin": [-2.9, 32.5, -3.55], "size": [1.4, 2, 0.025], "uv": [25, 15]}
					]
				},
				{
					"name": "RightEyelight",
					"parent": "RightIris",
					"pivot": [-1.725, 34.15, -3.6875],
					"cubes": [
						{"origin": [-1.975, 33.9, -3.7], "size": [0.5, 0.5, 0.025], "uv": [6, 103]}
					]
				},
				{
					"name": "RightPupil",
					"parent": "RightIris",
					"pivot": [-2.225, 33.65, -3.2575],
					"cubes": [
						{"origin": [-2.525, 33.1, -3.6], "size": [0.65, 0.8, 1], "uv": [1, 102]}
					]
				},
				{
					"name": "bone",
					"parent": "Head",
					"pivot": [3.10549, 36.16365, -5],
					"rotation": [0, 0, -12.5],
					"cubes": [
						{"origin": [2.59114, 35.48559, -5.475], "size": [1, 1.35, 1], "pivot": [3.09114, 36.16059, -4.975], "rotation": [0, 0, -2.5], "uv": [9, 146], "mirror": true},
						{"origin": [1.51606, 35.44939, -5.5], "size": [1.2, 0.55, 1], "pivot": [2.01606, 35.52439, -4.975], "rotation": [0, 0, 38.25], "uv": [9, 146], "mirror": true},
						{"origin": [2.84299, 35.92615, -5.5], "size": [0.475, 0.475, 1], "pivot": [3.10549, 36.16365, -5], "rotation": [0, 0, -9.25], "uv": [14, 144], "mirror": true},
						{"origin": [1.95704, 35.83708, -5.475], "size": [1, 1.35, 1], "pivot": [2.45704, 36.51208, -4.975], "rotation": [0, 0, 57.75], "uv": [9, 146], "mirror": true},
						{"origin": [2.16192, 36.30844, -5.5], "size": [0.425, 0.475, 1], "pivot": [2.42442, 36.54594, -5], "rotation": [0, 0, -2.75], "uv": [14, 144], "mirror": true},
						{"origin": [2.14109, 36.11229, -5.525], "size": [0.7, 0.375, 1], "pivot": [2.84109, 36.44979, -5.025], "rotation": [0, 0, 53.25], "uv": [10, 146], "mirror": true},
						{"origin": [2.61609, 36.18729, -5.525], "size": [0.9, 0.375, 1], "pivot": [2.84109, 36.44979, -5.025], "rotation": [0, 0, 6], "uv": [10, 146], "mirror": true},
						{"origin": [2.24299, 35.72615, -5.425], "size": [0.475, 0.475, 1], "pivot": [3.10549, 36.16365, -5], "rotation": [0, 0, -9.25], "uv": [14, 144], "mirror": true}
					]
				},
				{
					"name": "jacket",
					"parent": "UpperBody",
					"pivot": [-1.28741, 27.9824, 0.03638],
					"cubes": [
						{"origin": [0.66364, 20.95049, -2.35112], "size": [1, 5, 4.575], "pivot": [0.56364, 23.45049, -1.92612], "rotation": [0, 0, -102.52672], "uv": [50, 120]},
						{"origin": [0.35405, 26.69913, -2.30112], "size": [1, 5, 4.525], "pivot": [1.07905, 29.19913, -0.06362], "rotation": [0, 0, -88.02672], "uv": [63, 120]},
						{"origin": [-2.09991, 22.9824, -2.42612], "size": [1, 2, 1], "pivot": [-1.28741, 27.9824, 0.03638], "rotation": [0, 0, 5.02672], "uv": [48, 145], "mirror": true},
						{"origin": [-3.44991, 23.0574, -2.20112], "size": [4.225, 5, 4.475], "pivot": [-1.28741, 27.9824, 0.03638], "rotation": [0, 0, 5.02672], "uv": [31, 136], "mirror": true},
						{"origin": [-3.59991, 22.2824, -2.47612], "size": [4, 1, 4.95], "pivot": [-1.28741, 27.9824, 0.03638], "rotation": [0, 0, 5.02672], "uv": [51, 137], "mirror": true}
					]
				},
				{
					"name": "Breast",
					"parent": "UpperBody",
					"pivot": [0.0125, 28.48714, -1.95514],
					"rotation": [10, 0, 0],
					"cubes": [
						{"origin": [0.21762, 25.48139, -3.66068], "size": [3.075, 3, 3], "pivot": [1.9536, 26.96397, -2.17806], "rotation": [-53.11398, -4.00278, -2.99399], "uv": [39, 60]},
						{"origin": [-2.19262, 25.38139, -3.61068], "size": [1, 3, 4], "pivot": [-1.9536, 27.36397, -2.17806], "rotation": [-53.11398, 4.00278, 2.99399], "uv": [24, 144], "mirror": true},
						{"origin": [-0.5375, 25.48139, -3.63568], "size": [1.075, 3, 3], "pivot": [1.19848, 26.96397, -2.17806], "rotation": [-53.11398, 0, 0], "uv": [11, 102]},
						{"origin": [-3.29262, 25.48139, -3.66068], "size": [3.075, 3, 3], "pivot": [-1.9536, 26.96397, -2.17806], "rotation": [-53.11398, 4.00278, 2.99399], "uv": [35, 109], "mirror": true},
						{"origin": [-3.44262, 25.63139, -3.36068], "size": [2, 3, 4], "pivot": [-1.9536, 27.36397, -2.17806], "rotation": [-53.11398, 4.00278, 2.99399], "uv": [-1, 147], "mirror": true}
					]
				},
				{
					"name": "RightWaistLocator",
					"parent": "UpperBody",
					"pivot": [-4, 23, 0],
					"rotation": [-5, 0, 0]
				},
				{
					"name": "LeftWaistLocator",
					"parent": "UpperBody",
					"pivot": [4, 23, 0],
					"rotation": [-20, 0, 0]
				},
				{
					"name": "BackpackLocator",
					"parent": "UpperBody",
					"pivot": [0, 27.9644, 0]
				},
				{
					"name": "Tail",
					"parent": "UpBody",
					"pivot": [0, 18.925, 0.9]
				},
				{
					"name": "HorseTail",
					"parent": "Tail",
					"pivot": [0, 20.55, 1.7],
					"rotation": [22.5, 0, 0],
					"cubes": [
						{"origin": [-2.5, 17.64, 1.6], "size": [5, 4, 3], "pivot": [0, 17.75, 3.9], "rotation": [27.5, 0, 0], "uv": [1, 108]}
					]
				},
				{
					"name": "WeiBa5",
					"parent": "HorseTail",
					"pivot": [0, 17.52525, 3.41068],
					"rotation": [-35, 0, 0],
					"cubes": [
						{"origin": [-2, 15.16383, 2.63892], "size": [4, 3, 3], "pivot": [0, 16.66383, 4.13892], "rotation": [-29.5, 0, 0], "uv": [1, 116]}
					]
				},
				{
					"name": "WeiBa6",
					"parent": "WeiBa5",
					"pivot": [0, 16.13317, 5.10002],
					"rotation": [32.5, 0, 0],
					"cubes": [
						{"origin": [-1, 8.81577, 4.33868], "size": [2, 5.6, 1], "pivot": [0, 10.61577, 4.83868], "rotation": [11.5, 0, 0], "uv": [1, 133]},
						{"origin": [-1.5, 11.65901, 3.31018], "size": [3, 4, 3], "pivot": [1, 16.53901, 2.93018], "rotation": [13.5, 0, 0], "uv": [13, 120]},
						{"origin": [0.8, 10.37846, 3.49408], "size": [2, 7, 2], "pivot": [1.4, 14.47846, 4.71408], "rotation": [-8.83002, 26.19622, -6.78325], "uv": [1, 123]},
						{"origin": [-0.1, 12.65901, 1.91018], "size": [3, 5, 2], "pivot": [-1, 18.23901, 2.63018], "rotation": [7.5, 0, 0], "uv": [10, 128]},
						{"origin": [-2.8, 10.37846, 3.49408], "size": [2, 7, 2], "pivot": [-1.4, 14.47846, 4.71408], "rotation": [-8.83002, -26.19622, 6.78325], "uv": [1, 123], "mirror": true},
						{"origin": [-2.9, 12.65901, 1.91018], "size": [3, 5, 2], "pivot": [1, 18.23901, 2.63018], "rotation": [7.5, 0, 0], "uv": [10, 128], "mirror": true}
					]
				},
				{
					"name": "bone5",
					"parent": "WeiBa6",
					"pivot": [0, 10.06221, 5.884],
					"cubes": [
						{"origin": [-2, 8.63401, 5.26018], "size": [4, 4, 2], "pivot": [1.5, 16.61401, 3.08018], "rotation": [-1.25, 0, 0], "uv": [18, 108]},
						{"origin": [-1.5, 4.02643, 4.14756], "size": [3, 6, 1.5], "pivot": [0, 7.02643, 5.14756], "rotation": [-27, 0, 0], "uv": [23, 115]}
					]
				},
				{
					"name": "DownBody",
					"parent": "AllBody",
					"pivot": [0, 19, 0]
				},
				{
					"name": "Skirt",
					"parent": "DownBody",
					"pivot": [-0.2, 19.32329, 1.52782],
					"cubes": [
						{"origin": [2.14309, 13.77117, -3.175], "size": [2.25, 5.3, 3.625], "pivot": [0.2, 17.06447, -0.73125], "rotation": [-14.58872, -3.52693, -13.2984], "uv": [103, 43]},
						{"origin": [3.49309, 16.47117, -3.275], "size": [1, 1, 1], "pivot": [0.2, 17.06447, -0.73125], "rotation": [-14.58872, -3.52693, -13.2984], "uv": [122, 58]},
						{"origin": [1.34298, 17.38843, -3.09952], "size": [1, 1, 1], "pivot": [1.84298, 17.98843, -2.59952], "rotation": [-14.83316, -2.25646, -8.45624], "uv": [122, 58]},
						{"origin": [1.34298, 18.78843, -3.09952], "size": [1, 1, 1], "pivot": [1.84298, 17.98843, -2.59952], "rotation": [-14.83316, -2.25646, -8.45624], "uv": [117, 58]},
						{"origin": [3.49309, 17.97117, -3.275], "size": [1, 1, 1], "pivot": [0.2, 17.06447, -0.73125], "rotation": [-14.58872, -3.52693, -13.2984], "uv": [117, 58]},
						{"origin": [3.49309, 17.77117, 2.3], "size": [1, 1, 1], "pivot": [0.2, 17.06447, 0.73125], "rotation": [14.58872, 3.52693, -13.2984], "uv": [117, 58]},
						{"origin": [3.49309, 16.27117, 2.3], "size": [1, 1, 1], "pivot": [0.2, 17.06447, 0.73125], "rotation": [14.58872, 3.52693, -13.2984], "uv": [122, 58]},
						{"origin": [-4.49309, 17.97117, -3.275], "size": [1, 1, 1], "pivot": [-0.2, 17.06447, -0.73125], "rotation": [-14.58872, 3.52693, 13.2984], "uv": [117, 58], "mirror": true},
						{"origin": [-4.49309, 16.47117, -3.275], "size": [1, 1, 1], "pivot": [-0.2, 17.06447, -0.73125], "rotation": [-14.58872, 3.52693, 13.2984], "uv": [122, 58], "mirror": true},
						{"origin": [0.17403, 14.4387, -3.125], "size": [2.75, 5, 3.8], "pivot": [0, 17.06447, -0.73125], "rotation": [-14.99782, 0.25881, 0.96593], "uv": [103, 54]},
						{"origin": [-2.92403, 14.4387, -3.15], "size": [3.25, 5, 3.825], "pivot": [0, 17.06447, -0.73125], "rotation": [-14.99782, -0.25881, -0.96593], "uv": [118, 62], "mirror": true},
						{"origin": [-4.39309, 13.77117, -3.175], "size": [2.25, 5.3, 3.625], "pivot": [-0.2, 17.06447, -0.73125], "rotation": [-14.58872, 3.52693, 13.2984], "uv": [103, 43], "mirror": true},
						{"origin": [2.14309, 13.97999, -0.81593], "size": [2.25, 5.3, 3.875], "pivot": [0.2, 17.32329, 1.52782], "rotation": [12.15257, 2.94886, -13.43602], "uv": [117, 48]},
						{"origin": [0.17403, 14.69752, -0.86593], "size": [2.75, 5, 3.8], "pivot": [0, 17.32329, 1.52782], "rotation": [12.49816, -0.21643, 0.9763], "uv": [103, 54]},
						{"origin": [-2.92403, 14.69752, -0.86593], "size": [3.25, 5, 3.875], "pivot": [0, 17.32329, 1.52782], "rotation": [12.49816, 0.21643, -0.9763], "uv": [120, 72], "mirror": true},
						{"origin": [-4.39309, 14.02999, -0.91593], "size": [2.25, 5.3, 3.95], "pivot": [-0.2, 17.32329, 1.52782], "rotation": [12.15257, -2.94886, 13.43602], "uv": [117, 48], "mirror": true},
						{"origin": [-4.49309, 16.27117, 2.3], "size": [1, 1, 1], "pivot": [-0.2, 17.06447, 0.73125], "rotation": [14.58872, -3.52693, 13.2984], "uv": [122, 58], "mirror": true},
						{"origin": [-4.49309, 17.77117, 2.3], "size": [1, 1, 1], "pivot": [-0.2, 17.06447, 0.73125], "rotation": [14.58872, -3.52693, 13.2984], "uv": [117, 58], "mirror": true}
					]
				},
				{
					"name": "Legs",
					"parent": "DownBody",
					"pivot": [0, 20, 0]
				},
				{
					"name": "LeftLeg",
					"parent": "Legs",
					"pivot": [2.1, 18.5, 0],
					"cubes": [
						{"origin": [0.475, 10, -2], "size": [3.25, 9, 4], "uv": [15, 35]},
						{"origin": [0.625, 8.45, -2.275], "size": [2.95, 2.7, 2.3], "pivot": [2.1, 11, -1], "rotation": [50, 0, 0], "uv": [17, 37]}
					]
				},
				{
					"name": "LeftLowerLeg",
					"parent": "LeftLeg",
					"pivot": [1.775, 10.55, 0.325],
					"cubes": [
						{"origin": [0.5, 1.85, -1.975], "size": [3.2, 9, 4], "uv": [0, 34]},
						{"origin": [0.36861, 3.16259, -2.15], "size": [2.2, 5, 4.45], "uv": [101, 30]},
						{"origin": [1.66056, 3.10669, -2.05], "size": [2.2, 5, 4.25], "uv": [101, 30], "mirror": true},
						{"origin": [1.8, 4.15, -2.7], "size": [1.2, 5, 1], "pivot": [-2.1, 4.85, 0.025], "rotation": [0, 0, 10], "uv": [117, 41], "mirror": true}
					]
				},
				{
					"name": "LeftFoot",
					"parent": "LeftLowerLeg",
					"pivot": [2.175, 2.875, 0.3],
					"cubes": [
						{"origin": [0.45229, 0.90958, -2.89851], "size": [3.325, 2, 5], "uv": [51, 37]},
						{"origin": [0.35229, -0.09042, -3.89851], "size": [3.525, 2.25, 6.35], "uv": [100, 65]},
						{"origin": [0.37729, 1.38458, -3.72351], "size": [3.475, 2, 6.1], "pivot": [2.11479, 1.90958, -0.84851], "rotation": [13.25, 0, 0], "uv": [101, 74]}
					]
				},
				{
					"name": "RightLeg",
					"parent": "Legs",
					"pivot": [-2.1, 18.5, 0],
					"cubes": [
						{"origin": [-3.725, 10, -2], "size": [3.25, 9, 4], "uv": [15, 35], "mirror": true},
						{"origin": [-3.575, 8.45, -2.275], "size": [2.95, 2.7, 2.3], "pivot": [-2.1, 11, -1], "rotation": [50, 0, 0], "uv": [17, 37], "mirror": true}
					]
				},
				{
					"name": "RightLowerLeg",
					"parent": "RightLeg",
					"pivot": [-1.775, 10.55, 0.325],
					"cubes": [
						{"origin": [-3.7, 1.85, -1.975], "size": [3.2, 9, 4], "uv": [0, 34], "mirror": true},
						{"origin": [-2.56861, 3.16259, -2.15], "size": [2.2, 5, 4.45], "uv": [101, 30], "mirror": true},
						{"origin": [-3, 4.15, -2.2], "size": [1.2, 5, 0.5], "pivot": [2.1, 4.85, 0.025], "rotation": [0, 0, -10], "uv": [117, 41]},
						{"origin": [-3.86056, 3.10669, -2.55], "size": [2.2, 5, 4.75], "uv": [101, 30]}
					]
				},
				{
					"name": "LeftFoot2",
					"parent": "RightLowerLeg",
					"pivot": [-2.325, 2.875, 0.3],
					"cubes": [
						{"origin": [-3.77729, 0.90958, -2.89851], "size": [3.325, 2, 5], "uv": [51, 37], "mirror": true},
						{"origin": [-3.87729, -0.09042, -3.89851], "size": [3.525, 2.25, 6.35], "uv": [100, 65], "mirror": true},
						{"origin": [-3.85229, 1.38458, -3.72351], "size": [3.475, 2, 6.1], "pivot": [-2.11479, 1.90958, -0.84851], "rotation": [13.25, 0, 0], "uv": [101, 74], "mirror": true}
					]
				}
			]
		}
	]
}