{
	"format_version": "1.12.0",
	"minecraft:geometry": [
		{
			"description": {
				"identifier": "geometry.unknown",
				"texture_width": 128,
				"texture_height": 128,
				"visible_bounds_width": 3,
				"visible_bounds_height": 4.5,
				"visible_bounds_offset": [0, 1.75, 0]
			},
			"bones": [
				{
					"name": "Root",
					"pivot": [0, 0.6, 0]
				},
				{
					"name": "AllBody",
					"parent": "Root",
					"pivot": [0, 19.6, 0]
				},
				{
					"name": "UpBody",
					"parent": "AllBody",
					"pivot": [0, 18.9, 0],
					"cubes": [
						{"origin": [-2.5, 23.725, -2.1], "size": [5, 1, 4.175], "uv": [47, 10]},
						{"origin": [-2.4, 23.825, -2.475], "size": [4.8, 2, 2], "pivot": [0, 23.625, -1.1], "rotation": [-41.75, 0, 0], "uv": [42, 62]},
						{"origin": [-2.45, 23.675, 0.375], "size": [4.875, 2, 2], "pivot": [0, 23.625, 1.1], "rotation": [46.25, 0, 0], "uv": [42, 62]},
						{"origin": [-0.825, 18.17753, -2.05], "size": [1.65, 2, 4.1], "uv": [55, 62]},
						{"origin": [-0.5, 20.17753, -2.05], "size": [1, 4, 4.1], "uv": [11, 59]},
						{"origin": [-3.3, 18.5, -2.025], "size": [3, 6, 4.05], "pivot": [-2, 20.8, 0], "rotation": [0, 0, 12.25], "uv": [0, 48]},
						{"origin": [0.3, 18.5, -2.025], "size": [3, 6, 4.05], "pivot": [2, 20.8, 0], "rotation": [0, 0, -12.25], "uv": [0, 48], "mirror": true},
						{"origin": [2.81471, 18.52414, -3.025], "size": [2, 4, 4.1], "pivot": [3.53971, 21.09914, 0.05], "rotation": [0, 10, -17], "uv": [0, 98]},
						{"origin": [-4.81471, 18.52414, -3.025], "size": [2, 4, 4.1], "pivot": [-3.53971, 21.09914, 0.05], "rotation": [0, -10, 17], "uv": [0, 98], "mirror": true},
						{"origin": [-3.46955, 21.35579, -2.08461], "size": [7, 1, 4.225], "pivot": [0.03045, 21.85579, 0.02789], "rotation": [0, 0, -15], "uv": [88, 56]},
						{"origin": [-3.46955, 21.35579, -2.18461], "size": [7, 1, 4.425], "pivot": [0.03045, 21.85579, 0.02789], "rotation": [0, 0, 5], "uv": [89, 48]},
						{"origin": [-2.6, 20.15, -2.375], "size": [1, 1.5, 4.75], "uv": [118, 26]},
						{"origin": [-3.8, 19.45, -2.175], "size": [7.6, 2, 4.35], "uv": [90, 31]},
						{"origin": [1.6, 20.15, -2.375], "size": [1, 1.5, 4.75], "uv": [118, 26], "mirror": true},
						{"origin": [-4, 18.55, -2.275], "size": [8, 2, 4.55], "uv": [91, 39]}
					]
				},
				{
					"name": "BackpackLocator",
					"parent": "UpBody",
					"pivot": [0, 27.9644, 0]
				},
				{
					"name": "LeftWaistLocator",
					"parent": "UpBody",
					"pivot": [4, 22, 0],
					"rotation": [-20, 0, 0]
				},
				{
					"name": "RightWaistLocator",
					"parent": "UpBody",
					"pivot": [-4, 22, 0],
					"rotation": [-5, 0, 0]
				},
				{
					"name": "UpperBody",
					"parent": "UpBody",
					"pivot": [0, 24.1, 0],
					"cubes": [
						{"origin": [-2.525, 24.4, -2.175], "size": [5.05, 3, 4.275], "uv": [45, 29]},
						{"origin": [-0.6448, 25.7329, -2.02612], "size": [4.025, 5, 4.125], "pivot": [-0.00604, 28.36314, 0.08638], "rotation": [0, 0, 14.97328], "uv": [44, 0]},
						{"origin": [1.53343, 27.46074, -2.47545], "size": [1.025, 2, 1], "pivot": [1.67093, 28.46074, -2.07545], "rotation": [-49.12835, 4.98093, 6.29108], "uv": [13, 87]},
						{"origin": [-2.55843, 27.46074, -2.47545], "size": [1.025, 2, 1], "pivot": [-1.67093, 28.46074, -2.07545], "rotation": [-49.12835, -4.98093, -6.29108], "uv": [13, 87], "mirror": true},
						{"origin": [-3.42831, 25.36228, -2.04784], "size": [4, 5, 4.125], "pivot": [-1.42831, 28.36228, 0.05216], "rotation": [0, 0, -14.97328], "uv": [26, 45]}
					]
				},
				{
					"name": "Arms",
					"parent": "UpperBody",
					"pivot": [0, 29.9, 0]
				},
				{
					"name": "LeftArm",
					"parent": "Arms",
					"pivot": [3.45, 29.025, 0.1],
					"rotation": [0, 0, -13],
					"cubes": [
						{"origin": [2.35902, 24.05106, -1.4], "size": [2.5, 6, 3], "uv": [15, 49]},
						{"origin": [3.63402, 27.40106, -2.3], "size": [2.4, 3, 4.8], "pivot": [3.60902, 27.05106, 0.1], "rotation": [0, 0, -12.5], "uv": [10, 90]},
						{"origin": [3.40575, 26.41152, -2.2], "size": [2.1, 2, 4.6], "pivot": [4.35575, 29.11152, 0.1], "rotation": [0, 0, -2.5], "uv": [23, 89]}
					]
				},
				{
					"name": "LeftForeArm",
					"parent": "LeftArm",
					"pivot": [3.675, 24.35, 0.125],
					"cubes": [
						{"origin": [2.38402, 19.27606, -1.375], "size": [2.45, 5, 3], "uv": [0, 59]},
						{"origin": [3.99848, 20.30112, -2.1], "size": [2, 4, 4.25], "pivot": [4.04848, 21.05112, 0], "rotation": [0, 0, 3], "uv": [43, 98]}
					]
				},
				{
					"name": "LeftHand",
					"parent": "LeftForeArm",
					"pivot": [3.675, 19.55, 0.125],
					"cubes": [
						{"origin": [2.35902, 17.27606, -1.4], "size": [2.5, 3, 3], "uv": [28, 68]}
					]
				},
				{
					"name": "LeftHandLocator",
					"parent": "LeftHand",
					"pivot": [3.425, 18.3, 0.025]
				},
				{
					"name": "RightArm",
					"parent": "Arms",
					"pivot": [-3.45, 29.025, 0.1],
					"rotation": [0, 0, 13],
					"cubes": [
						{"origin": [-4.85902, 24.05106, -1.4], "size": [2.5, 6, 3], "uv": [15, 49], "mirror": true},
						{"origin": [-5.50575, 26.41152, -2.2], "size": [2.1, 2, 4.6], "pivot": [-4.35575, 29.11152, 0.1], "rotation": [0, 0, 2.5], "uv": [23, 89], "mirror": true},
						{"origin": [-6.03402, 27.40106, -2.3], "size": [2.4, 3, 4.8], "pivot": [-3.60902, 27.05106, 0.1], "rotation": [0, 0, 12.5], "uv": [10, 90], "mirror": true}
					]
				},
				{
					"name": "RightForeArm",
					"parent": "RightArm",
					"pivot": [-3.675, 24.35, 0.125],
					"cubes": [
						{"origin": [-4.83402, 19.27606, -1.375], "size": [2.45, 5, 3], "uv": [0, 59], "mirror": true},
						{"origin": [-5.99848, 20.30112, -2.1], "size": [2, 4, 4.25], "pivot": [-4.04848, 21.05112, 0], "rotation": [0, 0, -3], "uv": [43, 98], "mirror": true}
					]
				},
				{
					"name": "RightHand",
					"parent": "RightForeArm",
					"pivot": [-3.675, 19.55, 0.125],
					"cubes": [
						{"origin": [-4.85902, 17.27606, -1.4], "size": [2.5, 3, 3], "uv": [28, 68], "mirror": true}
					]
				},
				{
					"name": "RightHandLocator",
					"parent": "RightHand",
					"pivot": [-3.425, 18.3, 0.025]
				},
				{
					"name": "AllHead",
					"parent": "UpperBody",
					"pivot": [0, 30.5, 0],
					"cubes": [
						{"origin": [-1.5, 30.1, -1.525], "size": [3, 2, 3], "uv": [62, 8]}
					]
				},
				{
					"name": "Head",
					"parent": "AllHead",
					"pivot": [0, 31.15, 0],
					"cubes": [
						{"origin": [-3.5, 31.15, -3.5], "size": [7, 7, 7], "uv": [0, 0]}
					]
				},
				{
					"name": "Hair_All",
					"parent": "Head",
					"pivot": [0, 6.65, 0]
				},
				{
					"name": "Hair",
					"parent": "Hair_All",
					"pivot": [0, 6.65, 0]
				},
				{
					"name": "HairFemaleH_Matching",
					"parent": "Hair",
					"pivot": [-0.14783, 35.01957, 0.52174],
					"cubes": [
						{"origin": [-0.5, 34.55, -5.1], "size": [1, 4, 1], "inflate": -0.003, "uv": [69, 80]},
						{"origin": [-0.6631, 35.23378, -5], "size": [1, 3, 1], "pivot": [0.8369, 36.98378, -4.5], "rotation": [0, 0, -62.5], "uv": [31, 81]},
						{"origin": [27.22825, 41.2604, -5.2], "size": [1, 2, 1], "pivot": [15.75325, 35.2104, -4.5], "rotation": [0, 0, -147.5], "uv": [8, 89]},
						{"origin": [0.64019, 34.54974, -5], "size": [1, 2, 1], "pivot": [2.14019, 36.29974, -4.5], "rotation": [0, 0, -82.5], "uv": [10, 83]},
						{"origin": [1.64019, 35.54974, -5], "size": [1, 2, 1], "pivot": [2.14019, 36.29974, -4.5], "rotation": [0, 0, -82.5], "uv": [82, 58]},
						{"origin": [-5, 32.725, 2.9], "size": [1, 4, 1], "uv": [80, 52]},
						{"origin": [-1.5, 35.55, -5.1], "size": [1, 3, 1], "uv": [26, 81]},
						{"origin": [-0.77235, 35.05356, -5.1], "size": [1, 1, 1], "inflate": 0.003, "pivot": [-0.27235, 34.55356, -4.6], "rotation": [0, 0, -32.5], "uv": [79, 83]},
						{"origin": [-0.77235, 33.35965, -5.1], "size": [1, 2, 1], "inflate": 0.004, "pivot": [-0.27235, 34.85965, -4.6], "rotation": [0, 0, -57.5], "uv": [41, 82]},
						{"origin": [0.23193, 34.48596, -5.1], "size": [1, 4, 1], "pivot": [0.73193, 36.98596, -4.6], "rotation": [0, 0, 10], "uv": [80, 32]},
						{"origin": [-2.5, 36.275, -4.9], "size": [1, 2, 1], "uv": [82, 38]},
						{"origin": [-2.58744, 35.03477, -4.9], "size": [1, 2, 1], "inflate": -0.003, "pivot": [-2.58744, 36.53477, -4.4], "rotation": [0, 0, 40], "uv": [62, 81]},
						{"origin": [1.5, 36.275, -4.9], "size": [1, 2, 1], "uv": [64, 30]},
						{"origin": [-4.4625, 34.075, -4.05], "size": [1, 4, 3], "uv": [39, 67]},
						{"origin": [3.4625, 34.075, -4.1], "size": [1, 4, 3], "uv": [66, 60]},
						{"origin": [-4.5, 33.65, -2.55], "size": [1, 5, 6], "uv": [41, 17]},
						{"origin": [-3, 31.85, 4.225], "size": [6, 6, 1], "uv": [43, 52]},
						{"origin": [-4, 30.85, 3.225], "size": [8, 7, 1], "uv": [28, 14]},
						{"origin": [3.5, 33.65, -2.55], "size": [1, 5, 6], "uv": [36, 33]},
						{"origin": [-5.5, 29.65, 0.925], "size": [1, 8, 1], "uv": [47, 74]},
						{"origin": [-5.5, 29.65, -0.075], "size": [1, 8, 1], "uv": [72, 0]},
						{"origin": [-5.5, 30.65, -1.075], "size": [1, 6, 1], "uv": [74, 67]},
						{"origin": [4.5, 33.65, -1.075], "size": [1, 3, 1], "uv": [81, 10]},
						{"origin": [4.5, 32.65, -0.075], "size": [1, 5, 1], "uv": [14, 77]},
						{"origin": [4, 32.725, 2.9], "size": [1, 4, 1], "uv": [80, 21]},
						{"origin": [-4.5, 31.05, 0.875], "size": [1, 3, 3], "uv": [18, 71]},
						{"origin": [-4.25, 31.65, -2.125], "size": [1, 2, 3], "uv": [56, 71]},
						{"origin": [3.25, 31.65, -2.125], "size": [1, 2, 3], "uv": [71, 52]},
						{"origin": [3.5, 31.05, 0.775], "size": [1, 4, 3], "uv": [63, 34]},
						{"origin": [-4.4, 33.25, -3.7], "size": [1, 4, 2], "uv": [0, 0]},
						{"origin": [-2, 36.25, -4.3], "size": [4, 3, 1], "uv": [48, 69]},
						{"origin": [-2.975, 38.55, -3.7], "size": [6, 1, 7], "uv": [0, 25]},
						{"origin": [-4, 37.85, -3.775], "size": [8, 1, 8], "uv": [0, 15]},
						{"origin": [-2, 39.55, -2.7], "size": [4, 1, 5], "uv": [43, 45]},
						{"origin": [-3, 39.55, -1.7], "size": [1, 1, 3], "uv": [72, 11]},
						{"origin": [2, 39.55, -1.7], "size": [1, 1, 3], "uv": [69, 39]},
						{"origin": [-3.975, 38.55, -2.7], "size": [1, 1, 5], "uv": [53, 55]},
						{"origin": [3.025, 38.55, -2.7], "size": [1, 1, 5], "uv": [35, 55]},
						{"origin": [2.5, 35.175, -4.6], "size": [1, 3, 1], "uv": [5, 81]},
						{"origin": [-3.5, 35.175, -4.6], "size": [1, 3, 1], "uv": [57, 45]}
					]
				},
				{
					"name": "HairSideDown",
					"parent": "Hair_All",
					"pivot": [0, 6.65, 0]
				},
				{
					"name": "SideDownHairC",
					"parent": "HairSideDown",
					"pivot": [2.98601, 32.797, 2.31083]
				},
				{
					"name": "Left_SideHairC",
					"parent": "SideDownHairC",
					"pivot": [3.3875, 37.6704, -2.40415],
					"rotation": [-2.96257, -0.49953, -12.48185],
					"cubes": [
						{"origin": [2.875, 34.4204, -3.40415], "size": [1.025, 2, 1], "uv": [56, 83]},
						{"origin": [2.91133, 31.83846, -3.37915], "size": [1.025, 3, 1], "pivot": [3.8025, 34.5969, -2.57245], "rotation": [0, 0, 7.5], "uv": [36, 81]}
					]
				},
				{
					"name": "Left_SideHairC1",
					"parent": "Left_SideHairC",
					"pivot": [3.7625, 38.4204, -1.40415],
					"rotation": [-0.03642, 0.23681, -7.48857],
					"cubes": [
						{"origin": [3.175, 33.575, -3.3], "size": [1.025, 2, 2], "pivot": [3.67878, 33.87519, -2.5375], "rotation": [0, 0, 10], "uv": [77, 61]},
						{"origin": [2.65, 31.875, -3.25], "size": [1.025, 2, 2], "pivot": [3.15378, 32.17519, -2.4875], "rotation": [0, 0, 17], "uv": [77, 78]},
						{"origin": [2.63809, 29.97567, -3.225], "size": [1.025, 2, 2], "pivot": [3.15378, 32.17519, -2.4875], "rotation": [0, 0, 19.5], "uv": [78, 27]},
						{"origin": [3.47732, 35.44621, -3.30461], "size": [1.025, 3, 2], "uv": [75, 36]},
						{"origin": [3.72732, 33.44621, -1.85461], "size": [1.025, 4, 1], "pivot": [3.98982, 35.44621, -0.80461], "rotation": [-0.0831, 0.47182, -4.97735], "uv": [0, 81]}
					]
				},
				{
					"name": "Left_SideHairC2",
					"parent": "Left_SideHairC",
					"pivot": [3.44174, 33.19299, -1.56348],
					"rotation": [7.03572, -1.30006, 9.96919],
					"cubes": [
						{"origin": [2.49249, 32.97534, -2.33896], "size": [1.025, 2, 1], "pivot": [2.9198, 32.79097, -1.82646], "rotation": [-0.05215, 0.56985, -2.94519], "uv": [83, 46], "mirror": true},
						{"origin": [3.46981, 34.00116, -2.23942], "size": [1.025, 3, 2], "pivot": [3.76299, 33.62335, -1.47456], "rotation": [2.27375, 0.99714, -7.48595], "uv": [75, 36]},
						{"origin": [3.41601, 31.23904, -2.20981], "size": [1.025, 1, 1], "pivot": [3.76299, 33.62335, -1.47456], "rotation": [2.43557, 0.48154, 5.00449], "uv": [84, 0]},
						{"origin": [3.37609, 32.13215, -2.23481], "size": [1.025, 2, 2], "pivot": [3.76299, 33.62335, -1.47456], "rotation": [2.41227, 0.58729, 2.50662], "uv": [77, 61]}
					]
				},
				{
					"name": "Right_SideHairC",
					"parent": "SideDownHairC",
					"pivot": [-3.7375, 37.0204, -2.75415],
					"rotation": [-6.69978, 0.74856, 12.46403],
					"cubes": [
						{"origin": [-4.25, 34.5204, -3.75415], "size": [1.025, 2, 1], "uv": [51, 83]},
						{"origin": [-4.28633, 31.58846, -3.72915], "size": [1.025, 3, 1], "pivot": [-4.1525, 34.6969, -2.92245], "rotation": [0, 0, -7.5], "uv": [36, 81], "mirror": true}
					]
				},
				{
					"name": "Right_SideHairC1",
					"parent": "Right_SideHairC",
					"pivot": [-3.71674, 37.49299, -2.36348],
					"rotation": [-0.29059, 1.34954, -2.46734],
					"cubes": [
						{"origin": [-3.79249, 32.97534, -3.13896], "size": [1.025, 2, 1], "pivot": [-3.1948, 32.79097, -2.62646], "rotation": [-0.05215, -0.56985, 2.94519], "uv": [83, 46]},
						{"origin": [-4.76981, 34.00116, -3.03942], "size": [1.025, 3, 2], "pivot": [-4.03799, 33.62335, -2.27456], "rotation": [2.27375, -0.99714, 7.48595], "uv": [75, 36], "mirror": true},
						{"origin": [-4.67609, 32.13215, -3.03481], "size": [1.025, 2, 2], "pivot": [-4.03799, 33.62335, -2.27456], "rotation": [2.41227, -0.58729, -2.50662], "uv": [77, 61], "mirror": true},
						{"origin": [-4.5274, 30.32053, -2.85], "size": [1.025, 2, 2], "pivot": [-4.0149, 31.27053, -1.85], "rotation": [8.25, 0, -4.5], "uv": [78, 27], "mirror": true}
					]
				},
				{
					"name": "Right_SideHairC2",
					"parent": "Right_SideHairC",
					"pivot": [-4.1125, 38.5204, -1.75415],
					"rotation": [-0.1239, -0.46278, 14.97751],
					"cubes": [
						{"origin": [-4.55, 33.675, -3.65], "size": [1.025, 2, 2], "pivot": [-4.02878, 33.97519, -2.8875], "rotation": [0, 0, -10], "uv": [77, 61], "mirror": true},
						{"origin": [-4.53809, 32.77567, -3.625], "size": [1.025, 1, 1], "pivot": [-4.02878, 33.97519, -2.8875], "rotation": [0, 0, -12.5], "uv": [84, 0], "mirror": true},
						{"origin": [-4.85232, 35.54621, -3.65461], "size": [1.025, 3, 2], "uv": [34, 75]}
					]
				},
				{
					"name": "SideDownHairM",
					"parent": "HairSideDown",
					"pivot": [-3, 39.5, 1.675]
				},
				{
					"name": "Left_SideDownHairM",
					"parent": "SideDownHairM",
					"pivot": [4.35, 36.075, -2.825],
					"rotation": [0, 17.5, 0]
				},
				{
					"name": "Left_SideDownHairM1",
					"parent": "Left_SideDownHairM",
					"pivot": [5.35, 34.075, -3.825],
					"rotation": [0, 0, 5],
					"cubes": [
						{"origin": [4.35, 30.075, -3.825], "size": [1, 4, 1], "uv": [79, 66]},
						{"origin": [4.35, 32.075, -2.825], "size": [1, 2, 1], "uv": [44, 10]}
					]
				},
				{
					"name": "Left_SideDownHairM2",
					"parent": "Left_SideDownHairM1",
					"pivot": [4.35, 30.075, -2.825],
					"rotation": [0, 0, -10],
					"cubes": [
						{"origin": [4.35, 26.075, -3.825], "size": [1, 4, 1], "uv": [57, 77]}
					]
				},
				{
					"name": "Left_SideDownHairM3",
					"parent": "Left_SideDownHairM2",
					"pivot": [4.35, 26.075, -3.825],
					"rotation": [0, 0, -10],
					"cubes": [
						{"origin": [4.35, 22.075, -3.825], "size": [1, 4, 1], "uv": [30, 39]}
					]
				},
				{
					"name": "Left_SideDownHairM4",
					"parent": "Left_SideDownHairM3",
					"pivot": [5.35, 22.075, -2.825],
					"rotation": [-5, 0, 10],
					"cubes": [
						{"origin": [4.35, 20.075, -3.825], "size": [1, 2, 1], "uv": [42, 29]},
						{"origin": [4.35, 18.075, -3.825], "size": [1, 2, 1], "pivot": [5.35, 20.075, -3.825], "rotation": [5, 0, 10], "uv": [40, 0]}
					]
				},
				{
					"name": "bone139",
					"parent": "Left_SideDownHairM1",
					"pivot": [4.35, 32.075, -1.825],
					"rotation": [-5, 0, -7.5],
					"cubes": [
						{"origin": [4.35, 27.075, -2.825], "size": [1, 5, 1], "uv": [52, 76]}
					]
				},
				{
					"name": "bone140",
					"parent": "bone139",
					"pivot": [4.35, 27.075, -1.825],
					"rotation": [-1, 0, -9],
					"cubes": [
						{"origin": [4.35, 22.075, -2.825], "size": [1, 5, 1], "uv": [41, 75]}
					]
				},
				{
					"name": "bone141",
					"parent": "Left_SideDownHairM",
					"pivot": [5.35, 34.075, -3.825],
					"rotation": [0, 0, -5],
					"cubes": [
						{"origin": [4.35, 34.075, -3.8], "size": [1, 3.5, 2], "uv": [0, 15]}
					]
				},
				{
					"name": "bone142",
					"parent": "bone141",
					"pivot": [5.35, 34.075, -3.825],
					"rotation": [0, 45, 0]
				},
				{
					"name": "bone143",
					"parent": "bone142",
					"pivot": [5.35, 34.075, -3.825],
					"rotation": [10, 10, 0]
				},
				{
					"name": "Right_SideDownHairM",
					"parent": "SideDownHairM",
					"pivot": [-4.35, 36.075, -2.825],
					"rotation": [0, -17.5, 0]
				},
				{
					"name": "Right_SideDownHairM1",
					"parent": "Right_SideDownHairM",
					"pivot": [-5.35, 34.075, -3.825],
					"rotation": [0, 0, -5],
					"cubes": [
						{"origin": [-5.35, 30.075, -3.825], "size": [1, 4, 1], "uv": [79, 66], "mirror": true},
						{"origin": [-5.35, 32.075, -2.825], "size": [1, 2, 1], "uv": [44, 10], "mirror": true}
					]
				},
				{
					"name": "Right_SideDownHairM2",
					"parent": "Right_SideDownHairM1",
					"pivot": [-4.35, 30.075, -2.825],
					"rotation": [0, 0, 10],
					"cubes": [
						{"origin": [-5.35, 26.075, -3.825], "size": [1, 4, 1], "uv": [57, 77], "mirror": true}
					]
				},
				{
					"name": "Right_SideDownHairM3",
					"parent": "Right_SideDownHairM2",
					"pivot": [-4.35, 26.075, -3.825],
					"rotation": [0, 0, 10],
					"cubes": [
						{"origin": [-5.35, 22.075, -3.825], "size": [1, 4, 1], "uv": [30, 39], "mirror": true}
					]
				},
				{
					"name": "Right_SideDownHairM4",
					"parent": "Right_SideDownHairM3",
					"pivot": [-5.35, 22.075, -2.825],
					"rotation": [-5, 0, -10],
					"cubes": [
						{"origin": [-5.35, 20.075, -3.825], "size": [1, 2, 1], "uv": [42, 29], "mirror": true},
						{"origin": [-5.35, 18.075, -3.825], "size": [1, 2, 1], "pivot": [-5.35, 20.075, -3.825], "rotation": [5, 0, -10], "uv": [40, 0], "mirror": true}
					]
				},
				{
					"name": "bone127",
					"parent": "Right_SideDownHairM1",
					"pivot": [-4.35, 32.075, -1.825],
					"rotation": [-5, 0, 7.5],
					"cubes": [
						{"origin": [-5.35, 27.075, -2.825], "size": [1, 5, 1], "uv": [52, 76], "mirror": true}
					]
				},
				{
					"name": "bone128",
					"parent": "bone127",
					"pivot": [-4.35, 27.075, -1.825],
					"rotation": [-1, 0, 9],
					"cubes": [
						{"origin": [-5.35, 22.075, -2.825], "size": [1, 5, 1], "uv": [41, 75], "mirror": true}
					]
				},
				{
					"name": "bone129",
					"parent": "Right_SideDownHairM",
					"pivot": [-5.35, 34.075, -3.825],
					"rotation": [0, 0, 5],
					"cubes": [
						{"origin": [-5.35, 34.075, -3.8], "size": [1, 3.5, 2], "uv": [0, 15], "mirror": true}
					]
				},
				{
					"name": "bone130",
					"parent": "bone129",
					"pivot": [-5.35, 34.075, -3.825],
					"rotation": [0, -45, 0]
				},
				{
					"name": "bone131",
					"parent": "bone130",
					"pivot": [-5.35, 34.075, -3.825],
					"rotation": [10, -10, 0]
				},
				{
					"name": "HairSide",
					"parent": "Hair_All",
					"pivot": [0, 6.65, 0]
				},
				{
					"name": "SideHairA",
					"parent": "HairSide",
					"pivot": [0, 14.05, 0]
				},
				{
					"name": "Left_SideHairA1",
					"parent": "SideHairA",
					"pivot": [4.1625, 36.6204, -1.80415],
					"rotation": [46.97086, -2.0677, -5.78285],
					"cubes": [
						{"origin": [3.65, 34.1204, -3.00415], "size": [1.025, 2, 1], "uv": [11, 48]},
						{"origin": [3.68633, 31.18846, -2.97915], "size": [1.025, 3, 1], "pivot": [4.5775, 34.2969, -2.17245], "rotation": [0, 0, 7.5], "uv": [51, 37]}
					]
				},
				{
					"name": "Left_SideHairA2",
					"parent": "Left_SideHairA1",
					"pivot": [4.54053, 37.59012, -1.30976],
					"rotation": [-19.64646, -4.02089, -19.25025],
					"cubes": [
						{"origin": [4.55303, 32.74473, -2.2056], "size": [1.025, 2, 2], "pivot": [5.05681, 33.04492, -1.4431], "rotation": [0, 0, -10], "uv": [77, 0]},
						{"origin": [4.51612, 31.84539, -1.1806], "size": [1.025, 1, 1], "pivot": [5.05681, 33.04492, -1.4431], "rotation": [0, 0, -22.5], "uv": [74, 83]},
						{"origin": [4.25535, 34.61594, -2.21022], "size": [1.025, 3, 2], "uv": [0, 25]},
						{"origin": [3.93276, 37.59781, 1.03676], "size": [1.025, 4, 1], "pivot": [4.44526, 39.59781, 1.53676], "rotation": [12.83314, -12.13129, -143.77373], "uv": [79, 72]}
					]
				},
				{
					"name": "Right_SideHairA1",
					"parent": "SideHairA",
					"pivot": [-4.1625, 36.6204, -1.80415],
					"rotation": [46.97086, 2.0677, 5.78285],
					"cubes": [
						{"origin": [-4.675, 34.1204, -2.80415], "size": [1.025, 2, 1], "uv": [11, 48], "mirror": true},
						{"origin": [-4.71133, 31.18846, -2.77915], "size": [1.025, 3, 1], "pivot": [-4.5775, 34.2969, -1.97245], "rotation": [0, 0, -7.5], "uv": [51, 37], "mirror": true}
					]
				},
				{
					"name": "Right_SideHairA2",
					"parent": "Right_SideHairA1",
					"pivot": [-4.54053, 37.59012, -1.30976],
					"rotation": [-19.64646, 4.02089, 19.25025],
					"cubes": [
						{"origin": [-5.57803, 32.74473, -2.2056], "size": [1.025, 2, 2], "pivot": [-5.05681, 33.04492, -1.4431], "rotation": [0, 0, 10], "uv": [77, 0], "mirror": true},
						{"origin": [-5.54112, 31.84539, -1.1806], "size": [1.025, 1, 1], "pivot": [-5.05681, 33.04492, -1.4431], "rotation": [0, 0, 22.5], "uv": [74, 83], "mirror": true},
						{"origin": [-5.28035, 34.61594, -2.21022], "size": [1.025, 3, 2], "uv": [0, 25], "mirror": true},
						{"origin": [-5.67218, 34.98865, 0.18492], "size": [1.025, 4, 1], "pivot": [-5.28468, 36.98865, 0.68492], "rotation": [-16.2173, 6.90369, 28.91961], "uv": [79, 72], "mirror": true}
					]
				},
				{
					"name": "HairPart",
					"parent": "Hair_All",
					"pivot": [0, 6.65, 0]
				},
				{
					"name": "BackHairM",
					"parent": "HairPart",
					"pivot": [0, 37.75, 4.025],
					"rotation": [-15, 0, 0],
					"cubes": [
						{"origin": [-1.5, 37.5864, 3.34631], "size": [3, 3, 2], "pivot": [0, 38.8614, 5.52131], "rotation": [-109.5, 0, 0], "uv": [69, 30]},
						{"origin": [-2.49529, 38.41385, 5.68732], "size": [2, 3, 1], "pivot": [-1.49529, 39.91385, 6.18732], "rotation": [73.56576, -21.52761, -4.70241], "uv": [19, 78]},
						{"origin": [0.49529, 38.41385, 5.68732], "size": [2, 3, 1], "pivot": [1.49529, 39.91385, 6.18732], "rotation": [73.56576, 21.52761, 4.70241], "uv": [77, 16]},
						{"origin": [-2.06152, 38.26895, 2.84404], "size": [2, 2, 4], "pivot": [0, 38.41788, 5.06859], "rotation": [42.10967, -3.73171, 11.93845], "uv": [58, 48]},
						{"origin": [-0.93848, 38.26895, 2.84404], "size": [3, 2, 4], "pivot": [0, 38.41788, 5.06859], "rotation": [42.10967, 3.73171, -11.93845], "uv": [50, 16]}
					]
				},
				{
					"name": "Mawei4",
					"parent": "BackHairM",
					"pivot": [0, 40.07652, 7.46396],
					"rotation": [15, 0, 0],
					"cubes": [
						{"origin": [-1.6, 35.94942, 6.89074], "size": [3.2, 4.2, 2], "pivot": [0, 37.30414, 7.32574], "rotation": [18.5, 0, 0], "uv": [31, 62]},
						{"origin": [0.98544, 35.69119, 7.89046], "size": [2, 4, 1], "pivot": [0, 37.30414, 7.32574], "rotation": [13.40806, 19.23591, -2.91724], "uv": [27, 75]},
						{"origin": [-2.98544, 35.69119, 7.89046], "size": [2, 4, 1], "pivot": [0, 37.30414, 7.32574], "rotation": [13.40806, -19.23591, 2.91724], "uv": [73, 23]}
					]
				},
				{
					"name": "Mawei5",
					"parent": "Mawei4",
					"pivot": [0, 36.30152, 8.38896],
					"rotation": [-17.5, 0, 0],
					"cubes": [
						{"origin": [-2, 30.9362, 9.22122], "size": [4, 6, 1], "pivot": [0, 33.4362, 9.72122], "rotation": [18.5, 0, 0], "uv": [61, 0]},
						{"origin": [-3.38544, 29.91619, 8.81546], "size": [3, 6, 1], "pivot": [0, 33.52914, 8.25074], "rotation": [13.40806, -19.23591, 2.91724], "uv": [0, 68]},
						{"origin": [0.38544, 29.91619, 8.81546], "size": [3, 6, 1], "pivot": [0, 33.52914, 8.25074], "rotation": [13.40806, 19.23591, -2.91724], "uv": [67, 44]}
					]
				},
				{
					"name": "Mawei6",
					"parent": "Mawei5",
					"pivot": [0.5, 31.0362, 10.24622],
					"rotation": [-15, 0, 0],
					"cubes": [
						{"origin": [-1.5, 25.0362, 10.94622], "size": [3, 7, 1], "pivot": [0.5, 27.5362, 11.44622], "rotation": [18.5, 0, 0], "uv": [22, 62]},
						{"origin": [-0.55, 22.78341, 12.33563], "size": [2, 3, 1], "pivot": [0, 23.45841, 12.81063], "rotation": [16.86974, 7.70651, -23.85552], "uv": [77, 5]},
						{"origin": [-0.5932, 21.67129, 12.34932], "size": [1, 2, 1], "pivot": [0.4818, 23.49629, 12.82432], "rotation": [10.19165, 15.52222, -56.10736], "uv": [83, 42]},
						{"origin": [0.18418, 23.70576, 11.98674], "size": [1, 2, 1], "pivot": [0.05918, 24.35576, 12.53674], "rotation": [17.91053, -4.71069, 14.25726], "uv": [18, 83]},
						{"origin": [0.25028, 25.0356, 9.82973], "size": [3, 6, 1], "pivot": [1.52528, 28.0356, 10.20473], "rotation": [21.67079, 14.74154, 20.31718], "uv": [65, 68]},
						{"origin": [-3.25028, 25.0356, 9.82973], "size": [3, 6, 1], "pivot": [-1.52528, 28.0356, 10.20473], "rotation": [21.67079, -14.74154, -20.31718], "uv": [9, 68]}
					]
				},
				{
					"name": "ElfEar",
					"parent": "Hair_All",
					"pivot": [3.79533, 32.61388, -0.41665]
				},
				{
					"name": "LeftElfEar",
					"parent": "ElfEar",
					"pivot": [3.79533, 32.61388, -0.41665],
					"cubes": [
						{"origin": [5.29533, 33.01388, -1.41665], "size": [1, 1, 1], "pivot": [4.79533, 33.36388, -0.41665], "rotation": [6.70961, -21.52606, -17.77685], "uv": [83, 77]},
						{"origin": [2.29533, 32.01388, -1.41665], "size": [3, 2, 1], "pivot": [4.79533, 33.36388, -0.41665], "rotation": [6.70961, -21.52606, -17.77685], "uv": [20, 25]}
					]
				},
				{
					"name": "RightElfEar",
					"parent": "ElfEar",
					"pivot": [-3.79533, 32.61388, -0.41665],
					"cubes": [
						{"origin": [-6.29533, 33.01388, -1.41665], "size": [1, 1, 1], "pivot": [-4.79533, 33.36388, -0.41665], "rotation": [6.70961, 21.52606, 17.77685], "uv": [83, 77], "mirror": true},
						{"origin": [-5.29533, 32.01388, -1.41665], "size": [3, 2, 1], "pivot": [-4.79533, 33.36388, -0.41665], "rotation": [6.70961, 21.52606, 17.77685], "uv": [20, 25], "mirror": true}
					]
				},
				{
					"name": "DemonHornA",
					"parent": "Hair_All",
					"pivot": [4.86579, 35.57398, -4.91177]
				},
				{
					"name": "Left_DemonHornA",
					"parent": "DemonHornA",
					"pivot": [4.86579, 35.57398, -4.91177],
					"rotation": [0, 10, 0],
					"cubes": [
						{"origin": [3.88037, 34.45523, -4.5194], "size": [2, 2.05, 4], "pivot": [4.4758, 35.48023, -2.32912], "rotation": [7.92901, 4.28428, -10.12502], "uv": [22, 55]},
						{"origin": [4.72131, 34.48023, -2.63361], "size": [2, 2, 3], "pivot": [4.4758, 35.48023, -2.32912], "rotation": [13.83597, -54.88474, -22.1117], "uv": [63, 14]},
						{"origin": [3.71194, 36.83714, -5.29214], "size": [3, 1.15, 1], "pivot": [4.44671, 37.37464, -4.50111], "rotation": [-8.61862, -42.85758, 84.11074], "uv": [31, 55]},
						{"origin": [1.61995, 36.86214, -5.16682], "size": [4.05, 1, 1], "pivot": [4.44671, 37.37464, -4.50111], "rotation": [-6.41708, -10.61674, 79.41179], "uv": [22, 0]},
						{"origin": [1.58788, 38.00805, -5.70503], "size": [5.5, 1.025, 1], "pivot": [4.38315, 38.50711, -5.30962], "rotation": [-6.2045, -0.4008, 74.99602], "uv": [65, 20]},
						{"origin": [-0.00233, 38.07078, -6.00802], "size": [3.4, 1.025, 1], "pivot": [3.83612, 38.56953, -5.36556], "rotation": [-5.59694, 5.38102, 84.5992], "uv": [39, 45]},
						{"origin": [3.31406, 38.04564, -6.01457], "size": [2.35, 1.05, 1.25], "pivot": [3.83612, 38.56953, -5.36556], "rotation": [-5.83917, 5.78253, 84.33343], "uv": [11, 34]},
						{"origin": [5.19588, 38.04566, -6.69411], "size": [1.325, 1.05, 1.25], "pivot": [3.83612, 38.56953, -5.36556], "rotation": [-6.67427, -19.06156, 87.16327], "uv": [62, 45]},
						{"origin": [4.19079, 34.32398, -5.38677], "size": [2, 2.1, 1.3], "pivot": [4.86579, 35.57398, -4.91177], "rotation": [-2.94869, -37.80128, 80.49951], "uv": [22, 3]}
					]
				},
				{
					"name": "Right_DemonHornA",
					"parent": "DemonHornA",
					"pivot": [-4.86579, 35.57398, -4.91177],
					"rotation": [0, -10, 0],
					"cubes": [
						{"origin": [-5.88037, 34.45523, -4.5194], "size": [2, 2.05, 4], "pivot": [-4.4758, 35.48023, -2.32912], "rotation": [7.92901, -4.28428, 10.12502], "uv": [22, 55], "mirror": true},
						{"origin": [-6.72131, 34.48023, -2.63361], "size": [2, 2, 3], "pivot": [-4.4758, 35.48023, -2.32912], "rotation": [13.83597, 54.88474, 22.1117], "uv": [63, 14], "mirror": true},
						{"origin": [-6.71194, 36.83714, -5.29214], "size": [3, 1.15, 1], "pivot": [-4.44671, 37.37464, -4.50111], "rotation": [-8.61862, 42.85758, -84.11074], "uv": [31, 55], "mirror": true},
						{"origin": [-5.66995, 36.86214, -5.16682], "size": [4.05, 1, 1], "pivot": [-4.44671, 37.37464, -4.50111], "rotation": [-6.41708, 10.61674, -79.41179], "uv": [22, 0], "mirror": true},
						{"origin": [-7.08788, 38.00805, -5.70503], "size": [5.5, 1.025, 1], "pivot": [-4.38315, 38.50711, -5.30962], "rotation": [-6.2045, 0.4008, -74.99602], "uv": [65, 20], "mirror": true},
						{"origin": [-3.39767, 38.07078, -6.00802], "size": [3.4, 1.025, 1], "pivot": [-3.83612, 38.56953, -5.36556], "rotation": [-5.59694, -5.38102, -84.5992], "uv": [39, 45], "mirror": true},
						{"origin": [-5.66406, 38.04564, -6.01457], "size": [2.35, 1.05, 1.25], "pivot": [-3.83612, 38.56953, -5.36556], "rotation": [-5.83917, -5.78253, -84.33343], "uv": [11, 34], "mirror": true},
						{"origin": [-6.52088, 38.04566, -6.69411], "size": [1.325, 1.05, 1.25], "pivot": [-3.83612, 38.56953, -5.36556], "rotation": [-6.67427, 19.06156, -87.16327], "uv": [62, 45], "mirror": true},
						{"origin": [-6.19079, 34.32398, -5.38677], "size": [2, 2.1, 1.3], "pivot": [-4.86579, 35.57398, -4.91177], "rotation": [-2.94869, 37.80128, -80.49951], "uv": [22, 3], "mirror": true}
					]
				},
				{
					"name": "hat",
					"parent": "Hair_All",
					"pivot": [6.59042, 37.35636, 0.225],
					"rotation": [-29.42115, -75.54078, 11.21687],
					"cubes": [
						{"origin": [2.59042, 34.91707, -0.28571], "size": [1, 7, 1], "uv": [88, 1]},
						{"origin": [3.59042, 35.91707, -0.28571], "size": [6, 1, 1], "uv": [107, 12]},
						{"origin": [3.59042, 37.91707, -0.28571], "size": [6, 4, 1], "uv": [88, 15]},
						{"origin": [3.59042, 34.49207, 0.03929], "size": [6, 4, 0.5], "uv": [103, 15]},
						{"origin": [5.59042, 36.91707, -0.28571], "size": [2, 1, 1], "uv": [107, 20]},
						{"origin": [2.59042, 33.91707, -0.28571], "size": [8, 1, 1], "uv": [88, 12]},
						{"origin": [9.59042, 34.91707, -0.28571], "size": [1, 7, 1], "uv": [102, 20]}
					]
				},
				{
					"name": "bone4",
					"parent": "hat",
					"pivot": [6.59042, 39.41707, 5.21429],
					"cubes": [
						{"origin": [0.49042, 39.95308, 1.15957], "size": [8.1, 1, 9], "pivot": [6.39042, 39.95308, 4.85957], "rotation": [29.08012, -10.96509, -6.03849], "uv": [88, 1]}
					]
				},
				{
					"name": "Eyes",
					"parent": "Head",
					"pivot": [0, 6.65, 0]
				},
				{
					"name": "Eyebrows",
					"parent": "Eyes",
					"pivot": [-3.22864, 33.74562, -3.7475]
				},
				{
					"name": "EyeBrowF",
					"parent": "Eyebrows",
					"pivot": [0, 33.85, -3.6]
				},
				{
					"name": "LeftEyebrow",
					"parent": "EyeBrowF",
					"pivot": [2.875, 33.7, -3.425],
					"cubes": [
						{"origin": [2.475, 33.675, -3.925], "size": [1.3, 1, 0.075], "pivot": [3.025, 34.2, -3.425], "rotation": [0, 0, 2.5], "uv": [5, 15]},
						{"origin": [1.04939, 33.69683, -3.925], "size": [1.5, 1, 0.075], "pivot": [2.52439, 34.19683, -3.425], "rotation": [0, 0, -2.25], "uv": [5, 15]}
					]
				},
				{
					"name": "EyeBrow_Left4",
					"parent": "LeftEyebrow",
					"pivot": [3.825, 33.7, -3.425],
					"cubes": [
						{"origin": [3.275, 33.2, -3.925], "size": [1.1, 1, 0.075], "uv": [0, 21]}
					]
				},
				{
					"name": "RightEyebrow",
					"parent": "EyeBrowF",
					"pivot": [-2.875, 33.7, -3.425],
					"cubes": [
						{"origin": [-3.775, 33.675, -3.925], "size": [1.3, 1, 0.075], "pivot": [-3.025, 34.2, -3.425], "rotation": [0, 0, -2.5], "uv": [5, 15], "mirror": true},
						{"origin": [-2.54939, 33.69683, -3.925], "size": [1.5, 1, 0.075], "pivot": [-2.52439, 34.19683, -3.425], "rotation": [0, 0, 2.25], "uv": [5, 15], "mirror": true}
					]
				},
				{
					"name": "EyeBrow_Right4",
					"parent": "RightEyebrow",
					"pivot": [-3.825, 33.7, -3.425],
					"cubes": [
						{"origin": [-4.375, 33.2, -3.925], "size": [1.1, 1, 0.075], "uv": [0, 21], "mirror": true}
					]
				},
				{
					"name": "Eyelid",
					"parent": "Eyes",
					"pivot": [0, 32.65, 0]
				},
				{
					"name": "LeftEyeball",
					"parent": "Eyelid",
					"pivot": [2.1125, 33.475, -3.05],
					"cubes": [
						{"origin": [1.375, 32.15, -3.525], "size": [2, 2, 0], "uv": [84, 6]}
					]
				},
				{
					"name": "LeftEyesBase2",
					"parent": "LeftEyeball",
					"pivot": [2.25, 33.15, -3.05],
					"cubes": [
						{"origin": [1.5, 32.15, -3.55], "size": [1.4, 2, 0.025], "uv": [25, 18]}
					]
				},
				{
					"name": "LeftPupil",
					"parent": "LeftEyesBase2",
					"pivot": [2.225, 33.3, -3.2575],
					"cubes": [
						{"origin": [1.975, 32.5, -3.6], "size": [0.45, 1.3, 2], "uv": [18, 60]}
					]
				},
				{
					"name": "LeftEylight",
					"parent": "LeftPupil",
					"pivot": [-1.325, 18.85, -3.5],
					"cubes": [
						{"origin": [2.475, 33.55, -3.7], "size": [0.5, 0.3, 0.025], "uv": [2, 90]}
					]
				},
				{
					"name": "RightEyeball",
					"parent": "Eyelid",
					"pivot": [-3.975, 6.65, 0],
					"cubes": [
						{"origin": [-3.375, 32.15, -3.525], "size": [2, 2, 0], "uv": [84, 3]}
					]
				},
				{
					"name": "RightIris",
					"parent": "RightEyeball",
					"pivot": [-2.25, 33.15, -3.05],
					"cubes": [
						{"origin": [-2.9, 32.15, -3.55], "size": [1.4, 2, 0.025], "uv": [25, 15]}
					]
				},
				{
					"name": "RightPupil",
					"parent": "RightIris",
					"pivot": [-2.225, 33.3, -3.2575],
					"cubes": [
						{"origin": [-2.425, 32.75, -3.6], "size": [0.45, 0.8, 1], "uv": [3, 21]}
					]
				},
				{
					"name": "RightEyelight",
					"parent": "RightPupil",
					"pivot": [-1.125, 18.85, -3.5],
					"cubes": [
						{"origin": [-1.925, 33.55, -3.7], "size": [0.5, 0.3, 0.025], "uv": [0, 0]}
					]
				},
				{
					"name": "Eye",
					"parent": "Eyes",
					"pivot": [0, 0.65, 0]
				},
				{
					"name": "Flower",
					"parent": "Eye",
					"pivot": [-2.27084, 34.54487, -3.46296]
				},
				{
					"name": "Right_FlowerB",
					"parent": "Flower",
					"pivot": [-2.30667, 33.31532, -3.4259],
					"rotation": [90, 0, 0],
					"cubes": [
						{"origin": [-2.77084, 33.15596, -3.0841], "size": [1, 2, 2], "pivot": [-2.27084, 34.15596, -2.0841], "rotation": [-52.5, 45, -90], "uv": [76, 47]},
						{"origin": [-3.17911, 33.68244, -4.46296], "size": [1, 2, 2], "pivot": [-2.27084, 33.63378, -3.46296], "rotation": [-119.39942, 19.84303, -100.82777], "uv": [76, 47]},
						{"origin": [-3.17911, 33.68244, -4.46296], "size": [1, 2, 2], "pivot": [-2.27084, 33.63378, -3.46296], "rotation": [-177.69009, 0.95645, -112.48072], "uv": [76, 42]},
						{"origin": [-4.02084, 34.24487, -4.46296], "size": [1, 2, 2], "pivot": [-2.27084, 34.54487, -3.46296], "rotation": [-157.79235, 20.70481, -130.89339], "uv": [76, 42]},
						{"origin": [-3.69584, 33.54487, -4.43796], "size": [1, 2, 2], "pivot": [-2.27084, 34.54487, -3.46296], "rotation": [152.5, 0, -90], "uv": [63, 76]},
						{"origin": [-3.96497, 33.15596, -5.15239], "size": [1, 2, 2], "pivot": [-3.46497, 34.15596, -4.15239], "rotation": [54.70765, -20.70481, -49.10661], "uv": [72, 75]},
						{"origin": [-3.17911, 33.68244, -4.46296], "size": [1, 2, 2], "pivot": [-2.27084, 33.63378, -3.46296], "rotation": [2.30991, -0.95645, -67.51928], "uv": [72, 75]},
						{"origin": [-1.57672, 33.15596, -5.15239], "size": [1, 2, 2], "pivot": [-1.07672, 34.15596, -4.15239], "rotation": [-164.70765, -20.70481, -130.89339], "uv": [7, 76]},
						{"origin": [-3.17911, 33.68244, -4.46296], "size": [1, 2, 2], "pivot": [-2.27084, 33.63378, -3.46296], "rotation": [124.58859, -18.82943, -102.54707], "uv": [7, 76]},
						{"origin": [-4.02084, 34.24487, -4.46296], "size": [1, 2, 2], "pivot": [-2.27084, 34.54487, -3.46296], "rotation": [-22.20765, 20.70481, -49.10661], "uv": [72, 58]},
						{"origin": [-3.1647, 33.64539, -4.46296], "size": [1, 2, 2], "pivot": [-2.27084, 33.63378, -3.46296], "rotation": [-55.86446, 16.76559, -78.93483], "uv": [72, 58]},
						{"origin": [-3.87898, 32.60967, -4.84761], "size": [2.75, 1, 2.9], "pivot": [-2.37898, 33.10967, -3.44761], "rotation": [1.93671, -14.87729, -7.50289], "uv": [62, 56]},
						{"origin": [-4.02084, 34.24487, -4.46296], "size": [1, 2, 2], "pivot": [-2.27084, 34.54487, -3.46296], "rotation": [90, -45, -90], "uv": [0, 76]},
						{"origin": [-3.17911, 33.68244, -4.46296], "size": [1, 2, 2], "pivot": [-2.27084, 33.63378, -3.46296], "rotation": [60.60058, -19.84302, -79.17223], "uv": [0, 76]}
					]
				},
				{
					"name": "Breast",
					"parent": "UpperBody",
					"pivot": [0.0125, 28.46214, -1.98014],
					"cubes": [
						{"origin": [0.21762, 25.45639, -3.68568], "size": [3.075, 3, 3], "pivot": [1.9536, 26.93897, -2.20306], "rotation": [-53.11398, -4.00278, -2.99399], "uv": [60, 23]},
						{"origin": [2.46846, 24.49398, -5.74671], "size": [1, 1, 2], "pivot": [1.94346, 25.94398, -3.62171], "rotation": [-125.61398, -4.00278, -2.99399], "uv": [0, 94]},
						{"origin": [-3.29262, 25.45639, -3.68568], "size": [3.075, 3, 3], "pivot": [-1.9536, 26.93897, -2.20306], "rotation": [-53.11398, 4.00278, 2.99399], "uv": [60, 23], "mirror": true}
					]
				},
				{
					"name": "DownBody",
					"parent": "AllBody",
					"pivot": [0, 18.9, 0]
				},
				{
					"name": "Legs",
					"parent": "DownBody",
					"pivot": [0, 19.9, 0]
				},
				{
					"name": "LeftLeg",
					"parent": "Legs",
					"pivot": [2.1, 18.4, 0],
					"cubes": [
						{"origin": [0.125, 17.275, -2.5], "size": [3, 2.2, 5], "uv": [112, 33]},
						{"origin": [3.475, 16.8, -2.55], "size": [2.05, 2.3, 5.075], "pivot": [2.175, 16.275, 0], "rotation": [0, 0, -25], "uv": [112, 43]},
						{"origin": [0.475, 9.9, -2], "size": [3.25, 9, 4.1], "uv": [15, 35]}
					]
				},
				{
					"name": "LeftKneepad",
					"parent": "LeftLeg",
					"pivot": [0.925, 8.975, -2.25],
					"cubes": [
						{"origin": [0.25, 10.6, -2.775], "size": [3.5, 1, 5.1], "uv": [112, 83]},
						{"origin": [1.475, 10.275, -2.75], "size": [1, 3, 1], "uv": [96, 89]},
						{"origin": [2.65, 10.125, -2.75], "size": [1, 3, 1], "pivot": [2.975, 11.775, -2.25], "rotation": [0, 0, 7.5], "uv": [124, 83]},
						{"origin": [0.325, 10.125, -2.75], "size": [1, 3, 1], "pivot": [0.925, 11.775, -2.25], "rotation": [0, 0, -7.5], "uv": [107, 87]}
					]
				},
				{
					"name": "LeftLowerLeg",
					"parent": "LeftLeg",
					"pivot": [1.775, 10.45, 0.325],
					"cubes": [
						{"origin": [0.5, 1.75, -1.975], "size": [3.2, 9, 4], "uv": [0, 34]},
						{"origin": [0.06276, 8.77761, -2.35], "size": [2, 2, 4.5], "pivot": [-3.35, 10.35, -0.1], "rotation": [0, 0, 10], "uv": [114, 52]},
						{"origin": [2.20212, 8.03924, -2.35], "size": [2, 2, 4.5], "pivot": [2.95, 10.35, -0.1], "rotation": [0, 0, -10], "uv": [114, 52], "mirror": true}
					]
				},
				{
					"name": "LeftFoot",
					"parent": "LeftLowerLeg",
					"pivot": [2.175, 3.075, -0.2],
					"cubes": [
						{"origin": [0.48255, 0.47515, -3.85], "size": [3.7, 2, 3.075], "pivot": [2.35212, 2.30921, -3.49985], "rotation": [17.5, 0, 0], "uv": [88, 63]},
						{"origin": [0.48255, 0.47515, -0.85], "size": [3.7, 2, 1.075], "pivot": [2.35212, 2.30921, -3.49985], "rotation": [17.5, 0, 0], "uv": [99, 76]},
						{"origin": [0.73255, -0.07485, 0.15], "size": [3.2, 3, 2.075], "uv": [88, 74]},
						{"origin": [1.76204, 1.30619, -4.80724], "size": [1, 2.1, 2], "pivot": [2.35212, 2.30921, -3.49985], "rotation": [70.51627, 34.34777, 51.83837], "uv": [97, 80], "mirror": true},
						{"origin": [1.95673, 1.43205, -4.76715], "size": [1, 2.1, 2], "pivot": [2.35212, 2.30921, -3.49985], "rotation": [70.51627, -34.34777, -51.83837], "uv": [97, 80]},
						{"origin": [1.39713, 0.48082, -5.15105], "size": [1.55, 2.1, 2.55], "pivot": [2.35212, 2.30921, -3.49985], "rotation": [32.23543, -55.68422, -27.5122], "uv": [104, 80]},
						{"origin": [1.48255, 0.47515, -5.2], "size": [1.7, 2, 1], "pivot": [2.35212, 2.30921, -3.49985], "rotation": [17.5, 0, 0], "uv": [88, 84]},
						{"origin": [1.74213, 0.39923, -5.17698], "size": [1.55, 2.1, 2.55], "pivot": [2.35212, 2.30921, -3.49985], "rotation": [32.23543, 55.68422, 27.5122], "uv": [104, 80], "mirror": true},
						{"origin": [0.43255, -0.06503, -3.54851], "size": [3.8, 1.1, 3.175], "uv": [88, 69]},
						{"origin": [0.45755, 0.93497, -1.54851], "size": [3.75, 2.1, 1.175], "uv": [88, 80]},
						{"origin": [1.29598, -0.05936, -4.96442], "size": [1.65, 1.1, 2.65], "pivot": [2.33867, 0.43487, -3.2048], "rotation": [0, -60, 0], "uv": [106, 63]},
						{"origin": [1.38255, -0.06503, -4.99851], "size": [1.9, 1, 1.1], "uv": [98, 63]},
						{"origin": [1.73027, -0.09096, -4.96631], "size": [1.65, 1.1, 2.65], "pivot": [2.33867, 0.43487, -3.2048], "rotation": [0, 60, 0], "uv": [106, 63], "mirror": true},
						{"origin": [0.50698, 1.69044, -3.76501], "size": [3.7, 1, 2.175], "pivot": [2.35212, 2.30921, -3.49985], "rotation": [34, 0, 0], "uv": [99, 72]},
						{"origin": [2.39895, 2.89806, -3.6767], "size": [1, 1, 2.1], "pivot": [2.35212, 2.30921, -3.49985], "rotation": [25.49879, -23.29149, 39.66001], "uv": [108, 74]},
						{"origin": [1.29806, 2.86126, -3.68593], "size": [1, 1, 2.1], "pivot": [2.35212, 2.30921, -3.49985], "rotation": [25.49879, 23.29149, -39.66001], "uv": [108, 69]},
						{"origin": [1.24353, 2.22796, -3.63111], "size": [2.2, 1, 3.1], "pivot": [2.35212, 2.30921, -3.49985], "rotation": [36.82985, 0, 0], "uv": [98, 66]}
					]
				},
				{
					"name": "RightLeg",
					"parent": "Legs",
					"pivot": [-2.1, 18.4, 0],
					"cubes": [
						{"origin": [-3.725, 9.9, -2], "size": [3.25, 9, 4.1], "uv": [29, 0]},
						{"origin": [-3.125, 17.275, -2.5], "size": [3, 2.2, 5], "uv": [112, 33], "mirror": true},
						{"origin": [-5.525, 16.8, -2.55], "size": [2.05, 2.3, 5.075], "pivot": [-2.175, 16.275, 0], "rotation": [0, 0, 25], "uv": [112, 43], "mirror": true}
					]
				},
				{
					"name": "LeftKneepad2",
					"parent": "RightLeg",
					"pivot": [0.925, 8.975, -2.25],
					"cubes": [
						{"origin": [-3.75, 10.6, -2.775], "size": [3.5, 1, 5.1], "uv": [112, 83], "mirror": true},
						{"origin": [-2.475, 10.275, -2.75], "size": [1, 3, 1], "uv": [96, 89], "mirror": true},
						{"origin": [-3.65, 10.125, -2.75], "size": [1, 3, 1], "pivot": [-2.975, 11.775, -2.25], "rotation": [0, 0, -7.5], "uv": [124, 83], "mirror": true},
						{"origin": [-1.325, 10.125, -2.75], "size": [1, 3, 1], "pivot": [-0.925, 11.775, -2.25], "rotation": [0, 0, 7.5], "uv": [107, 87], "mirror": true}
					]
				},
				{
					"name": "RightLowerLeg",
					"parent": "RightLeg",
					"pivot": [-1.775, 10.45, 0.325],
					"cubes": [
						{"origin": [-3.7, 1.75, -1.975], "size": [3.2, 9, 4], "uv": [0, 34]},
						{"origin": [-4.20212, 8.03924, -2.35], "size": [2, 2, 4.5], "pivot": [-2.95, 10.35, -0.1], "rotation": [0, 0, 10], "uv": [114, 52]},
						{"origin": [-2.06276, 8.77761, -2.35], "size": [2, 2, 4.5], "pivot": [3.35, 10.35, -0.1], "rotation": [0, 0, -10], "uv": [114, 52], "mirror": true}
					]
				},
				{
					"name": "RightFoot",
					"parent": "RightLowerLeg",
					"pivot": [-2.175, 3.075, -0.2],
					"cubes": [
						{"origin": [-4.18255, 0.47515, -3.85], "size": [3.7, 2, 3.075], "pivot": [-2.35212, 2.30921, -3.49985], "rotation": [17.5, 0, 0], "uv": [88, 63], "mirror": true},
						{"origin": [-4.18255, 0.47515, -0.85], "size": [3.7, 2, 1.075], "pivot": [-2.35212, 2.30921, -3.49985], "rotation": [17.5, 0, 0], "uv": [99, 76], "mirror": true},
						{"origin": [-3.93255, -0.07485, 0.15], "size": [3.2, 3, 2.075], "uv": [88, 74], "mirror": true},
						{"origin": [-2.76204, 1.30619, -4.80724], "size": [1, 2.1, 2], "pivot": [-2.35212, 2.30921, -3.49985], "rotation": [70.51627, -34.34777, -51.83837], "uv": [97, 80]},
						{"origin": [-2.95673, 1.43205, -4.76715], "size": [1, 2.1, 2], "pivot": [-2.35212, 2.30921, -3.49985], "rotation": [70.51627, 34.34777, 51.83837], "uv": [97, 80], "mirror": true},
						{"origin": [-2.94713, 0.48082, -5.15105], "size": [1.55, 2.1, 2.55], "pivot": [-2.35212, 2.30921, -3.49985], "rotation": [32.23543, 55.68422, 27.5122], "uv": [104, 80], "mirror": true},
						{"origin": [-3.18255, 0.47515, -5.2], "size": [1.7, 2, 1], "pivot": [-2.35212, 2.30921, -3.49985], "rotation": [17.5, 0, 0], "uv": [88, 84], "mirror": true},
						{"origin": [-3.29213, 0.39923, -5.17698], "size": [1.55, 2.1, 2.55], "pivot": [-2.35212, 2.30921, -3.49985], "rotation": [32.23543, -55.68422, -27.5122], "uv": [104, 80]},
						{"origin": [-4.23255, -0.06503, -3.54851], "size": [3.8, 1.1, 3.175], "uv": [88, 69], "mirror": true},
						{"origin": [-4.20755, 0.93497, -1.54851], "size": [3.75, 2.1, 1.175], "uv": [88, 80], "mirror": true},
						{"origin": [-2.94598, -0.05936, -4.96442], "size": [1.65, 1.1, 2.65], "pivot": [-2.33867, 0.43487, -3.2048], "rotation": [0, 60, 0], "uv": [106, 63], "mirror": true},
						{"origin": [-3.28255, -0.06503, -4.99851], "size": [1.9, 1, 1.1], "uv": [98, 63], "mirror": true},
						{"origin": [-3.38027, -0.09096, -4.96631], "size": [1.65, 1.1, 2.65], "pivot": [-2.33867, 0.43487, -3.2048], "rotation": [0, -60, 0], "uv": [106, 63]},
						{"origin": [-4.20698, 1.69044, -3.76501], "size": [3.7, 1, 2.175], "pivot": [-2.35212, 2.30921, -3.49985], "rotation": [34, 0, 0], "uv": [99, 72], "mirror": true},
						{"origin": [-3.39895, 2.89806, -3.6767], "size": [1, 1, 2.1], "pivot": [-2.35212, 2.30921, -3.49985], "rotation": [25.49879, 23.29149, -39.66001], "uv": [108, 74], "mirror": true},
						{"origin": [-2.29806, 2.86126, -3.68593], "size": [1, 1, 2.1], "pivot": [-2.35212, 2.30921, -3.49985], "rotation": [25.49879, -23.29149, 39.66001], "uv": [108, 69], "mirror": true},
						{"origin": [-3.44353, 2.22796, -3.63111], "size": [2.2, 1, 3.1], "pivot": [-2.35212, 2.30921, -3.49985], "rotation": [36.82985, 0, 0], "uv": [98, 66], "mirror": true}
					]
				}
			]
		}
	]
}