{
	"format_version": "1.12.0",
	"minecraft:geometry": [
		{
			"description": {
				"identifier": "geometry.僵尸",
				"texture_width": 128,
				"texture_height": 128,
				"visible_bounds_width": 3,
				"visible_bounds_height": 3.5,
				"visible_bounds_offset": [0, 1.25, 0]
			},
			"bones": [
				{
					"name": "Root",
					"pivot": [0, 16, 0]
				},
				{
					"name": "AllBody",
					"parent": "Root",
					"pivot": [0, 18, 0]
				},
				{
					"name": "UpBody",
					"parent": "AllBody",
					"pivot": [0, 18, 0],
					"cubes": [
						{
							"origin": [1.75, 27, -1.775],
							"size": [2, 1, 3.55],
							"pivot": [1.75, 28, -0.5],
							"rotation": [0, 0, 10],
							"uv": {
								"north": {"uv": [104, 45], "uv_size": [2, 1]},
								"east": {"uv": [100, 82], "uv_size": [4, 1]},
								"south": {"uv": [104, 73], "uv_size": [2, 1]},
								"west": {"uv": [101, 15], "uv_size": [4, 1]},
								"up": {"uv": [78, 96], "uv_size": [2, 4]},
								"down": {"uv": [97, 18], "uv_size": [2, -4]}
							}
						},
						{
							"origin": [1.75, 27, -1.775],
							"size": [2, 1, 4.05],
							"inflate": 0.1,
							"pivot": [1.75, 28, -0.5],
							"rotation": [0, 0, 10],
							"uv": {
								"north": {"uv": [104, 87], "uv_size": [2, 1]},
								"east": {"uv": [101, 16], "uv_size": [4, 1]},
								"south": {"uv": [104, 88], "uv_size": [2, 1]},
								"west": {"uv": [101, 28], "uv_size": [4, 1]},
								"up": {"uv": [15, 97], "uv_size": [2, 4]},
								"down": {"uv": [17, 101], "uv_size": [2, -4]}
							}
						},
						{
							"origin": [-3.75, 27, -1.775],
							"size": [2, 1, 4.05],
							"inflate": 0.1,
							"pivot": [-1.75, 28, -0.5],
							"rotation": [0, 0, -10],
							"uv": {
								"north": {"uv": [104, 89], "uv_size": [2, 1]},
								"east": {"uv": [101, 29], "uv_size": [4, 1]},
								"south": {"uv": [104, 90], "uv_size": [2, 1]},
								"west": {"uv": [101, 46], "uv_size": [4, 1]},
								"up": {"uv": [19, 97], "uv_size": [2, 4]},
								"down": {"uv": [42, 101], "uv_size": [2, -4]}
							}
						},
						{
							"origin": [-3.75, 27, -1.775],
							"size": [2, 1, 3.55],
							"pivot": [-1.75, 28, -0.5],
							"rotation": [0, 0, -10],
							"uv": {
								"north": {"uv": [104, 91], "uv_size": [2, 1]},
								"east": {"uv": [101, 47], "uv_size": [4, 1]},
								"south": {"uv": [92, 104], "uv_size": [2, 1]},
								"west": {"uv": [101, 56], "uv_size": [4, 1]},
								"up": {"uv": [97, 52], "uv_size": [2, 4]},
								"down": {"uv": [54, 101], "uv_size": [2, -4]}
							}
						},
						{
							"origin": [-3.5, 16, -2],
							"size": [7, 11, 4.5],
							"uv": {
								"north": {"uv": [55, 74], "uv_size": [7, 11]},
								"east": {"uv": [69, 74], "uv_size": [4, 11]},
								"south": {"uv": [74, 55], "uv_size": [7, 11]},
								"west": {"uv": [51, 75], "uv_size": [4, 11]},
								"up": {"uv": [81, 69], "uv_size": [7, 4]},
								"down": {"uv": [8, 86], "uv_size": [7, -4]}
							}
						},
						{
							"origin": [-3.5, 16, -1.875],
							"size": [7, 3, 4.25],
							"inflate": 0.1,
							"uv": {
								"north": {"uv": [85, 64], "uv_size": [7, 3]},
								"east": {"uv": [94, 23], "uv_size": [4, 3]},
								"south": {"uv": [87, 23], "uv_size": [7, 3]},
								"west": {"uv": [94, 58], "uv_size": [4, 3]},
								"up": {"uv": [82, 8], "uv_size": [7, 4]},
								"down": {"uv": [82, 16], "uv_size": [7, -4]}
							}
						},
						{
							"origin": [-1.75, 27, -1.75],
							"size": [3.5, 1, 4],
							"uv": {
								"north": {"uv": [101, 57], "uv_size": [4, 1]},
								"east": {"uv": [101, 93], "uv_size": [4, 1]},
								"south": {"uv": [101, 94], "uv_size": [4, 1]},
								"west": {"uv": [101, 95], "uv_size": [4, 1]},
								"up": {"uv": [66, 91], "uv_size": [4, 4]},
								"down": {"uv": [11, 96], "uv_size": [4, -4]}
							}
						}
					]
				},
				{
					"name": "BackpackLocator",
					"parent": "UpBody",
					"pivot": [0, 25.4644, 0]
				},
				{
					"name": "LeftWaistLocator",
					"parent": "UpBody",
					"pivot": [4, 18, 0],
					"rotation": [-20, 0, 0]
				},
				{
					"name": "RightWaistLocator",
					"parent": "UpBody",
					"pivot": [-4, 18, 0],
					"rotation": [-5, 0, 0]
				},
				{
					"name": "AllHead",
					"parent": "UpBody",
					"pivot": [0, 27.9, 0],
					"cubes": [
						{
							"origin": [-1.5, 26.5, -1.5],
							"size": [3, 2, 3],
							"uv": {
								"north": {"uv": [90, 45], "uv_size": [3, 2]},
								"east": {"uv": [99, 59], "uv_size": [3, 2]},
								"south": {"uv": [99, 61], "uv_size": [3, 2]},
								"west": {"uv": [70, 99], "uv_size": [3, 2]},
								"up": {"uv": [97, 4], "uv_size": [3, 3]},
								"down": {"uv": [97, 14], "uv_size": [3, -3]}
							}
						}
					]
				},
				{
					"name": "Head",
					"parent": "AllHead",
					"pivot": [0, 28.5, 0],
					"cubes": [
						{
							"origin": [-3.5, 28.5, -3.5],
							"size": [7, 7, 7],
							"uv": {
								"north": {"uv": [0, 75], "uv_size": [7, 7]},
								"east": {"uv": [75, 0], "uv_size": [7, 7]},
								"south": {"uv": [7, 75], "uv_size": [7, 7]},
								"west": {"uv": [75, 7], "uv_size": [7, 7]},
								"up": {"uv": [14, 75], "uv_size": [7, 7]},
								"down": {"uv": [75, 21], "uv_size": [7, -7]}
							}
						}
					]
				},
				{
					"name": "Head_LianBu2",
					"parent": "Head",
					"pivot": [-1.05, 14.9, -4.5]
				},
				{
					"name": "Eyelid",
					"parent": "Head_LianBu2",
					"pivot": [0, 33.9, 0]
				},
				{
					"name": "RightEyelid",
					"parent": "Eyelid",
					"pivot": [-2.5, 30, -3.025],
					"cubes": [
						{
							"origin": [-3.5, 29.5, -3.525],
							"size": [2, 2, 1],
							"uv": {
								"north": {"uv": [67, 83], "uv_size": [2, 2]},
								"east": {"uv": [88, 85], "uv_size": [1, 2]},
								"south": {"uv": [86, 80], "uv_size": [2, 2]},
								"west": {"uv": [61, 91], "uv_size": [1, 2]},
								"up": {"uv": [95, 11], "uv_size": [2, 1]},
								"down": {"uv": [102, 45], "uv_size": [2, -1]}
							}
						}
					]
				},
				{
					"name": "righteye",
					"parent": "RightEyelid",
					"pivot": [-2.375, 30.5, -3.075],
					"cubes": [
						{
							"origin": [-3.075, 29.5, -3.575],
							"size": [1.4, 2, 1],
							"uv": {
								"north": {"uv": [95, 38], "uv_size": [1, 2]},
								"east": {"uv": [102, 26], "uv_size": [1, 2]},
								"south": {"uv": [99, 103], "uv_size": [1, 2]},
								"west": {"uv": [104, 1], "uv_size": [1, 2]},
								"up": {"uv": [105, 2], "uv_size": [1, 1]},
								"down": {"uv": [3, 106], "uv_size": [1, -1]}
							}
						}
					]
				},
				{
					"name": "RightPupil",
					"parent": "righteye",
					"pivot": [-2.375, 30.45, -3.125],
					"cubes": [
						{
							"origin": [-2.675, 29.95, -3.625],
							"size": [0.6, 1, 1],
							"uv": {
								"north": {"uv": [103, 104], "uv_size": [1, 1]},
								"east": {"uv": [104, 104], "uv_size": [1, 1]},
								"south": {"uv": [0, 105], "uv_size": [1, 1]},
								"west": {"uv": [1, 105], "uv_size": [1, 1]},
								"up": {"uv": [105, 1], "uv_size": [1, 1]},
								"down": {"uv": [2, 106], "uv_size": [1, -1]}
							}
						}
					]
				},
				{
					"name": "GaoGuang3",
					"parent": "righteye",
					"pivot": [-1.75, 31, -3.575],
					"cubes": [
						{
							"origin": [-2, 30.85, -3.6],
							"size": [0.5, 0.3, 0.05],
							"uv": {
								"north": {"uv": [105, 3], "uv_size": [1, 1]},
								"east": {"uv": [0, 0], "uv_size": [0, 1]},
								"south": {"uv": [4, 105], "uv_size": [1, 1]},
								"west": {"uv": [0, 0], "uv_size": [0, 1]},
								"up": {"uv": [0, 0], "uv_size": [1, 0]},
								"down": {"uv": [0, 0], "uv_size": [1, 0]}
							}
						}
					]
				},
				{
					"name": "LeftEyelid",
					"parent": "Eyelid",
					"pivot": [2.5, 30, -3.025],
					"cubes": [
						{
							"origin": [1.5, 29.5, -3.525],
							"size": [2, 2, 1],
							"uv": {
								"north": {"uv": [100, 30], "uv_size": [2, 2]},
								"east": {"uv": [93, 75], "uv_size": [1, 2]},
								"south": {"uv": [100, 34], "uv_size": [2, 2]},
								"west": {"uv": [88, 94], "uv_size": [1, 2]},
								"up": {"uv": [102, 45], "uv_size": [2, 1]},
								"down": {"uv": [102, 63], "uv_size": [2, -1]}
							}
						}
					]
				},
				{
					"name": "lefteye",
					"parent": "LeftEyelid",
					"pivot": [2.375, 30.5, -3.075],
					"cubes": [
						{
							"origin": [1.675, 29.5, -3.575],
							"size": [1.4, 2, 1],
							"uv": {
								"north": {"uv": [104, 3], "uv_size": [1, 2]},
								"east": {"uv": [104, 5], "uv_size": [1, 2]},
								"south": {"uv": [104, 7], "uv_size": [1, 2]},
								"west": {"uv": [104, 9], "uv_size": [1, 2]},
								"up": {"uv": [8, 105], "uv_size": [1, 1]},
								"down": {"uv": [105, 9], "uv_size": [1, -1]}
							}
						}
					]
				},
				{
					"name": "LeftPupil",
					"parent": "lefteye",
					"pivot": [2.35, 30.45, -3.125],
					"cubes": [
						{
							"origin": [2.05, 29.95, -3.625],
							"size": [0.6, 1, 1],
							"uv": {
								"north": {"uv": [105, 4], "uv_size": [1, 1]},
								"east": {"uv": [5, 105], "uv_size": [1, 1]},
								"south": {"uv": [105, 5], "uv_size": [1, 1]},
								"west": {"uv": [6, 105], "uv_size": [1, 1]},
								"up": {"uv": [105, 6], "uv_size": [1, 1]},
								"down": {"uv": [105, 8], "uv_size": [1, -1]}
							}
						}
					]
				},
				{
					"name": "GaoGuang4",
					"parent": "lefteye",
					"pivot": [3.025, 31, -3.575],
					"cubes": [
						{
							"origin": [2.775, 30.85, -3.6],
							"size": [0.5, 0.3, 0.05],
							"uv": {
								"north": {"uv": [9, 105], "uv_size": [1, 1]},
								"east": {"uv": [0, 0], "uv_size": [0, 1]},
								"south": {"uv": [105, 9], "uv_size": [1, 1]},
								"west": {"uv": [0, 0], "uv_size": [0, 1]},
								"up": {"uv": [0, 0], "uv_size": [1, 0]},
								"down": {"uv": [0, 0], "uv_size": [1, 0]}
							}
						}
					]
				},
				{
					"name": "MeiMao2",
					"parent": "Head_LianBu2",
					"pivot": [2.875, 34.7, -3.2]
				},
				{
					"name": "LeftEyebrow",
					"parent": "MeiMao2",
					"pivot": [2.875, 34.7, -3.2],
					"cubes": [
						{
							"origin": [1.375, 31.3, -3.7],
							"size": [2.3, 1, 1],
							"uv": {
								"north": {"uv": [102, 71], "uv_size": [2, 1]},
								"east": {"uv": [73, 74], "uv_size": [1, 1]},
								"south": {"uv": [102, 72], "uv_size": [2, 1]},
								"west": {"uv": [88, 72], "uv_size": [1, 1]},
								"up": {"uv": [102, 92], "uv_size": [2, 1]},
								"down": {"uv": [103, 75], "uv_size": [2, -1]}
							}
						},
						{
							"origin": [3.35, 31.025, -3.875],
							"size": [1.1, 1, 1],
							"uv": {
								"north": {"uv": [89, 15], "uv_size": [1, 1]},
								"east": {"uv": [89, 39], "uv_size": [1, 1]},
								"south": {"uv": [54, 92], "uv_size": [1, 1]},
								"west": {"uv": [92, 71], "uv_size": [1, 1]},
								"up": {"uv": [92, 84], "uv_size": [1, 1]},
								"down": {"uv": [69, 96], "uv_size": [1, -1]}
							}
						}
					]
				},
				{
					"name": "RightEyebrow",
					"parent": "MeiMao2",
					"pivot": [-3.2125, 31.6625, -3.325],
					"cubes": [
						{
							"origin": [-3.675, 31.3, -3.7],
							"size": [2.3, 1, 1],
							"uv": {
								"north": {"uv": [103, 79], "uv_size": [2, 1]},
								"east": {"uv": [95, 83], "uv_size": [1, 1]},
								"south": {"uv": [103, 102], "uv_size": [2, 1]},
								"west": {"uv": [99, 85], "uv_size": [1, 1]},
								"up": {"uv": [103, 103], "uv_size": [2, 1]},
								"down": {"uv": [104, 1], "uv_size": [2, -1]}
							}
						},
						{
							"origin": [-4.45, 31.025, -3.95],
							"size": [1.1, 1, 1],
							"uv": {
								"north": {"uv": [87, 104], "uv_size": [1, 1]},
								"east": {"uv": [104, 97], "uv_size": [1, 1]},
								"south": {"uv": [104, 98], "uv_size": [1, 1]},
								"west": {"uv": [104, 99], "uv_size": [1, 1]},
								"up": {"uv": [104, 100], "uv_size": [1, 1]},
								"down": {"uv": [104, 102], "uv_size": [1, -1]}
							}
						}
					]
				},
				{
					"name": "eyes",
					"parent": "Head_LianBu2",
					"pivot": [-1.05, 14.9, -4.55]
				},
				{
					"name": "hair4",
					"parent": "Head",
					"pivot": [-0.14783, 36.36957, 0.62174],
					"cubes": [
						{
							"origin": [-3.8, 28.45, 2.1],
							"size": [8, 3, 2],
							"uv": {
								"north": {"uv": [85, 28], "uv_size": [8, 3]},
								"east": {"uv": [12, 99], "uv_size": [2, 3]},
								"south": {"uv": [85, 31], "uv_size": [8, 3]},
								"west": {"uv": [99, 14], "uv_size": [2, 3]},
								"up": {"uv": [87, 26], "uv_size": [8, 2]},
								"down": {"uv": [89, 54], "uv_size": [8, -2]}
							}
						},
						{
							"origin": [0.22212, 31.84713, -5.08959],
							"size": [1, 2, 1],
							"pivot": [1.02212, 32.97213, -4.63959],
							"rotation": [-6.61011, -0.90968, 14.67574],
							"uv": {
								"north": {"uv": [64, 104], "uv_size": [1, 2]},
								"east": {"uv": [65, 104], "uv_size": [1, 2]},
								"south": {"uv": [104, 65], "uv_size": [1, 2]},
								"west": {"uv": [66, 104], "uv_size": [1, 2]},
								"up": {"uv": [105, 34], "uv_size": [1, 1]},
								"down": {"uv": [35, 106], "uv_size": [1, -1]}
							}
						},
						{
							"origin": [-1.22212, 31.84713, -5.08959],
							"size": [1, 2, 1],
							"pivot": [-1.02212, 32.97213, -4.63959],
							"rotation": [-6.61011, 0.90968, -14.67574],
							"uv": {
								"north": {"uv": [65, 107], "uv_size": [-1, 2]},
								"east": {"uv": [67, 104], "uv_size": [-1, 2]},
								"south": {"uv": [105, 65], "uv_size": [-1, 2]},
								"west": {"uv": [66, 104], "uv_size": [-1, 2]},
								"up": {"uv": [106, 34], "uv_size": [-1, 1]},
								"down": {"uv": [36, 106], "uv_size": [-1, -1]}
							}
						},
						{
							"origin": [2.08236, 32.13578, -4.67308],
							"size": [1, 2, 1],
							"pivot": [3.04587, 34.05584, -4.12348],
							"rotation": [-3.75, 0, 0],
							"uv": {
								"north": {"uv": [64, 104], "uv_size": [1, 2]},
								"east": {"uv": [65, 104], "uv_size": [1, 2]},
								"south": {"uv": [104, 65], "uv_size": [1, 2]},
								"west": {"uv": [66, 104], "uv_size": [1, 2]},
								"up": {"uv": [105, 34], "uv_size": [1, 1]},
								"down": {"uv": [35, 106], "uv_size": [1, -1]}
							}
						},
						{
							"origin": [-0.49264, 31.77051, -5.23578],
							"size": [1, 2, 1],
							"pivot": [0, 32.73968, -4.37962],
							"rotation": [-5, 0, 0],
							"uv": {
								"north": {"uv": [67, 104], "uv_size": [1, 2]},
								"east": {"uv": [104, 67], "uv_size": [1, 2]},
								"south": {"uv": [68, 104], "uv_size": [1, 2]},
								"west": {"uv": [104, 69], "uv_size": [1, 2]},
								"up": {"uv": [105, 35], "uv_size": [1, 1]},
								"down": {"uv": [36, 106], "uv_size": [1, -1]}
							}
						},
						{
							"origin": [1.15736, 32.49551, -4.66078],
							"size": [1, 2, 1],
							"pivot": [-0.325, 33.11468, -3.87962],
							"rotation": [-5, 0, 0],
							"uv": {
								"north": {"uv": [104, 71], "uv_size": [1, 2]},
								"east": {"uv": [104, 75], "uv_size": [1, 2]},
								"south": {"uv": [76, 104], "uv_size": [1, 2]},
								"west": {"uv": [77, 104], "uv_size": [1, 2]},
								"up": {"uv": [37, 105], "uv_size": [1, 1]},
								"down": {"uv": [105, 38], "uv_size": [1, -1]}
							}
						},
						{
							"origin": [3.42197, 31.34357, -4.39681],
							"size": [1, 1.7, 1],
							"pivot": [3.67197, 31.96857, -3.89681],
							"rotation": [0.2817, 1.22039, -28.95023],
							"uv": {
								"north": {"uv": [104, 77], "uv_size": [1, 2]},
								"east": {"uv": [80, 104], "uv_size": [1, 2]},
								"south": {"uv": [104, 80], "uv_size": [1, 2]},
								"west": {"uv": [81, 104], "uv_size": [1, 2]},
								"up": {"uv": [38, 105], "uv_size": [1, 1]},
								"down": {"uv": [105, 39], "uv_size": [1, -1]}
							}
						},
						{
							"origin": [2.81202, 32.66793, -4.57156],
							"size": [1, 4, 1],
							"pivot": [3.04587, 34.05584, -4.12348],
							"rotation": [-6.85025, 1.07078, -10.69716],
							"uv": {
								"north": {"uv": [75, 101], "uv_size": [1, 4]},
								"east": {"uv": [101, 85], "uv_size": [1, 4]},
								"south": {"uv": [88, 101], "uv_size": [1, 4]},
								"west": {"uv": [89, 101], "uv_size": [1, 4]},
								"up": {"uv": [50, 105], "uv_size": [1, 1]},
								"down": {"uv": [105, 51], "uv_size": [1, -1]}
							}
						},
						{
							"origin": [-2.48236, 32.49551, -4.66078],
							"size": [1, 2, 1],
							"pivot": [0, 33.11468, -3.87962],
							"rotation": [-5, 0, 0],
							"uv": {
								"north": {"uv": [104, 48], "uv_size": [1, 2]},
								"east": {"uv": [104, 50], "uv_size": [1, 2]},
								"south": {"uv": [56, 104], "uv_size": [1, 2]},
								"west": {"uv": [104, 59], "uv_size": [1, 2]},
								"up": {"uv": [105, 32], "uv_size": [1, 1]},
								"down": {"uv": [33, 106], "uv_size": [1, -1]}
							}
						},
						{
							"origin": [-1.75936, 32.14496, -5.08959],
							"size": [1, 2, 1],
							"pivot": [-1.03436, 33.14496, -4.48959],
							"rotation": [-4.76968, 1.50179, 20.18745],
							"uv": {
								"north": {"uv": [104, 39], "uv_size": [1, 2]},
								"east": {"uv": [104, 41], "uv_size": [1, 2]},
								"south": {"uv": [104, 43], "uv_size": [1, 2]},
								"west": {"uv": [44, 104], "uv_size": [1, 2]},
								"up": {"uv": [105, 31], "uv_size": [1, 1]},
								"down": {"uv": [32, 106], "uv_size": [1, -1]}
							}
						},
						{
							"origin": [1.175, 33.925, -4.675],
							"size": [1, 3, 1],
							"pivot": [-0.325, 34.29632, -3.875],
							"rotation": [-12.5, 0, 0],
							"uv": {
								"north": {"uv": [41, 103], "uv_size": [1, 3]},
								"east": {"uv": [103, 41], "uv_size": [1, 3]},
								"south": {"uv": [48, 103], "uv_size": [1, 3]},
								"west": {"uv": [103, 59], "uv_size": [1, 3]},
								"up": {"uv": [49, 105], "uv_size": [1, 1]},
								"down": {"uv": [105, 50], "uv_size": [1, -1]}
							}
						},
						{
							"origin": [-0.5, 33.625, -5.025],
							"size": [1, 3, 1],
							"pivot": [0, 33.92132, -4.225],
							"rotation": [-12.5, 0, 0],
							"uv": {
								"north": {"uv": [103, 22], "uv_size": [1, 3]},
								"east": {"uv": [103, 25], "uv_size": [1, 3]},
								"south": {"uv": [103, 38], "uv_size": [1, 3]},
								"west": {"uv": [40, 103], "uv_size": [1, 3]},
								"up": {"uv": [105, 47], "uv_size": [1, 1]},
								"down": {"uv": [105, 49], "uv_size": [1, -1]}
							}
						},
						{
							"origin": [2.1, 33.80333, -4.79492],
							"size": [1, 3, 1],
							"pivot": [3.04587, 34.05584, -4.12348],
							"rotation": [-11.25, 0, 0],
							"uv": {
								"north": {"uv": [7, 103], "uv_size": [1, 3]},
								"east": {"uv": [103, 9], "uv_size": [1, 3]},
								"south": {"uv": [103, 12], "uv_size": [1, 3]},
								"west": {"uv": [103, 19], "uv_size": [1, 3]},
								"up": {"uv": [105, 46], "uv_size": [1, 1]},
								"down": {"uv": [47, 106], "uv_size": [1, -1]}
							}
						},
						{
							"origin": [-3.2, 33.79985, -4.84284],
							"size": [1, 3, 1],
							"pivot": [-3.34179, 33.81085, -4.12976],
							"rotation": [-11.25, 0, 5.25],
							"uv": {
								"north": {"uv": [8, 103], "uv_size": [-1, 3]},
								"east": {"uv": [104, 19], "uv_size": [-1, 3]},
								"south": {"uv": [104, 12], "uv_size": [-1, 3]},
								"west": {"uv": [104, 9], "uv_size": [-1, 3]},
								"up": {"uv": [106, 46], "uv_size": [-1, 1]},
								"down": {"uv": [48, 106], "uv_size": [-1, -1]}
							}
						},
						{
							"origin": [-3.18236, 32.13567, -4.68912],
							"size": [1, 2, 1],
							"pivot": [-3.34179, 33.81085, -4.12976],
							"rotation": [-3.75, 0, 5.25],
							"uv": {
								"north": {"uv": [65, 104], "uv_size": [-1, 2]},
								"east": {"uv": [67, 104], "uv_size": [-1, 2]},
								"south": {"uv": [105, 65], "uv_size": [-1, 2]},
								"west": {"uv": [66, 104], "uv_size": [-1, 2]},
								"up": {"uv": [106, 34], "uv_size": [-1, 1]},
								"down": {"uv": [36, 106], "uv_size": [-1, -1]}
							}
						},
						{
							"origin": [-3.9608, 32.69848, -4.60739],
							"size": [1, 4, 1],
							"pivot": [-3.34179, 33.81085, -4.12976],
							"rotation": [-6.85025, -1.07078, 15.94716],
							"uv": {
								"north": {"uv": [76, 101], "uv_size": [-1, 4]},
								"east": {"uv": [90, 101], "uv_size": [-1, 4]},
								"south": {"uv": [89, 101], "uv_size": [-1, 4]},
								"west": {"uv": [102, 85], "uv_size": [-1, 4]},
								"up": {"uv": [51, 105], "uv_size": [-1, 1]},
								"down": {"uv": [106, 51], "uv_size": [-1, -1]}
							}
						},
						{
							"origin": [-3.44784, 31.36945, -4.76679],
							"size": [1, 1.7, 1],
							"pivot": [-3.34179, 33.81085, -4.12976],
							"rotation": [0.09274, -1.24903, 42.95222],
							"uv": {
								"north": {"uv": [105, 77], "uv_size": [-1, 2]},
								"east": {"uv": [82, 104], "uv_size": [-1, 2]},
								"south": {"uv": [105, 80], "uv_size": [-1, 2]},
								"west": {"uv": [81, 104], "uv_size": [-1, 2]},
								"up": {"uv": [39, 105], "uv_size": [-1, 1]},
								"down": {"uv": [106, 39], "uv_size": [-1, -1]}
							}
						},
						{
							"origin": [0.45, 33.63584, -4.99466],
							"size": [1, 3, 1],
							"pivot": [0.94118, 34.05277, -4.37348],
							"rotation": [-12.5, 0, -4.75],
							"uv": {
								"north": {"uv": [7, 103], "uv_size": [1, 3]},
								"east": {"uv": [103, 9], "uv_size": [1, 3]},
								"south": {"uv": [103, 12], "uv_size": [1, 3]},
								"west": {"uv": [103, 19], "uv_size": [1, 3]},
								"up": {"uv": [105, 46], "uv_size": [1, 1]},
								"down": {"uv": [47, 106], "uv_size": [1, -1]}
							}
						},
						{
							"origin": [3.45, 32.55, -3.7],
							"size": [1, 4, 3],
							"uv": {
								"north": {"uv": [73, 101], "uv_size": [1, 4]},
								"east": {"uv": [42, 93], "uv_size": [3, 4]},
								"south": {"uv": [74, 101], "uv_size": [1, 4]},
								"west": {"uv": [93, 44], "uv_size": [3, 4]},
								"up": {"uv": [103, 3], "uv_size": [1, 3]},
								"down": {"uv": [103, 9], "uv_size": [1, -3]}
							}
						},
						{
							"origin": [4.2, 31.5, -1],
							"size": [1, 3, 1],
							"uv": {
								"north": {"uv": [98, 102], "uv_size": [1, 3]},
								"east": {"uv": [101, 102], "uv_size": [1, 3]},
								"south": {"uv": [102, 102], "uv_size": [1, 3]},
								"west": {"uv": [103, 0], "uv_size": [1, 3]},
								"up": {"uv": [45, 105], "uv_size": [1, 1]},
								"down": {"uv": [46, 106], "uv_size": [1, -1]}
							}
						},
						{
							"origin": [4.2, 28.5, 0],
							"size": [1, 7, 2],
							"uv": {
								"north": {"uv": [98, 20], "uv_size": [1, 7]},
								"east": {"uv": [52, 92], "uv_size": [2, 7]},
								"south": {"uv": [25, 98], "uv_size": [1, 7]},
								"west": {"uv": [92, 54], "uv_size": [2, 7]},
								"up": {"uv": [82, 104], "uv_size": [1, 2]},
								"down": {"uv": [104, 84], "uv_size": [1, -2]}
							}
						},
						{
							"origin": [4.2, 29.5, 3],
							"size": [1, 5, 1],
							"uv": {
								"north": {"uv": [79, 100], "uv_size": [1, 5]},
								"east": {"uv": [100, 85], "uv_size": [1, 5]},
								"south": {"uv": [100, 90], "uv_size": [1, 5]},
								"west": {"uv": [100, 95], "uv_size": [1, 5]},
								"up": {"uv": [105, 43], "uv_size": [1, 1]},
								"down": {"uv": [105, 45], "uv_size": [1, -1]}
							}
						},
						{
							"origin": [4.2, 28.5, 2],
							"size": [1, 7, 1],
							"uv": {
								"north": {"uv": [97, 97], "uv_size": [1, 7]},
								"east": {"uv": [8, 98], "uv_size": [1, 7]},
								"south": {"uv": [9, 98], "uv_size": [1, 7]},
								"west": {"uv": [10, 98], "uv_size": [1, 7]},
								"up": {"uv": [105, 42], "uv_size": [1, 1]},
								"down": {"uv": [43, 106], "uv_size": [1, -1]}
							}
						},
						{
							"origin": [3.5, 28.6, -1.825],
							"size": [1, 8, 6],
							"uv": {
								"north": {"uv": [7, 95], "uv_size": [1, 8]},
								"east": {"uv": [27, 75], "uv_size": [6, 8]},
								"south": {"uv": [40, 95], "uv_size": [1, 8]},
								"west": {"uv": [75, 29], "uv_size": [6, 8]},
								"up": {"uv": [2, 99], "uv_size": [1, 6]},
								"down": {"uv": [11, 105], "uv_size": [1, -6]}
							}
						},
						{
							"origin": [3.1, 36.5, -2.6],
							"size": [1, 1, 6],
							"uv": {
								"north": {"uv": [105, 41], "uv_size": [1, 1]},
								"east": {"uv": [98, 37], "uv_size": [6, 1]},
								"south": {"uv": [42, 105], "uv_size": [1, 1]},
								"west": {"uv": [98, 67], "uv_size": [6, 1]},
								"up": {"uv": [0, 99], "uv_size": [1, 6]},
								"down": {"uv": [1, 105], "uv_size": [1, -6]}
							}
						},
						{
							"origin": [2.1, 37.5, -1.6],
							"size": [1, 1, 4],
							"uv": {
								"north": {"uv": [105, 39], "uv_size": [1, 1]},
								"east": {"uv": [100, 49], "uv_size": [4, 1]},
								"south": {"uv": [105, 40], "uv_size": [1, 1]},
								"west": {"uv": [100, 64], "uv_size": [4, 1]},
								"up": {"uv": [71, 101], "uv_size": [1, 4]},
								"down": {"uv": [72, 105], "uv_size": [1, -4]}
							}
						},
						{
							"origin": [-2.5, 33.925, -4.675],
							"size": [1, 3, 1],
							"pivot": [0, 34.29632, -3.875],
							"rotation": [-12.5, 0, 0],
							"uv": {
								"north": {"uv": [102, 83], "uv_size": [1, 3]},
								"east": {"uv": [102, 86], "uv_size": [1, 3]},
								"south": {"uv": [102, 89], "uv_size": [1, 3]},
								"west": {"uv": [102, 97], "uv_size": [1, 3]},
								"up": {"uv": [105, 29], "uv_size": [1, 1]},
								"down": {"uv": [30, 106], "uv_size": [1, -1]}
							}
						},
						{
							"origin": [-1.5, 33.81084, -5.01966],
							"size": [1, 3, 1],
							"pivot": [-0.99118, 34.22777, -4.37348],
							"rotation": [-12.5, 0, 2.75],
							"uv": {
								"north": {"uv": [102, 23], "uv_size": [1, 3]},
								"east": {"uv": [102, 38], "uv_size": [1, 3]},
								"south": {"uv": [102, 41], "uv_size": [1, 3]},
								"west": {"uv": [102, 59], "uv_size": [1, 3]},
								"up": {"uv": [105, 28], "uv_size": [1, 1]},
								"down": {"uv": [29, 106], "uv_size": [1, -1]}
							}
						},
						{
							"origin": [-4.45, 32.55, -3.7],
							"size": [1, 4, 3],
							"uv": {
								"north": {"uv": [43, 101], "uv_size": [1, 4]},
								"east": {"uv": [92, 80], "uv_size": [3, 4]},
								"south": {"uv": [49, 101], "uv_size": [1, 4]},
								"west": {"uv": [93, 40], "uv_size": [3, 4]},
								"up": {"uv": [13, 102], "uv_size": [1, 3]},
								"down": {"uv": [102, 23], "uv_size": [1, -3]}
							}
						},
						{
							"origin": [-5.2, 31.5, -1],
							"size": [1, 3, 1],
							"uv": {
								"north": {"uv": [102, 6], "uv_size": [1, 3]},
								"east": {"uv": [102, 9], "uv_size": [1, 3]},
								"south": {"uv": [12, 102], "uv_size": [1, 3]},
								"west": {"uv": [102, 12], "uv_size": [1, 3]},
								"up": {"uv": [27, 105], "uv_size": [1, 1]},
								"down": {"uv": [28, 106], "uv_size": [1, -1]}
							}
						},
						{
							"origin": [-5.2, 28.5, 0],
							"size": [1, 7, 2],
							"uv": {
								"north": {"uv": [92, 97], "uv_size": [1, 7]},
								"east": {"uv": [80, 91], "uv_size": [2, 7]},
								"south": {"uv": [93, 97], "uv_size": [1, 7]},
								"west": {"uv": [50, 92], "uv_size": [2, 7]},
								"up": {"uv": [104, 37], "uv_size": [1, 2]},
								"down": {"uv": [39, 106], "uv_size": [1, -2]}
							}
						},
						{
							"origin": [-5.2, 29.5, 3],
							"size": [1, 5, 1],
							"uv": {
								"north": {"uv": [100, 25], "uv_size": [1, 5]},
								"east": {"uv": [100, 38], "uv_size": [1, 5]},
								"south": {"uv": [100, 43], "uv_size": [1, 5]},
								"west": {"uv": [78, 100], "uv_size": [1, 5]},
								"up": {"uv": [25, 105], "uv_size": [1, 1]},
								"down": {"uv": [26, 106], "uv_size": [1, -1]}
							}
						},
						{
							"origin": [-5.2, 28.5, 2],
							"size": [1, 7, 1],
							"uv": {
								"north": {"uv": [97, 61], "uv_size": [1, 7]},
								"east": {"uv": [62, 97], "uv_size": [1, 7]},
								"south": {"uv": [63, 97], "uv_size": [1, 7]},
								"west": {"uv": [97, 90], "uv_size": [1, 7]},
								"up": {"uv": [23, 105], "uv_size": [1, 1]},
								"down": {"uv": [24, 106], "uv_size": [1, -1]}
							}
						},
						{
							"origin": [-4.5, 28.6, -1.825],
							"size": [1, 8, 6],
							"uv": {
								"north": {"uv": [49, 93], "uv_size": [1, 8]},
								"east": {"uv": [21, 75], "uv_size": [6, 8]},
								"south": {"uv": [57, 93], "uv_size": [1, 8]},
								"west": {"uv": [75, 21], "uv_size": [6, 8]},
								"up": {"uv": [96, 98], "uv_size": [1, 6]},
								"down": {"uv": [98, 102], "uv_size": [1, -6]}
							}
						},
						{
							"origin": [-3.9, 36.5, -2.6],
							"size": [1, 1, 6],
							"uv": {
								"north": {"uv": [21, 105], "uv_size": [1, 1]},
								"east": {"uv": [97, 77], "uv_size": [6, 1]},
								"south": {"uv": [22, 105], "uv_size": [1, 1]},
								"west": {"uv": [97, 78], "uv_size": [6, 1]},
								"up": {"uv": [94, 98], "uv_size": [1, 6]},
								"down": {"uv": [95, 104], "uv_size": [1, -6]}
							}
						},
						{
							"origin": [-5.2, 29.5, 3],
							"size": [1, 5, 1],
							"uv": {
								"north": {"uv": [100, 100], "uv_size": [1, 5]},
								"east": {"uv": [101, 0], "uv_size": [1, 5]},
								"south": {"uv": [101, 5], "uv_size": [1, 5]},
								"west": {"uv": [101, 10], "uv_size": [1, 5]},
								"up": {"uv": [51, 105], "uv_size": [1, 1]},
								"down": {"uv": [105, 52], "uv_size": [1, -1]}
							}
						},
						{
							"origin": [-4.5, 28.6, -1.825],
							"size": [1, 8, 6],
							"uv": {
								"north": {"uv": [41, 95], "uv_size": [1, 8]},
								"east": {"uv": [33, 75], "uv_size": [6, 8]},
								"south": {"uv": [14, 96], "uv_size": [1, 8]},
								"west": {"uv": [75, 37], "uv_size": [6, 8]},
								"up": {"uv": [99, 20], "uv_size": [1, 6]},
								"down": {"uv": [99, 32], "uv_size": [1, -6]}
							}
						},
						{
							"origin": [-5.2, 28.5, 0],
							"size": [1, 7, 2],
							"uv": {
								"north": {"uv": [26, 98], "uv_size": [1, 7]},
								"east": {"uv": [92, 64], "uv_size": [2, 7]},
								"south": {"uv": [27, 98], "uv_size": [1, 7]},
								"west": {"uv": [92, 90], "uv_size": [2, 7]},
								"up": {"uv": [83, 104], "uv_size": [1, 2]},
								"down": {"uv": [84, 106], "uv_size": [1, -2]}
							}
						},
						{
							"origin": [-5.2, 28.5, 2],
							"size": [1, 7, 1],
							"uv": {
								"north": {"uv": [98, 27], "uv_size": [1, 7]},
								"east": {"uv": [28, 98], "uv_size": [1, 7]},
								"south": {"uv": [29, 98], "uv_size": [1, 7]},
								"west": {"uv": [30, 98], "uv_size": [1, 7]},
								"up": {"uv": [52, 105], "uv_size": [1, 1]},
								"down": {"uv": [105, 53], "uv_size": [1, -1]}
							}
						},
						{
							"origin": [-5.2, 31.5, -1],
							"size": [1, 3, 1],
							"uv": {
								"north": {"uv": [103, 76], "uv_size": [1, 3]},
								"east": {"uv": [103, 83], "uv_size": [1, 3]},
								"south": {"uv": [103, 86], "uv_size": [1, 3]},
								"west": {"uv": [103, 89], "uv_size": [1, 3]},
								"up": {"uv": [53, 105], "uv_size": [1, 1]},
								"down": {"uv": [105, 54], "uv_size": [1, -1]}
							}
						},
						{
							"origin": [-3.9, 36.5, -2.6],
							"size": [1, 1, 6],
							"uv": {
								"north": {"uv": [54, 105], "uv_size": [1, 1]},
								"east": {"uv": [99, 17], "uv_size": [6, 1]},
								"south": {"uv": [105, 54], "uv_size": [1, 1]},
								"west": {"uv": [99, 32], "uv_size": [6, 1]},
								"up": {"uv": [99, 38], "uv_size": [1, 6]},
								"down": {"uv": [99, 50], "uv_size": [1, -6]}
							}
						},
						{
							"origin": [-2.9, 37.5, -1.6],
							"size": [1, 1, 4],
							"uv": {
								"north": {"uv": [55, 105], "uv_size": [1, 1]},
								"east": {"uv": [100, 65], "uv_size": [4, 1]},
								"south": {"uv": [105, 55], "uv_size": [1, 1]},
								"west": {"uv": [100, 66], "uv_size": [4, 1]},
								"up": {"uv": [101, 89], "uv_size": [1, 4]},
								"down": {"uv": [90, 105], "uv_size": [1, -4]}
							}
						},
						{
							"origin": [-3, 28.725, 4.05],
							"size": [6, 7, 1],
							"uv": {
								"north": {"uv": [80, 75], "uv_size": [6, 7]},
								"east": {"uv": [31, 98], "uv_size": [1, 7]},
								"south": {"uv": [81, 21], "uv_size": [6, 7]},
								"west": {"uv": [32, 98], "uv_size": [1, 7]},
								"up": {"uv": [99, 55], "uv_size": [6, 1]},
								"down": {"uv": [99, 59], "uv_size": [6, -1]}
							}
						},
						{
							"origin": [-2.5, 30.7, 5],
							"size": [5, 5, 1],
							"uv": {
								"north": {"uv": [82, 16], "uv_size": [5, 5]},
								"east": {"uv": [15, 101], "uv_size": [1, 5]},
								"south": {"uv": [82, 45], "uv_size": [5, 5]},
								"west": {"uv": [16, 101], "uv_size": [1, 5]},
								"up": {"uv": [99, 63], "uv_size": [5, 1]},
								"down": {"uv": [99, 74], "uv_size": [5, -1]}
							}
						},
						{
							"origin": [-1.9, 37.5, -2.6],
							"size": [4, 1, 6],
							"uv": {
								"north": {"uv": [100, 80], "uv_size": [4, 1]},
								"east": {"uv": [99, 53], "uv_size": [6, 1]},
								"south": {"uv": [100, 81], "uv_size": [4, 1]},
								"west": {"uv": [99, 54], "uv_size": [6, 1]},
								"up": {"uv": [85, 34], "uv_size": [4, 6]},
								"down": {"uv": [85, 56], "uv_size": [4, -6]}
							}
						},
						{
							"origin": [-2, 34.45, -4.2],
							"size": [4, 3, 1],
							"uv": {
								"north": {"uv": [93, 12], "uv_size": [4, 3]},
								"east": {"uv": [91, 103], "uv_size": [1, 3]},
								"south": {"uv": [45, 93], "uv_size": [4, 3]},
								"west": {"uv": [103, 97], "uv_size": [1, 3]},
								"up": {"uv": [100, 69], "uv_size": [4, 1]},
								"down": {"uv": [100, 71], "uv_size": [4, -1]}
							}
						},
						{
							"origin": [-3.475, 35.7, -3.975],
							"size": [7, 1, 9],
							"uv": {
								"north": {"uv": [97, 68], "uv_size": [7, 1]},
								"east": {"uv": [94, 19], "uv_size": [9, 1]},
								"south": {"uv": [97, 75], "uv_size": [7, 1]},
								"west": {"uv": [94, 79], "uv_size": [9, 1]},
								"up": {"uv": [62, 74], "uv_size": [7, 9]},
								"down": {"uv": [74, 75], "uv_size": [7, -9]}
							}
						},
						{
							"origin": [-2.9, 36.5, -3.6],
							"size": [6, 1, 8],
							"uv": {
								"north": {"uv": [99, 33], "uv_size": [6, 1]},
								"east": {"uv": [96, 50], "uv_size": [8, 1]},
								"south": {"uv": [99, 52], "uv_size": [6, 1]},
								"west": {"uv": [96, 51], "uv_size": [8, 1]},
								"up": {"uv": [39, 75], "uv_size": [6, 8]},
								"down": {"uv": [45, 83], "uv_size": [6, -8]}
							}
						},
						{
							"origin": [-4, 29.725, 4.1],
							"size": [1, 6, 1],
							"uv": {
								"north": {"uv": [59, 99], "uv_size": [1, 6]},
								"east": {"uv": [60, 99], "uv_size": [1, 6]},
								"south": {"uv": [61, 99], "uv_size": [1, 6]},
								"west": {"uv": [69, 99], "uv_size": [1, 6]},
								"up": {"uv": [105, 58], "uv_size": [1, 1]},
								"down": {"uv": [59, 106], "uv_size": [1, -1]}
							}
						},
						{
							"origin": [3, 29.725, 4.1],
							"size": [1, 6, 1],
							"uv": {
								"north": {"uv": [51, 99], "uv_size": [1, 6]},
								"east": {"uv": [52, 99], "uv_size": [1, 6]},
								"south": {"uv": [53, 99], "uv_size": [1, 6]},
								"west": {"uv": [58, 99], "uv_size": [1, 6]},
								"up": {"uv": [105, 57], "uv_size": [1, 1]},
								"down": {"uv": [58, 106], "uv_size": [1, -1]}
							}
						},
						{
							"origin": [-4, 29.725, 4.1],
							"size": [1, 6, 1],
							"uv": {
								"north": {"uv": [45, 99], "uv_size": [1, 6]},
								"east": {"uv": [46, 99], "uv_size": [1, 6]},
								"south": {"uv": [47, 99], "uv_size": [1, 6]},
								"west": {"uv": [50, 99], "uv_size": [1, 6]},
								"up": {"uv": [105, 56], "uv_size": [1, 1]},
								"down": {"uv": [57, 106], "uv_size": [1, -1]}
							}
						}
					]
				},
				{
					"name": "LeftHair",
					"parent": "hair4",
					"pivot": [3.9125, 34.91167, -2.44979],
					"rotation": [-0.49863, -0.03705, -4.24984],
					"cubes": [
						{
							"origin": [3.4, 27.7118, -3.82012],
							"size": [1.025, 6, 2],
							"uv": {
								"north": {"uv": [39, 98], "uv_size": [1, 6]},
								"east": {"uv": [93, 28], "uv_size": [2, 6]},
								"south": {"uv": [98, 58], "uv_size": [1, 6]},
								"west": {"uv": [93, 34], "uv_size": [2, 6]},
								"up": {"uv": [14, 104], "uv_size": [1, 2]},
								"down": {"uv": [104, 20], "uv_size": [1, -2]}
							}
						},
						{
							"origin": [4.225, 31.4118, -3.84512],
							"size": [1.025, 4, 1],
							"pivot": [4.9125, 31.8118, -2.84512],
							"rotation": [0, 0, -9.25],
							"uv": {
								"north": {"uv": [20, 101], "uv_size": [1, 4]},
								"east": {"uv": [101, 20], "uv_size": [1, 4]},
								"south": {"uv": [101, 24], "uv_size": [1, 4]},
								"west": {"uv": [101, 38], "uv_size": [1, 4]},
								"up": {"uv": [12, 105], "uv_size": [1, 1]},
								"down": {"uv": [105, 13], "uv_size": [1, -1]}
							}
						},
						{
							"origin": [4.225, 30.4118, -2.84512],
							"size": [1.025, 6, 1],
							"pivot": [4.9125, 31.8118, -2.84512],
							"rotation": [0, 0, -9.25],
							"uv": {
								"north": {"uv": [64, 98], "uv_size": [1, 6]},
								"east": {"uv": [65, 98], "uv_size": [1, 6]},
								"south": {"uv": [66, 98], "uv_size": [1, 6]},
								"west": {"uv": [67, 98], "uv_size": [1, 6]},
								"up": {"uv": [13, 105], "uv_size": [1, 1]},
								"down": {"uv": [105, 14], "uv_size": [1, -1]}
							}
						}
					]
				},
				{
					"name": "RightHair",
					"parent": "hair4",
					"pivot": [-3.9125, 34.91167, -2.44979],
					"rotation": [-0.49863, 0.03705, 4.24984],
					"cubes": [
						{
							"origin": [-4.425, 27.7118, -3.82012],
							"size": [1.025, 6, 2],
							"uv": {
								"north": {"uv": [40, 98], "uv_size": [-1, 6]},
								"east": {"uv": [95, 34], "uv_size": [-2, 6]},
								"south": {"uv": [99, 58], "uv_size": [-1, 6]},
								"west": {"uv": [95, 28], "uv_size": [-2, 6]},
								"up": {"uv": [15, 104], "uv_size": [-1, 2]},
								"down": {"uv": [105, 20], "uv_size": [-1, -2]}
							}
						},
						{
							"origin": [-5.25, 31.4118, -3.84512],
							"size": [1.025, 4, 1],
							"pivot": [-4.9125, 31.8118, -2.84512],
							"rotation": [0, 0, 9.25],
							"uv": {
								"north": {"uv": [21, 101], "uv_size": [-1, 4]},
								"east": {"uv": [102, 38], "uv_size": [-1, 4]},
								"south": {"uv": [102, 24], "uv_size": [-1, 4]},
								"west": {"uv": [102, 20], "uv_size": [-1, 4]},
								"up": {"uv": [13, 105], "uv_size": [-1, 1]},
								"down": {"uv": [106, 13], "uv_size": [-1, -1]}
							}
						},
						{
							"origin": [-5.25, 30.4118, -2.84512],
							"size": [1.025, 6, 1],
							"pivot": [-4.9125, 31.8118, -2.84512],
							"rotation": [0, 0, 9.25],
							"uv": {
								"north": {"uv": [65, 98], "uv_size": [-1, 6]},
								"east": {"uv": [68, 98], "uv_size": [-1, 6]},
								"south": {"uv": [67, 98], "uv_size": [-1, 6]},
								"west": {"uv": [66, 98], "uv_size": [-1, 6]},
								"up": {"uv": [14, 105], "uv_size": [-1, 1]},
								"down": {"uv": [106, 14], "uv_size": [-1, -1]}
							}
						}
					]
				},
				{
					"name": "Xu1_QianTouFa5",
					"parent": "hair4",
					"pivot": [-3.9125, 35.23667, -1.19979],
					"rotation": [-12.48436, 0.75155, 2.38443],
					"cubes": [
						{
							"origin": [-5.25856, 26.86792, -1.55471],
							"size": [1, 5, 1.5],
							"uv": {
								"north": {"uv": [70, 91], "uv_size": [1, 5]},
								"east": {"uv": [76, 99], "uv_size": [1, 5]},
								"south": {"uv": [77, 99], "uv_size": [1, 5]},
								"west": {"uv": [99, 88], "uv_size": [1, 5]},
								"up": {"uv": [105, 14], "uv_size": [1, 1]},
								"down": {"uv": [105, 16], "uv_size": [1, -1]}
							}
						},
						{
							"origin": [-4.25856, 25.86792, -1.55471],
							"size": [1, 6, 1.5],
							"uv": {
								"north": {"uv": [68, 98], "uv_size": [1, 6]},
								"east": {"uv": [80, 98], "uv_size": [1, 6]},
								"south": {"uv": [81, 98], "uv_size": [1, 6]},
								"west": {"uv": [82, 98], "uv_size": [1, 6]},
								"up": {"uv": [105, 16], "uv_size": [1, 1]},
								"down": {"uv": [17, 106], "uv_size": [1, -1]}
							}
						}
					]
				},
				{
					"name": "Xu1_QianTouFa2",
					"parent": "hair4",
					"pivot": [3.9125, 35.23667, -1.19979],
					"rotation": [-12.48436, -0.75155, -2.38443],
					"cubes": [
						{
							"origin": [4.25856, 26.86792, -1.55471],
							"size": [1, 5, 1.5],
							"uv": {
								"north": {"uv": [99, 93], "uv_size": [1, 5]},
								"east": {"uv": [99, 98], "uv_size": [1, 5]},
								"south": {"uv": [3, 100], "uv_size": [1, 5]},
								"west": {"uv": [4, 100], "uv_size": [1, 5]},
								"up": {"uv": [105, 17], "uv_size": [1, 1]},
								"down": {"uv": [18, 106], "uv_size": [1, -1]}
							}
						},
						{
							"origin": [3.25856, 25.86792, -1.55471],
							"size": [1, 6, 1.5],
							"uv": {
								"north": {"uv": [83, 98], "uv_size": [1, 6]},
								"east": {"uv": [84, 98], "uv_size": [1, 6]},
								"south": {"uv": [85, 98], "uv_size": [1, 6]},
								"west": {"uv": [86, 98], "uv_size": [1, 6]},
								"up": {"uv": [105, 18], "uv_size": [1, 1]},
								"down": {"uv": [19, 106], "uv_size": [1, -1]}
							}
						}
					]
				},
				{
					"name": "backhair2",
					"parent": "hair4",
					"pivot": [-4.4, 36.875, 3.625],
					"rotation": [3.13728, -55.14639, -1.29654],
					"cubes": [
						{
							"origin": [-5.45172, 28.05295, 3.3803],
							"size": [2, 5, 1],
							"uv": {
								"north": {"uv": [85, 40], "uv_size": [2, 5]},
								"east": {"uv": [5, 100], "uv_size": [1, 5]},
								"south": {"uv": [71, 85], "uv_size": [2, 5]},
								"west": {"uv": [6, 100], "uv_size": [1, 5]},
								"up": {"uv": [104, 20], "uv_size": [2, 1]},
								"down": {"uv": [104, 22], "uv_size": [2, -1]}
							}
						}
					]
				},
				{
					"name": "hair",
					"parent": "backhair2",
					"pivot": [-4.24167, 32.68333, 3.83333],
					"rotation": [12.45392, 1.08089, -4.88206],
					"cubes": [
						{
							"origin": [-5.66391, 23.79826, 2.59361],
							"size": [2, 5, 1],
							"uv": {
								"north": {"uv": [64, 93], "uv_size": [2, 5]},
								"east": {"uv": [100, 9], "uv_size": [1, 5]},
								"south": {"uv": [3, 95], "uv_size": [2, 5]},
								"west": {"uv": [100, 20], "uv_size": [1, 5]},
								"up": {"uv": [104, 22], "uv_size": [2, 1]},
								"down": {"uv": [104, 24], "uv_size": [2, -1]}
							}
						}
					]
				},
				{
					"name": "backhair3",
					"parent": "hair4",
					"pivot": [4.4, 36.875, 3.625],
					"rotation": [3.13728, 55.14639, 1.29654],
					"cubes": [
						{
							"origin": [3.45172, 28.05295, 3.3803],
							"size": [2, 5, 1],
							"uv": {
								"north": {"uv": [95, 4], "uv_size": [2, 5]},
								"east": {"uv": [21, 100], "uv_size": [1, 5]},
								"south": {"uv": [5, 95], "uv_size": [2, 5]},
								"west": {"uv": [22, 100], "uv_size": [1, 5]},
								"up": {"uv": [104, 24], "uv_size": [2, 1]},
								"down": {"uv": [104, 26], "uv_size": [2, -1]}
							}
						}
					]
				},
				{
					"name": "hair5",
					"parent": "backhair3",
					"pivot": [4.24167, 32.68333, 3.83333],
					"rotation": [12.45392, -1.08089, 4.88206],
					"cubes": [
						{
							"origin": [3.66391, 23.79826, 2.59361],
							"size": [2, 5, 1],
							"uv": {
								"north": {"uv": [21, 95], "uv_size": [2, 5]},
								"east": {"uv": [23, 100], "uv_size": [1, 5]},
								"south": {"uv": [23, 95], "uv_size": [2, 5]},
								"west": {"uv": [24, 100], "uv_size": [1, 5]},
								"up": {"uv": [104, 26], "uv_size": [2, 1]},
								"down": {"uv": [104, 28], "uv_size": [2, -1]}
							}
						}
					]
				},
				{
					"name": "backhai",
					"parent": "hair4",
					"pivot": [0, 34.75, 4.70833],
					"rotation": [10, 0, 0],
					"cubes": [
						{
							"origin": [-3.5, 25.11077, 4.18041],
							"size": [7, 6, 1],
							"uv": {
								"north": {"uv": [75, 45], "uv_size": [7, 6]},
								"east": {"uv": [87, 98], "uv_size": [1, 6]},
								"south": {"uv": [73, 75], "uv_size": [7, 6]},
								"west": {"uv": [98, 90], "uv_size": [1, 6]},
								"up": {"uv": [96, 74], "uv_size": [7, 1]},
								"down": {"uv": [97, 19], "uv_size": [7, -1]}
							}
						},
						{
							"origin": [-4.5, 26.11077, 3.58041],
							"size": [3, 7, 1],
							"uv": {
								"north": {"uv": [86, 73], "uv_size": [3, 7]},
								"east": {"uv": [48, 96], "uv_size": [1, 7]},
								"south": {"uv": [87, 16], "uv_size": [3, 7]},
								"west": {"uv": [91, 96], "uv_size": [1, 7]},
								"up": {"uv": [82, 50], "uv_size": [3, 1]},
								"down": {"uv": [101, 97], "uv_size": [3, -1]}
							}
						}
					]
				},
				{
					"name": "hair3",
					"parent": "backhai",
					"pivot": [0, 29.75, 4.90833],
					"rotation": [-5, 0, 0],
					"cubes": [
						{
							"origin": [-3, 23.06522, 4.72638],
							"size": [6, 3, 1],
							"uv": {
								"north": {"uv": [75, 51], "uv_size": [6, 3]},
								"east": {"uv": [66, 88], "uv_size": [1, 3]},
								"south": {"uv": [88, 61], "uv_size": [6, 3]},
								"west": {"uv": [82, 91], "uv_size": [1, 3]},
								"up": {"uv": [75, 54], "uv_size": [6, 1]},
								"down": {"uv": [97, 77], "uv_size": [6, -1]}
							}
						},
						{
							"origin": [-4.6527, 23.90538, 4.12638],
							"size": [2, 3, 1],
							"pivot": [-4, 29.875, 4.975],
							"rotation": [0, 0, 5],
							"uv": {
								"north": {"uv": [87, 47], "uv_size": [2, 3]},
								"east": {"uv": [100, 4], "uv_size": [1, 3]},
								"south": {"uv": [98, 34], "uv_size": [2, 3]},
								"west": {"uv": [101, 97], "uv_size": [1, 3]},
								"up": {"uv": [33, 104], "uv_size": [2, 1]},
								"down": {"uv": [35, 105], "uv_size": [2, -1]}
							}
						}
					]
				},
				{
					"name": "backhai2",
					"parent": "hair4",
					"pivot": [0, 34.75, 4.70833],
					"rotation": [10, 0, 0],
					"cubes": [
						{
							"origin": [1.5, 26.11077, 3.58041],
							"size": [3, 7, 1],
							"uv": {
								"north": {"uv": [87, 40], "uv_size": [3, 7]},
								"east": {"uv": [44, 97], "uv_size": [1, 7]},
								"south": {"uv": [83, 87], "uv_size": [3, 7]},
								"west": {"uv": [56, 97], "uv_size": [1, 7]},
								"up": {"uv": [101, 100], "uv_size": [3, 1]},
								"down": {"uv": [101, 102], "uv_size": [3, -1]}
							}
						}
					]
				},
				{
					"name": "hair2",
					"parent": "backhai2",
					"pivot": [0, 29.75, 4.90833],
					"rotation": [-5, 0, 0],
					"cubes": [
						{
							"origin": [2.6527, 23.90538, 4.12638],
							"size": [2, 3, 1],
							"pivot": [4, 29.875, 4.975],
							"rotation": [0, 0, -5],
							"uv": {
								"north": {"uv": [98, 64], "uv_size": [2, 3]},
								"east": {"uv": [102, 0], "uv_size": [1, 3]},
								"south": {"uv": [98, 80], "uv_size": [2, 3]},
								"west": {"uv": [102, 3], "uv_size": [1, 3]},
								"up": {"uv": [104, 36], "uv_size": [2, 1]},
								"down": {"uv": [37, 105], "uv_size": [2, -1]}
							}
						}
					]
				},
				{
					"name": "Arm",
					"parent": "UpBody",
					"pivot": [0, 27.1, 0]
				},
				{
					"name": "RightArm",
					"parent": "Arm",
					"pivot": [-4, 26.75, 0],
					"rotation": [0, 0, 12.5],
					"cubes": [
						{
							"origin": [-5.5, 21.25, -1.5],
							"size": [3, 6, 3],
							"uv": {
								"north": {"uv": [90, 39], "uv_size": [3, 6]},
								"east": {"uv": [71, 90], "uv_size": [3, 6]},
								"south": {"uv": [74, 90], "uv_size": [3, 6]},
								"west": {"uv": [77, 90], "uv_size": [3, 6]},
								"up": {"uv": [95, 20], "uv_size": [3, 3]},
								"down": {"uv": [25, 98], "uv_size": [3, -3]}
							}
						},
						{
							"origin": [-5.725, 23.25, -1.5],
							"size": [2.5, 4, 3],
							"inflate": 0.1,
							"uv": {
								"north": {"uv": [93, 48], "uv_size": [3, 4]},
								"east": {"uv": [54, 93], "uv_size": [3, 4]},
								"south": {"uv": [61, 93], "uv_size": [3, 4]},
								"west": {"uv": [93, 71], "uv_size": [3, 4]},
								"up": {"uv": [95, 26], "uv_size": [3, 3]},
								"down": {"uv": [28, 98], "uv_size": [3, -3]}
							}
						}
					]
				},
				{
					"name": "RightForeArm",
					"parent": "RightArm",
					"pivot": [-4, 21.25, 0],
					"cubes": [
						{
							"origin": [-5.475, 14.25, -1.5],
							"size": [3, 7, 3],
							"uv": {
								"north": {"uv": [86, 87], "uv_size": [3, 7]},
								"east": {"uv": [21, 88], "uv_size": [3, 7]},
								"south": {"uv": [24, 88], "uv_size": [3, 7]},
								"west": {"uv": [27, 88], "uv_size": [3, 7]},
								"up": {"uv": [95, 29], "uv_size": [3, 3]},
								"down": {"uv": [31, 98], "uv_size": [3, -3]}
							}
						}
					]
				},
				{
					"name": "RightHand",
					"parent": "RightForeArm",
					"pivot": [-3.85, 17.325, 0.075],
					"cubes": [
						{"origin": [-5, 14.525, -1.475], "size": [2.25, 3, 3.2], "uv": [7, 119]}
					]
				},
				{
					"name": "RightHandLocator",
					"parent": "RightHand",
					"pivot": [-3.875, 15.525, 0.125],
					"rotation": [15, 0, 0],
					"cubes": [
						{"origin": [-4, 15.025, -0.475], "size": [0.25, 1, 1.2], "uv": [9, 121]}
					]
				},
				{
					"name": "LeftArm",
					"parent": "Arm",
					"pivot": [4, 26.75, 0],
					"rotation": [0, 0, -12.5],
					"cubes": [
						{
							"origin": [2.5, 21.25, -1.5],
							"size": [3, 6, 3],
							"uv": {
								"north": {"uv": [89, 90], "uv_size": [3, 6]},
								"east": {"uv": [15, 91], "uv_size": [3, 6]},
								"south": {"uv": [18, 91], "uv_size": [3, 6]},
								"west": {"uv": [58, 91], "uv_size": [3, 6]},
								"up": {"uv": [95, 32], "uv_size": [3, 3]},
								"down": {"uv": [34, 98], "uv_size": [3, -3]}
							}
						},
						{
							"origin": [3.225, 23.25, -1.5],
							"size": [2.5, 4, 3],
							"inflate": 0.1,
							"uv": {
								"north": {"uv": [93, 84], "uv_size": [3, 4]},
								"east": {"uv": [8, 94], "uv_size": [3, 4]},
								"south": {"uv": [94, 15], "uv_size": [3, 4]},
								"west": {"uv": [94, 54], "uv_size": [3, 4]},
								"up": {"uv": [95, 35], "uv_size": [3, 3]},
								"down": {"uv": [37, 98], "uv_size": [3, -3]}
							}
						}
					]
				},
				{
					"name": "LeftForeArm",
					"parent": "LeftArm",
					"pivot": [4, 21.25, 0],
					"cubes": [
						{
							"origin": [2.475, 14.25, -1.5],
							"size": [3, 7, 3],
							"uv": {
								"north": {"uv": [30, 88], "uv_size": [3, 7]},
								"east": {"uv": [33, 88], "uv_size": [3, 7]},
								"south": {"uv": [36, 88], "uv_size": [3, 7]},
								"west": {"uv": [39, 88], "uv_size": [3, 7]},
								"up": {"uv": [66, 95], "uv_size": [3, 3]},
								"down": {"uv": [95, 83], "uv_size": [3, -3]}
							}
						}
					]
				},
				{
					"name": "LeftHand",
					"parent": "LeftForeArm",
					"pivot": [4.125, 16.025, 0.125],
					"cubes": [
						{"origin": [3, 14.525, -1.475], "size": [2.25, 3, 3.2], "uv": [7, 119]}
					]
				},
				{
					"name": "LeftHandLocator",
					"parent": "LeftHand",
					"pivot": [4.125, 15.525, 0.125],
					"rotation": [15, 0, 0],
					"cubes": [
						{"origin": [4, 15.025, -0.475], "size": [0.25, 1, 1.2], "uv": [9, 121]}
					]
				},
				{
					"name": "Breast",
					"parent": "UpBody",
					"pivot": [0.0125, 26.28714, -1.15514],
					"rotation": [15, 0, 0],
					"cubes": [
						{
							"origin": [-1, 24.94309, -3.04139],
							"size": [2, 1, 1],
							"pivot": [2.5375, 24.66809, -1.26639],
							"rotation": [-35.5, 0, 0],
							"uv": {
								"north": {"uv": [104, 84], "uv_size": [2, 1]},
								"east": {"uv": [105, 59], "uv_size": [1, 1]},
								"south": {"uv": [85, 104], "uv_size": [2, 1]},
								"west": {"uv": [60, 105], "uv_size": [1, 1]},
								"up": {"uv": [104, 85], "uv_size": [2, 1]},
								"down": {"uv": [104, 87], "uv_size": [2, -1]}
							}
						},
						{
							"origin": [-2.5375, 22.91809, -3.04139],
							"size": [5.075, 2, 3],
							"pivot": [0, 24.66809, -1.26639],
							"rotation": [-56.5, 0, 0],
							"uv": {
								"north": {"uv": [81, 73], "uv_size": [5, 2]},
								"east": {"uv": [85, 67], "uv_size": [3, 2]},
								"south": {"uv": [95, 9], "uv_size": [5, 2]},
								"west": {"uv": [89, 54], "uv_size": [3, 2]},
								"up": {"uv": [89, 77], "uv_size": [5, 3]},
								"down": {"uv": [90, 23], "uv_size": [5, -3]}
							}
						},
						{
							"origin": [-3.55, 22.36214, -3.73014],
							"size": [3.075, 3, 3],
							"pivot": [-0.0125, 24.28714, -1.15514],
							"rotation": [-52.7223, -0.9677, -7.0004],
							"uv": {
								"north": {"uv": [11, 96], "uv_size": [3, 3]},
								"east": {"uv": [96, 38], "uv_size": [3, 3]},
								"south": {"uv": [96, 41], "uv_size": [3, 3]},
								"west": {"uv": [96, 44], "uv_size": [3, 3]},
								"up": {"uv": [45, 96], "uv_size": [3, 3]},
								"down": {"uv": [96, 50], "uv_size": [3, -3]}
							}
						},
						{
							"origin": [0.475, 22.36214, -3.73014],
							"size": [3.075, 3, 3],
							"pivot": [0.0125, 24.28714, -1.15514],
							"rotation": [-52.7223, 0.9677, 7.0004],
							"uv": {
								"north": {"uv": [69, 96], "uv_size": [3, 3]},
								"east": {"uv": [96, 71], "uv_size": [3, 3]},
								"south": {"uv": [72, 96], "uv_size": [3, 3]},
								"west": {"uv": [75, 96], "uv_size": [3, 3]},
								"up": {"uv": [96, 83], "uv_size": [3, 3]},
								"down": {"uv": [88, 99], "uv_size": [3, -3]}
							}
						}
					]
				},
				{
					"name": "DownBody",
					"parent": "AllBody",
					"pivot": [0, 18, 0]
				},
				{
					"name": "RightLeg",
					"parent": "DownBody",
					"pivot": [-2, 17, 0],
					"cubes": [
						{
							"origin": [-3.725, 10, -1.75],
							"size": [3.45, 8, 4],
							"uv": {
								"north": {"uv": [55, 85], "uv_size": [3, 8]},
								"east": {"uv": [81, 37], "uv_size": [4, 8]},
								"south": {"uv": [85, 56], "uv_size": [3, 8]},
								"west": {"uv": [0, 82], "uv_size": [4, 8]},
								"up": {"uv": [94, 61], "uv_size": [3, 4]},
								"down": {"uv": [94, 69], "uv_size": [3, -4]}
							}
						}
					]
				},
				{
					"name": "bone3",
					"parent": "RightLeg",
					"pivot": [0.7, 16.825, -0.875]
				},
				{
					"name": "RightLowerLeg",
					"parent": "RightLeg",
					"pivot": [-2, 9.475, 0.25],
					"cubes": [
						{
							"origin": [-3.725, 1, -1.75],
							"size": [3.45, 9, 4],
							"uv": {
								"north": {"uv": [77, 81], "uv_size": [3, 9]},
								"east": {"uv": [81, 28], "uv_size": [4, 9]},
								"south": {"uv": [15, 82], "uv_size": [3, 9]},
								"west": {"uv": [81, 51], "uv_size": [4, 9]},
								"up": {"uv": [94, 75], "uv_size": [3, 4]},
								"down": {"uv": [82, 98], "uv_size": [3, -4]}
							}
						}
					]
				},
				{
					"name": "RightFoot",
					"parent": "RightLowerLeg",
					"pivot": [-2, 3, 0.25],
					"cubes": [
						{
							"origin": [-3.75, -0.325, -3.625],
							"size": [3.5, 2.325, 6],
							"uv": {
								"north": {"uv": [96, 86], "uv_size": [4, 2]},
								"east": {"uv": [93, 88], "uv_size": [6, 2]},
								"south": {"uv": [97, 7], "uv_size": [4, 2]},
								"west": {"uv": [94, 69], "uv_size": [6, 2]},
								"up": {"uv": [58, 85], "uv_size": [4, 6]},
								"down": {"uv": [67, 91], "uv_size": [4, -6]}
							}
						},
						{
							"origin": [-3.5, 2, -3.625],
							"size": [3, 1, 2],
							"pivot": [-2, 3, -1.5],
							"rotation": [25, 0, 0],
							"uv": {
								"north": {"uv": [102, 30], "uv_size": [3, 1]},
								"east": {"uv": [104, 92], "uv_size": [2, 1]},
								"south": {"uv": [102, 31], "uv_size": [3, 1]},
								"west": {"uv": [94, 104], "uv_size": [2, 1]},
								"up": {"uv": [99, 71], "uv_size": [3, 2]},
								"down": {"uv": [73, 101], "uv_size": [3, -2]}
							}
						}
					]
				},
				{
					"name": "LeftLeg",
					"parent": "DownBody",
					"pivot": [2, 17, 0],
					"cubes": [
						{
							"origin": [0.275, 10, -1.75],
							"size": [3.45, 8, 4],
							"uv": {
								"north": {"uv": [86, 0], "uv_size": [3, 8]},
								"east": {"uv": [82, 0], "uv_size": [4, 8]},
								"south": {"uv": [8, 86], "uv_size": [3, 8]},
								"west": {"uv": [4, 82], "uv_size": [4, 8]},
								"up": {"uv": [85, 94], "uv_size": [3, 4]},
								"down": {"uv": [94, 94], "uv_size": [3, -4]}
							}
						}
					]
				},
				{
					"name": "bone2",
					"parent": "LeftLeg",
					"pivot": [-0.7, 16.825, -0.875]
				},
				{
					"name": "LeftLowerLeg",
					"parent": "LeftLeg",
					"pivot": [2, 9.475, 0.25],
					"cubes": [
						{
							"origin": [0.275, 1, -1.75],
							"size": [3.45, 9, 4],
							"uv": {
								"north": {"uv": [18, 82], "uv_size": [3, 9]},
								"east": {"uv": [81, 60], "uv_size": [4, 9]},
								"south": {"uv": [80, 82], "uv_size": [3, 9]},
								"west": {"uv": [73, 81], "uv_size": [4, 9]},
								"up": {"uv": [94, 94], "uv_size": [3, 4]},
								"down": {"uv": [0, 99], "uv_size": [3, -4]}
							}
						}
					]
				},
				{
					"name": "LeftFoot",
					"parent": "LeftLowerLeg",
					"pivot": [2, 3, 0.25],
					"cubes": [
						{
							"origin": [0.25, -0.325, -3.625],
							"size": [3.5, 2.325, 6],
							"uv": {
								"north": {"uv": [97, 56], "uv_size": [4, 2]},
								"east": {"uv": [95, 0], "uv_size": [6, 2]},
								"south": {"uv": [58, 97], "uv_size": [4, 2]},
								"west": {"uv": [95, 2], "uv_size": [6, 2]},
								"up": {"uv": [11, 86], "uv_size": [4, 6]},
								"down": {"uv": [51, 92], "uv_size": [4, -6]}
							}
						},
						{
							"origin": [0.5, 2, -3.625],
							"size": [3, 1, 2],
							"pivot": [2, 3, -1.5],
							"rotation": [25, 0, 0],
							"uv": {
								"north": {"uv": [102, 34], "uv_size": [3, 1]},
								"east": {"uv": [96, 104], "uv_size": [2, 1]},
								"south": {"uv": [102, 35], "uv_size": [3, 1]},
								"west": {"uv": [104, 96], "uv_size": [2, 1]},
								"up": {"uv": [99, 83], "uv_size": [3, 2]},
								"down": {"uv": [88, 101], "uv_size": [3, -2]}
							}
						}
					]
				}
			]
		}
	]
}