{
	"format_version": "1.12.0",
	"minecraft:geometry": [
		{
			"description": {
				"identifier": "geometry.unknown",
				"texture_width": 256,
				"texture_height": 256,
				"visible_bounds_width": 4,
				"visible_bounds_height": 4.5,
				"visible_bounds_offset": [0, 1.75, 0]
			},
			"bones": [
				{
					"name": "Root",
					"pivot": [0, -0.3, 0]
				},
				{
					"name": "AllBody",
					"parent": "Root",
					"pivot": [0, 18.7, 0]
				},
				{
					"name": "UpBody",
					"parent": "AllBody",
					"pivot": [0, 18, 0],
					"cubes": [
						{"origin": [-2.5, 22.825, -2.1], "size": [5, 1, 4.175], "uv": [47, 10]},
						{"origin": [-2.4, 22.925, -2.475], "size": [4.8, 2, 2], "pivot": [0, 22.725, -1.1], "rotation": [-41.75, 0, 0], "uv": [62, 8]},
						{"origin": [-2.45, 22.775, 0.375], "size": [4.875, 2, 2], "pivot": [0, 22.725, 1.1], "rotation": [46.25, 0, 0], "uv": [62, 8]},
						{"origin": [-0.825, 17.27753, -2.05], "size": [1.65, 2, 4.1], "uv": [62, 13]},
						{"origin": [-1.825, 17.57753, -2.325], "size": [3.65, 2.125, 4.65], "uv": [100, 1]},
						{"origin": [-3.6, 17.57753, -2.3], "size": [2.65, 2, 4.6], "pivot": [-1.1, 18.70253, 0], "rotation": [0, 0, 9], "uv": [102, 8], "mirror": true},
						{"origin": [0.95, 17.57753, -2.3], "size": [2.65, 2, 4.6], "pivot": [1.1, 18.70253, 0], "rotation": [0, 0, -9], "uv": [102, 8]},
						{"origin": [-0.5, 19.27753, -2.05], "size": [1, 4, 4.1], "uv": [60, 23]},
						{"origin": [-3.3, 17.6, -2.025], "size": [3, 6, 4.05], "pivot": [-2, 19.9, 0], "rotation": [0, 0, 12.25], "uv": [0, 48]},
						{"origin": [0.3, 17.6, -2.025], "size": [3, 6, 4.05], "pivot": [2, 19.9, 0], "rotation": [0, 0, -12.25], "uv": [0, 48], "mirror": true}
					]
				},
				{
					"name": "UpperBody",
					"parent": "UpBody",
					"pivot": [0, 23.2, 0],
					"cubes": [
						{"origin": [-2.525, 23.5, -2.175], "size": [5.05, 3, 4.275], "uv": [45, 29]},
						{"origin": [-0.6448, 24.8329, -2.02612], "size": [4.025, 5, 4.125], "pivot": [-0.00604, 27.46314, 0.08638], "rotation": [0, 0, 14.97328], "uv": [44, 0]},
						{"origin": [-3.42831, 24.46228, -2.04784], "size": [4, 5, 4.125], "pivot": [-1.42831, 27.46228, 0.05216], "rotation": [0, 0, -14.97328], "uv": [26, 45]},
						{"origin": [-2.76921, 28.97277, -2.29784], "size": [2, 1, 4.625], "pivot": [-1.91921, 29.29777, 0.01466], "rotation": [0, 0, 5.02672], "uv": [15, 137]},
						{"origin": [0.76921, 28.97277, -2.29784], "size": [2, 1, 4.625], "pivot": [1.91921, 29.29777, 0.01466], "rotation": [0, 0, -5.02672], "uv": [15, 137], "mirror": true}
					]
				},
				{
					"name": "Arm",
					"parent": "UpperBody",
					"pivot": [0, 29, 0]
				},
				{
					"name": "LeftArm",
					"parent": "Arm",
					"pivot": [3.45, 28.125, 0.1],
					"rotation": [0, 0, -13],
					"cubes": [
						{"origin": [2.35902, 23.15106, -1.4], "size": [2.5, 6, 3], "uv": [28, 55]},
						{"origin": [3.10902, 25.25106, -1.65], "size": [2.5, 4, 3.5], "pivot": [4.10902, 27.15106, 0.1], "rotation": [0, 0, -10], "uv": [34, 117]}
					]
				},
				{
					"name": "LeftForeArm",
					"parent": "LeftArm",
					"pivot": [3.675, 23.45, 0.125],
					"cubes": [
						{"origin": [2.38402, 18.37606, -1.375], "size": [2.45, 5, 3], "uv": [13, 60]},
						{"origin": [4.23402, 22.42606, -1.675], "size": [1, 1.35, 1], "pivot": [4.33402, 22.87606, 0.125], "rotation": [0, 0, 25], "uv": [9, 146]},
						{"origin": [4.17416, 23.26436, -1.65], "size": [0.5, 0.55, 1], "pivot": [4.02416, 23.31436, -1.15], "rotation": [0, 0, 52.5], "uv": [14, 144]},
						{"origin": [4.67416, 22.26436, -1.65], "size": [0.75, 0.575, 1], "pivot": [4.02416, 23.31436, -1.15], "rotation": [0, 0, 52.5], "uv": [14, 144]},
						{"origin": [3.7556, 21.97127, -1.575], "size": [1, 1.1, 1], "pivot": [4.2556, 22.47127, -1.075], "rotation": [0, 0, 7], "uv": [4, 145]},
						{"origin": [4.21169, 22.5459, -1.6], "size": [1, 1.1, 1], "pivot": [4.26169, 22.5209, -1.075], "rotation": [0, 0, -48], "uv": [4, 145]}
					]
				},
				{
					"name": "LeftHand",
					"parent": "LeftForeArm",
					"pivot": [3.675, 18.65, 0.125],
					"cubes": [
						{"origin": [2.35902, 16.37606, -1.4], "size": [2.5, 3, 3], "uv": [46, 70]}
					]
				},
				{
					"name": "LeftHandLocator",
					"parent": "LeftHand",
					"pivot": [3.425, 17.4, 0.025]
				},
				{
					"name": "RightArm",
					"parent": "Arm",
					"pivot": [-3.45, 28.125, 0.1],
					"rotation": [0, 0, 13],
					"cubes": [
						{"origin": [-4.85902, 23.15106, -1.4], "size": [2.5, 6, 3], "uv": [28, 55], "mirror": true},
						{"origin": [-5.60902, 25.25106, -1.65], "size": [2.5, 4, 3.5], "pivot": [-4.10902, 27.15106, 0.1], "rotation": [0, 0, 10], "uv": [34, 117], "mirror": true}
					]
				},
				{
					"name": "RightForeArm",
					"parent": "RightArm",
					"pivot": [-3.675, 23.45, 0.125],
					"cubes": [
						{"origin": [-4.83402, 18.37606, -1.375], "size": [2.45, 5, 3], "uv": [13, 60], "mirror": true},
						{"origin": [-4.21748, 22.71891, -1.65], "size": [0.5, 0.55, 1], "pivot": [-4.34885, 22.57862, -1.125], "rotation": [0, 0, -52.5], "uv": [14, 144], "mirror": true},
						{"origin": [-3.26379, 21.52734, -1.65], "size": [0.7, 1.425, 1], "pivot": [-2.93879, 21.97734, -1.15], "rotation": [-0.27846, -1.98053, -10.49519], "uv": [14, 144], "mirror": true},
						{"origin": [-5.11049, 22.69006, -1.6], "size": [1, 1.1, 1], "pivot": [-4.13549, 23.24006, -1.1], "rotation": [0, 0, 6.25], "uv": [4, 145], "mirror": true},
						{"origin": [-4.76169, 21.9709, -1.575], "size": [1, 1.1, 1], "pivot": [-4.26169, 22.5209, -1.075], "rotation": [0, 0, 34], "uv": [4, 145], "mirror": true},
						{"origin": [-3.03345, 21.74714, -1.575], "size": [0.8, 1, 1], "pivot": [-2.63345, 22.29714, -1.075], "rotation": [0, 0, 19.75], "uv": [4, 145], "mirror": true},
						{"origin": [-4.5182, 21.74949, -1.65], "size": [0.75, 0.575, 1], "pivot": [-4.0432, 22.03699, -1.15], "rotation": [0, 0, 17.5], "uv": [21, 144], "mirror": true},
						{"origin": [-5.1097, 22.39192, -1.675], "size": [1, 1.35, 1], "pivot": [-4.34885, 22.57862, -1.125], "rotation": [0, 0, -25], "uv": [9, 146], "mirror": true}
					]
				},
				{
					"name": "RightHand",
					"parent": "RightForeArm",
					"pivot": [-3.675, 18.65, 0.125],
					"cubes": [
						{"origin": [-4.85902, 16.37606, -1.4], "size": [2.5, 3, 3], "uv": [46, 70], "mirror": true}
					]
				},
				{
					"name": "RightHandLocator",
					"parent": "RightHand",
					"pivot": [-3.425, 17.4, 0.025]
				},
				{
					"name": "AllHead",
					"parent": "UpperBody",
					"pivot": [0, 29.6, 0],
					"cubes": [
						{"origin": [-1.5, 29.2, -1.525], "size": [3, 2, 3], "uv": [61, 54]}
					]
				},
				{
					"name": "Head",
					"parent": "AllHead",
					"pivot": [0, 30.4, 0],
					"cubes": [
						{"origin": [-3.5, 30.5, -3.5], "size": [7, 7, 7], "uv": [0, 0]}
					]
				},
				{
					"name": "deco1",
					"parent": "Head",
					"pivot": [2.84109, 36.77479, -5.025],
					"cubes": [
						{"origin": [-4.225, 34.5, -5.325], "size": [8, 4, 7], "pivot": [0, 36.4, -2.05], "rotation": [0, 0, -10.5], "uv": [50, 106]},
						{"origin": [-0.05816, 36.06295, -5.45], "size": [0.5, 0.55, 1], "pivot": [0.56742, 36.01353, -4.925], "rotation": [0, 0, 30], "uv": [14, 144]},
						{"origin": [2.16192, 36.63344, -5.5], "size": [0.425, 0.475, 1], "pivot": [2.42442, 36.87094, -5], "rotation": [0, 0, -2.75], "uv": [14, 144], "mirror": true},
						{"origin": [2.84299, 36.25115, -5.5], "size": [0.475, 0.475, 1], "pivot": [3.10549, 36.48865, -5], "rotation": [0, 0, -9.25], "uv": [14, 144], "mirror": true},
						{"origin": [0.3258, 36.07554, -5.4], "size": [1, 1.1, 1], "pivot": [0.56742, 36.01353, -4.925], "rotation": [0, 0, -70.5], "uv": [4, 145]},
						{"origin": [-0.07281, 35.3278, -5.375], "size": [1, 1.1, 1], "pivot": [0.56742, 36.01353, -4.925], "rotation": [0, 0, -15.5], "uv": [4, 145]},
						{"origin": [0.44184, 35.06295, -5.4], "size": [0.75, 0.575, 1], "pivot": [0.56742, 36.01353, -4.925], "rotation": [0, 0, 30], "uv": [16, 147]},
						{"origin": [0.29145, 35.74356, -5.475], "size": [1, 1.35, 1], "pivot": [0.56742, 36.01353, -4.925], "rotation": [0, 0, 2.5], "uv": [9, 146]},
						{"origin": [0.8089, 35.4834, -5.475], "size": [0.5, 1.6, 1], "pivot": [0.8089, 36.4084, -4.975], "rotation": [0, 0, 39.5], "uv": [9, 146]},
						{"origin": [2.59114, 35.81059, -5.475], "size": [1, 1.35, 1], "pivot": [3.09114, 36.48559, -4.975], "rotation": [0, 0, -2.5], "uv": [9, 146], "mirror": true},
						{"origin": [1.95704, 36.16208, -5.475], "size": [1, 1.35, 1], "pivot": [2.45704, 36.83708, -4.975], "rotation": [0, 0, 57.75], "uv": [9, 146], "mirror": true},
						{"origin": [1.51606, 35.77439, -5.475], "size": [1.2, 0.55, 1], "pivot": [2.01606, 35.84939, -4.975], "rotation": [0, 0, 38.25], "uv": [9, 146], "mirror": true},
						{"origin": [2.61609, 36.51229, -5.525], "size": [0.9, 0.375, 1], "pivot": [2.84109, 36.77479, -5.025], "rotation": [0, 0, 6], "uv": [10, 146], "mirror": true},
						{"origin": [2.14109, 36.43729, -5.525], "size": [0.7, 0.375, 1], "pivot": [2.84109, 36.77479, -5.025], "rotation": [0, 0, 53.25], "uv": [10, 146], "mirror": true}
					]
				},
				{
					"name": "Hair_All",
					"parent": "Head",
					"pivot": [0, 6, 0]
				},
				{
					"name": "Hair",
					"parent": "Hair_All",
					"pivot": [0, 6, 0]
				},
				{
					"name": "HairFemaleH_Matching",
					"parent": "Hair",
					"pivot": [-0.14783, 34.36957, 0.52174],
					"cubes": [
						{"origin": [3.03881, 33.33428, -5.1], "size": [1, 2, 1], "inflate": 0.004, "pivot": [2.67745, 35.2705, -4.6], "rotation": [0, 0, 17.5], "uv": [45, 95], "mirror": true},
						{"origin": [2.93822, 34.75297, -5.1], "size": [1, 1, 1], "inflate": 0.003, "pivot": [2.67745, 35.2705, -4.6], "rotation": [0, 0, -7.5], "uv": [78, 23], "mirror": true},
						{"origin": [3, 35, -5.1], "size": [1, 3, 1], "pivot": [2.67745, 35.2705, -4.6], "rotation": [0, 0, -40], "uv": [59, 94], "mirror": true},
						{"origin": [2, 34, -5.1], "size": [1, 4, 1], "inflate": -0.003, "pivot": [2.67745, 35.2705, -4.6], "rotation": [0, 0, -40], "uv": [90, 77], "mirror": true},
						{"origin": [1.48426, 34.07617, -5.1], "size": [1, 4, 1], "pivot": [2.67745, 35.2705, -4.6], "rotation": [0, 0, -50], "uv": [70, 90], "mirror": true},
						{"origin": [-0.3369, 34.58378, -5], "size": [1, 3, 1], "pivot": [-0.8369, 36.33378, -4.5], "rotation": [0, 0, 62.5], "uv": [94, 94], "mirror": true},
						{"origin": [-1.64019, 33.89974, -5.025], "size": [1, 2, 1], "pivot": [-2.14019, 35.64974, -4.5], "rotation": [0, 0, 82.5], "uv": [50, 95], "mirror": true},
						{"origin": [-2.29233, 35.38237, -4.975], "size": [1, 2, 1], "pivot": [-1.89233, 35.68237, -4.475], "rotation": [0, 0, 82.5], "uv": [95, 48], "mirror": true},
						{"origin": [-5, 32.075, 2.9], "size": [1, 4, 1], "uv": [90, 71]},
						{"origin": [-2.375, 35.925, -4.6], "size": [1, 2, 1], "pivot": [-2, 36.625, -4.1], "rotation": [0, 0, 10], "uv": [95, 44]},
						{"origin": [-2.68744, 34.38477, -4.9], "size": [1, 2, 1], "inflate": -0.003, "pivot": [-2.58744, 35.88477, -4.4], "rotation": [0, 0, 40], "uv": [40, 95]},
						{"origin": [1.3, 35.625, -4.9], "size": [1, 2, 1], "uv": [95, 19]},
						{"origin": [-4.4625, 33.425, -4.05], "size": [1, 4, 3], "pivot": [-3.9625, 35.425, -2.55], "rotation": [0, 0, 10], "uv": [69, 66]},
						{"origin": [3.4625, 33.425, -4.1], "size": [1, 4, 3], "pivot": [3.9625, 35.425, -2.6], "rotation": [0, 0, -10], "uv": [58, 69]},
						{"origin": [-4.5, 33, -2.55], "size": [1, 5, 6], "uv": [41, 17]},
						{"origin": [-3, 31.2, 4.225], "size": [6, 6, 1], "uv": [43, 52]},
						{"origin": [-4, 30.2, 3.225], "size": [8, 7, 1], "uv": [28, 14]},
						{"origin": [3.5, 33, -2.55], "size": [1, 5, 6], "uv": [36, 33]},
						{"origin": [-5.5, 29, 0.925], "size": [1, 8, 1], "uv": [78, 65]},
						{"origin": [-5.5, 29, -0.075], "size": [1, 8, 1], "uv": [62, 77]},
						{"origin": [-5.5, 30, -1.075], "size": [1, 6, 1], "uv": [75, 83]},
						{"origin": [4.5, 33, -1.075], "size": [1, 3, 1], "uv": [35, 94]},
						{"origin": [4.5, 32, -0.075], "size": [1, 5, 1], "uv": [15, 88]},
						{"origin": [4, 32.075, 2.9], "size": [1, 4, 1], "uv": [90, 65]},
						{"origin": [-4.5, 30.4, 0.875], "size": [1, 3, 3], "uv": [0, 74]},
						{"origin": [-4.25, 31, -2.125], "size": [1, 2, 3], "uv": [78, 4]},
						{"origin": [3.25, 31, -2.125], "size": [1, 2, 3], "uv": [77, 52]},
						{"origin": [3.5, 30.4, 0.775], "size": [1, 4, 3], "uv": [8, 69]},
						{"origin": [-4.4, 32.6, -3.7], "size": [1, 4, 2], "uv": [0, 15]},
						{"origin": [-1.6, 35.8, -4.7], "size": [4, 3, 1], "pivot": [0, 37.1, -3.8], "rotation": [-3.75, 0, -8.25], "uv": [67, 74]},
						{"origin": [-2.975, 37.9, -3.7], "size": [6, 1, 7], "uv": [0, 25]},
						{"origin": [-4, 37.2, -3.775], "size": [8, 1, 8], "uv": [0, 15]},
						{"origin": [-2, 38.9, -2.7], "size": [4, 1, 5], "uv": [43, 45]},
						{"origin": [-3, 38.9, -1.7], "size": [1, 1, 3], "uv": [32, 80]},
						{"origin": [2, 38.9, -1.7], "size": [1, 1, 3], "uv": [80, 23]},
						{"origin": [-3.975, 37.9, -2.7], "size": [1, 1, 5], "uv": [58, 47]},
						{"origin": [3.025, 37.9, -2.7], "size": [1, 1, 5], "uv": [53, 55]},
						{"origin": [2.375, 35.175, -4.6], "size": [1, 3, 1], "pivot": [3, 36.025, -4.1], "rotation": [0, 0, -5], "uv": [10, 94]},
						{"origin": [-3.5, 34.525, -4.5], "size": [1, 3, 1], "pivot": [-3, 36.025, -4], "rotation": [0, 0, 12.5], "uv": [5, 94]}
					]
				},
				{
					"name": "HairSideDown",
					"parent": "Hair_All",
					"pivot": [0, 6, 0]
				},
				{
					"name": "SideDownHairC",
					"parent": "HairSideDown",
					"pivot": [2.98601, 32.147, 2.31083]
				},
				{
					"name": "Left_SideHairC",
					"parent": "SideDownHairC",
					"pivot": [3.3875, 37.0204, -2.40415],
					"rotation": [-2.96257, -0.49953, -12.48185],
					"cubes": [
						{"origin": [2.875, 33.7704, -3.40415], "size": [1.025, 2, 1], "uv": [95, 68]},
						{"origin": [2.91133, 31.18846, -3.37915], "size": [1.025, 3, 1], "pivot": [3.8025, 33.9469, -2.57245], "rotation": [0, 0, 7.5], "uv": [15, 95]}
					]
				},
				{
					"name": "Left_SideHairC1",
					"parent": "Left_SideHairC",
					"pivot": [3.7625, 37.7704, -1.40415],
					"rotation": [-0.03642, 0.23681, -7.48857],
					"cubes": [
						{"origin": [3.175, 32.925, -3.3], "size": [1.025, 2, 2], "pivot": [3.67878, 33.22519, -2.5375], "rotation": [0, 0, 10], "uv": [88, 21]},
						{"origin": [2.65, 31.225, -3.25], "size": [1.025, 2, 2], "pivot": [3.15378, 31.52519, -2.4875], "rotation": [0, 0, 17], "uv": [89, 11]},
						{"origin": [2.63809, 29.32567, -3.225], "size": [1.025, 2, 2], "pivot": [3.15378, 31.52519, -2.4875], "rotation": [0, 0, 19.5], "uv": [5, 89]},
						{"origin": [3.47732, 34.79621, -3.30461], "size": [1.025, 3, 2], "uv": [0, 85]},
						{"origin": [3.72732, 32.79621, -1.85461], "size": [1.025, 4, 1], "pivot": [3.98982, 34.79621, -0.80461], "rotation": [-0.0831, 0.47182, -4.97735], "uv": [85, 90]}
					]
				},
				{
					"name": "Left_SideHairC2",
					"parent": "Left_SideHairC",
					"pivot": [3.44174, 32.54299, -1.56348],
					"rotation": [7.03572, -1.30006, 9.96919],
					"cubes": [
						{"origin": [2.49249, 32.32534, -2.33896], "size": [1.025, 2, 1], "pivot": [2.9198, 32.14097, -1.82646], "rotation": [-0.05215, 0.56985, -2.94519], "uv": [95, 60], "mirror": true},
						{"origin": [3.46981, 33.35116, -2.23942], "size": [1.025, 3, 2], "pivot": [3.76299, 32.97335, -1.47456], "rotation": [2.27375, 0.99714, -7.48595], "uv": [0, 85]},
						{"origin": [3.41601, 30.58904, -2.20981], "size": [1.025, 1, 1], "pivot": [3.76299, 32.97335, -1.47456], "rotation": [2.43557, 0.48154, 5.00449], "uv": [38, 80]},
						{"origin": [3.37609, 31.48215, -2.23481], "size": [1.025, 2, 2], "pivot": [3.76299, 32.97335, -1.47456], "rotation": [2.41227, 0.58729, 2.50662], "uv": [88, 21]}
					]
				},
				{
					"name": "Right_SideHairC",
					"parent": "SideDownHairC",
					"pivot": [-3.7375, 36.3704, -2.75415],
					"rotation": [-6.69978, 0.74856, 12.46403],
					"cubes": [
						{"origin": [-4.25, 33.8704, -3.75415], "size": [1.025, 2, 1], "uv": [95, 64]},
						{"origin": [-4.28633, 30.93846, -3.72915], "size": [1.025, 3, 1], "pivot": [-4.1525, 34.0469, -2.92245], "rotation": [0, 0, -7.5], "uv": [15, 95], "mirror": true}
					]
				},
				{
					"name": "Right_SideHairC1",
					"parent": "Right_SideHairC",
					"pivot": [-3.71674, 36.84299, -2.36348],
					"rotation": [-0.29059, 1.34954, -2.46734],
					"cubes": [
						{"origin": [-3.79249, 32.32534, -3.13896], "size": [1.025, 2, 1], "pivot": [-3.1948, 32.14097, -2.62646], "rotation": [-0.05215, -0.56985, 2.94519], "uv": [95, 60]},
						{"origin": [-4.76981, 33.35116, -3.03942], "size": [1.025, 3, 2], "pivot": [-4.03799, 32.97335, -2.27456], "rotation": [2.27375, -0.99714, 7.48595], "uv": [0, 85], "mirror": true},
						{"origin": [-4.67609, 31.48215, -3.03481], "size": [1.025, 2, 2], "pivot": [-4.03799, 32.97335, -2.27456], "rotation": [2.41227, -0.58729, -2.50662], "uv": [88, 21], "mirror": true},
						{"origin": [-4.5274, 29.67053, -2.85], "size": [1.025, 2, 2], "pivot": [-4.0149, 30.62053, -1.85], "rotation": [8.25, 0, -4.5], "uv": [5, 89], "mirror": true}
					]
				},
				{
					"name": "Right_SideHairC2",
					"parent": "Right_SideHairC",
					"pivot": [-4.1125, 37.8704, -1.75415],
					"rotation": [-0.1239, -0.46278, 14.97751],
					"cubes": [
						{"origin": [-4.55, 33.025, -3.65], "size": [1.025, 2, 2], "pivot": [-4.02878, 33.32519, -2.8875], "rotation": [0, 0, -10], "uv": [88, 21], "mirror": true},
						{"origin": [-4.53809, 32.12567, -3.625], "size": [1.025, 1, 1], "pivot": [-4.02878, 33.32519, -2.8875], "rotation": [0, 0, -12.5], "uv": [38, 80], "mirror": true},
						{"origin": [-4.85232, 34.89621, -3.65461], "size": [1.025, 3, 2], "uv": [67, 84]}
					]
				},
				{
					"name": "HairSide",
					"parent": "Hair_All",
					"pivot": [0, 6, 0]
				},
				{
					"name": "SideHairA",
					"parent": "HairSide",
					"pivot": [0, 13.4, 0]
				},
				{
					"name": "Left_SideHairA1",
					"parent": "SideHairA",
					"pivot": [4.1625, 35.9704, -1.80415],
					"rotation": [46.97086, -2.0677, -5.78285],
					"cubes": [
						{"origin": [3.65, 33.4704, -3.00415], "size": [1.025, 2, 1], "uv": [95, 15]},
						{"origin": [3.68633, 30.53846, -2.97915], "size": [1.025, 3, 1], "pivot": [4.5775, 33.6469, -2.17245], "rotation": [0, 0, 7.5], "uv": [93, 5]}
					]
				},
				{
					"name": "Left_SideHairA2",
					"parent": "Left_SideHairA1",
					"pivot": [4.54053, 36.94012, -1.30976],
					"rotation": [-19.64646, -4.02089, -19.25025],
					"cubes": [
						{"origin": [4.55303, 32.09473, -2.2056], "size": [1.025, 2, 2], "pivot": [5.05681, 32.39492, -1.4431], "rotation": [0, 0, -10], "uv": [87, 30]},
						{"origin": [4.51612, 31.19539, -1.1806], "size": [1.025, 1, 1], "pivot": [5.05681, 32.39492, -1.4431], "rotation": [0, 0, -22.5], "uv": [73, 7]},
						{"origin": [4.25535, 33.96594, -2.21022], "size": [1.025, 3, 2], "uv": [39, 83]},
						{"origin": [4.64718, 34.33865, 0.18492], "size": [1.025, 4, 1], "pivot": [5.28468, 36.33865, 0.68492], "rotation": [-16.2173, -6.90369, -28.91961], "uv": [65, 90]}
					]
				},
				{
					"name": "Right_SideHairA1",
					"parent": "SideHairA",
					"pivot": [-4.1625, 35.9704, -1.80415],
					"rotation": [46.97086, 2.0677, 5.78285],
					"cubes": [
						{"origin": [-4.675, 33.4704, -2.80415], "size": [1.025, 2, 1], "uv": [95, 15], "mirror": true},
						{"origin": [-4.71133, 30.53846, -2.77915], "size": [1.025, 3, 1], "pivot": [-4.5775, 33.6469, -1.97245], "rotation": [0, 0, -7.5], "uv": [93, 5], "mirror": true}
					]
				},
				{
					"name": "Right_SideHairA2",
					"parent": "Right_SideHairA1",
					"pivot": [-4.54053, 36.94012, -1.30976],
					"rotation": [-19.64646, 4.02089, 19.25025],
					"cubes": [
						{"origin": [-5.57803, 32.09473, -2.2056], "size": [1.025, 2, 2], "pivot": [-5.05681, 32.39492, -1.4431], "rotation": [0, 0, 10], "uv": [87, 30], "mirror": true},
						{"origin": [-5.54112, 31.19539, -1.1806], "size": [1.025, 1, 1], "pivot": [-5.05681, 32.39492, -1.4431], "rotation": [0, 0, 22.5], "uv": [73, 7], "mirror": true},
						{"origin": [-5.28035, 33.96594, -2.21022], "size": [1.025, 3, 2], "uv": [39, 83], "mirror": true},
						{"origin": [-5.67218, 34.33865, 0.18492], "size": [1.025, 4, 1], "pivot": [-5.28468, 36.33865, 0.68492], "rotation": [-16.2173, 6.90369, 28.91961], "uv": [65, 90], "mirror": true}
					]
				},
				{
					"name": "Accessory",
					"parent": "Hair_All",
					"pivot": [0, 6, 0]
				},
				{
					"name": "HorseEar",
					"parent": "Accessory",
					"pivot": [-0.14783, 36.76957, -1.92826]
				},
				{
					"name": "LeftHorseEar",
					"parent": "HorseEar",
					"pivot": [3.28727, 38.66922, -2.19471],
					"rotation": [15.81097, 8.88258, 4.94059],
					"cubes": [
						{"origin": [4.0158, 39.41975, -2.74471], "size": [1, 3, 2], "pivot": [3.68727, 40.26922, -1.69471], "rotation": [-6.98185, -13.54092, 7.56694], "uv": [83, 70]},
						{"origin": [4.2658, 37.29475, -2.74471], "size": [1, 3, 2], "pivot": [3.68727, 40.26922, -1.66971], "rotation": [-13.15128, -7.69939, 40.1259], "uv": [83, 64]},
						{"origin": [0.54357, 38.88656, -3.00652], "size": [1, 3, 2], "pivot": [3.68727, 38.36922, -1.89471], "rotation": [-14.62628, -4.20094, 54.27642], "uv": [53, 83]},
						{"origin": [1.71407, 38.52486, -3.44374], "size": [1, 3, 2], "pivot": [1.41407, 39.94986, -2.41874], "rotation": [-10.65015, -10.9153, 24.75751], "uv": [46, 83]},
						{"origin": [2.45831, 37.96698, -2.3657], "size": [2, 3, 2], "pivot": [3.68727, 40.16922, -1.89471], "rotation": [13.90745, -7.35147, 30.4939], "uv": [78, 32]}
					]
				},
				{
					"name": "RightHorseEar",
					"parent": "HorseEar",
					"pivot": [-3.28727, 38.66922, -2.19471],
					"rotation": [15.81097, -8.88258, -4.94059],
					"cubes": [
						{"origin": [-5.0158, 39.44475, -2.74471], "size": [1, 3, 2], "pivot": [-3.68727, 40.24422, -1.69471], "rotation": [-6.98185, 13.54092, -7.56694], "uv": [83, 70], "mirror": true},
						{"origin": [-5.2658, 37.26975, -2.74471], "size": [1, 3, 2], "pivot": [-3.68727, 40.24422, -1.66971], "rotation": [-13.15128, 7.69939, -40.1259], "uv": [83, 64], "mirror": true},
						{"origin": [-1.54357, 38.88656, -3.00652], "size": [1, 3, 2], "pivot": [-3.68727, 38.36922, -1.89471], "rotation": [-14.62628, 4.20094, -54.27642], "uv": [53, 83], "mirror": true},
						{"origin": [-2.71407, 38.52486, -3.44374], "size": [1, 3, 2], "pivot": [-1.41407, 39.94986, -2.41874], "rotation": [-10.65015, 10.9153, -24.75751], "uv": [46, 83], "mirror": true},
						{"origin": [-4.45831, 37.96698, -2.3657], "size": [2, 3, 2], "pivot": [-3.68727, 40.16922, -1.89471], "rotation": [13.90745, 7.35147, -30.4939], "uv": [78, 32], "mirror": true}
					]
				},
				{
					"name": "Eyes",
					"parent": "Head",
					"pivot": [0, 6, 0]
				},
				{
					"name": "Eyebrow",
					"parent": "Eyes",
					"pivot": [-3.22864, 33.09562, -3.6225]
				},
				{
					"name": "EyeBrowF",
					"parent": "Eyebrow",
					"pivot": [0, 33.4, -3.475]
				},
				{
					"name": "LeftEyebrow",
					"parent": "EyeBrowF",
					"pivot": [2.875, 33.25, -3.3],
					"cubes": [
						{"origin": [2.475, 33.225, -3.8], "size": [1.3, 1, 0.075], "pivot": [3.025, 33.75, -3.3], "rotation": [0, 0, 2.5], "uv": [5, 15]},
						{"origin": [1.04939, 33.24683, -3.8], "size": [1.5, 1, 0.075], "pivot": [2.52439, 33.74683, -3.3], "rotation": [0, 0, -2.25], "uv": [5, 15]}
					]
				},
				{
					"name": "EyeBrow_Left4",
					"parent": "LeftEyebrow",
					"pivot": [3.825, 33.25, -3.3],
					"cubes": [
						{"origin": [3.275, 32.75, -3.8], "size": [1.1, 1, 0.075], "uv": [25, 21]}
					]
				},
				{
					"name": "RightEyebrow",
					"parent": "EyeBrowF",
					"pivot": [-2.875, 33.25, -3.3],
					"cubes": [
						{"origin": [-3.775, 33.225, -3.8], "size": [1.3, 1, 0.075], "pivot": [-3.025, 33.75, -3.3], "rotation": [0, 0, -2.5], "uv": [5, 15], "mirror": true},
						{"origin": [-2.54939, 33.24683, -3.8], "size": [1.5, 1, 0.075], "pivot": [-2.52439, 33.74683, -3.3], "rotation": [0, 0, 2.25], "uv": [5, 15], "mirror": true}
					]
				},
				{
					"name": "EyeBrow_Right4",
					"parent": "RightEyebrow",
					"pivot": [-3.825, 33.25, -3.3],
					"cubes": [
						{"origin": [-4.375, 32.75, -3.8], "size": [1.1, 1, 0.075], "uv": [25, 21], "mirror": true}
					]
				},
				{
					"name": "Eyelid",
					"parent": "Eyes",
					"pivot": [0, 32, 0]
				},
				{
					"name": "LeftEyelid",
					"parent": "Eyelid",
					"pivot": [2.375, 32.5, -3.525],
					"cubes": [
						{"origin": [1.375, 31.5, -3.525], "size": [2, 2, 0], "uv": [94, 10]}
					]
				},
				{
					"name": "LeftEyesBase",
					"parent": "LeftEyelid",
					"pivot": [2.25, 32.5, -3.05],
					"cubes": [
						{"origin": [1.5, 31.5, -3.55], "size": [1.4, 2, 0.025], "uv": [25, 18]}
					]
				},
				{
					"name": "LeftDot",
					"parent": "LeftEyesBase",
					"pivot": [-1.325, 18.2, -3.5],
					"cubes": [
						{"origin": [2.35, 32.9, -3.7], "size": [0.5, 0.5, 0.025], "uv": [6, 103]}
					]
				},
				{
					"name": "LeftPupil",
					"parent": "LeftEyesBase",
					"pivot": [2.225, 32.65, -3.2575],
					"cubes": [
						{"origin": [1.875, 32.1, -3.6], "size": [0.65, 0.8, 2], "uv": [1, 102]}
					]
				},
				{
					"name": "RightEyelid",
					"parent": "Eyelid",
					"pivot": [-2.375, 32.5, -3.525],
					"cubes": [
						{"origin": [-3.375, 31.5, -3.525], "size": [2, 2, 0], "uv": [87, 35]}
					]
				},
				{
					"name": "RightEyesBase",
					"parent": "RightEyelid",
					"pivot": [-2.25, 32.5, -3.05],
					"cubes": [
						{"origin": [-2.9, 31.5, -3.55], "size": [1.4, 2, 0.025], "uv": [25, 15]}
					]
				},
				{
					"name": "RightDot",
					"parent": "RightEyesBase",
					"pivot": [-1.125, 18.2, -3.5],
					"cubes": [
						{"origin": [-1.975, 32.9, -3.7], "size": [0.5, 0.5, 0.025], "uv": [6, 103]}
					]
				},
				{
					"name": "RightPupil",
					"parent": "RightEyesBase",
					"pivot": [-2.225, 32.65, -3.2575],
					"cubes": [
						{"origin": [-2.525, 32.1, -3.6], "size": [0.65, 0.8, 1], "uv": [1, 102]}
					]
				},
				{
					"name": "Breast",
					"parent": "UpperBody",
					"pivot": [0.0125, 27.48714, -1.95514],
					"rotation": [10, 0, 0],
					"cubes": [
						{"origin": [0.21762, 24.48139, -3.66068], "size": [3.075, 3, 3], "pivot": [1.9536, 25.96397, -2.17806], "rotation": [-53.11398, -4.00278, -2.99399], "uv": [39, 60]},
						{"origin": [1.44262, 24.63139, -3.36068], "size": [2, 1, 2], "pivot": [1.9536, 26.36397, -2.17806], "rotation": [-53.11398, -4.00278, -2.99399], "uv": [5, 141]},
						{"origin": [-0.5375, 24.48139, -3.63568], "size": [1.075, 3, 3], "pivot": [1.19848, 25.96397, -2.17806], "rotation": [-53.11398, 0, 0], "uv": [11, 102]},
						{"origin": [-3.29262, 24.48139, -3.66068], "size": [3.075, 3, 3], "pivot": [-1.9536, 25.96397, -2.17806], "rotation": [-53.11398, 4.00278, 2.99399], "uv": [35, 109], "mirror": true},
						{"origin": [-3.44262, 24.63139, -3.36068], "size": [2, 1, 2], "pivot": [-1.9536, 26.36397, -2.17806], "rotation": [-53.11398, 4.00278, 2.99399], "uv": [5, 141], "mirror": true}
					]
				},
				{
					"name": "RightWaistLocator",
					"parent": "UpperBody",
					"pivot": [-3.5, 22, 0],
					"rotation": [-5, 0, 0]
				},
				{
					"name": "LeftWaistLocator",
					"parent": "UpperBody",
					"pivot": [3.5, 22, 0],
					"rotation": [-20, 0, 0]
				},
				{
					"name": "BackpackLocator",
					"parent": "UpperBody",
					"pivot": [0, 27.4644, 0]
				},
				{
					"name": "Tail",
					"parent": "UpBody",
					"pivot": [0, 22.725, -1.1]
				},
				{
					"name": "Tail1",
					"parent": "Tail",
					"pivot": [0, 21.575, 1.8],
					"rotation": [22.5, 0, 0],
					"cubes": [
						{"origin": [-2.5, 18.665, 1.7], "size": [5, 4, 3], "pivot": [0, 18.775, 4], "rotation": [27.5, 0, 0], "uv": [1, 108]}
					]
				},
				{
					"name": "Tail2",
					"parent": "Tail1",
					"pivot": [0, 18.55025, 3.51068],
					"rotation": [-35, 0, 0],
					"cubes": [
						{"origin": [-2, 16.18883, 2.73892], "size": [4, 3, 3], "pivot": [0, 17.68883, 4.23892], "rotation": [-29.5, 0, 0], "uv": [1, 116]}
					]
				},
				{
					"name": "Tail3",
					"parent": "Tail2",
					"pivot": [0, 17.15817, 5.20002],
					"rotation": [32.5, 0, 0],
					"cubes": [
						{"origin": [-1, 9.84077, 4.43868], "size": [2, 5.6, 1], "pivot": [0, 11.64077, 4.93868], "rotation": [11.5, 0, 0], "uv": [1, 133]},
						{"origin": [-1.5, 12.68401, 3.41018], "size": [3, 4, 3], "pivot": [1, 17.56401, 3.03018], "rotation": [13.5, 0, 0], "uv": [13, 120]},
						{"origin": [0.8, 11.40346, 3.59408], "size": [2, 7, 2], "pivot": [1.4, 15.50346, 4.81408], "rotation": [-8.83002, 26.19622, -6.78325], "uv": [1, 123]},
						{"origin": [-0.1, 13.68401, 2.01018], "size": [3, 5, 2], "pivot": [-1, 19.26401, 2.73018], "rotation": [7.5, 0, 0], "uv": [10, 128]},
						{"origin": [-2.8, 11.40346, 3.59408], "size": [2, 7, 2], "pivot": [-1.4, 15.50346, 4.81408], "rotation": [-8.83002, -26.19622, 6.78325], "uv": [1, 123], "mirror": true},
						{"origin": [-2.9, 13.68401, 2.01018], "size": [3, 5, 2], "pivot": [1, 19.26401, 2.73018], "rotation": [7.5, 0, 0], "uv": [10, 128], "mirror": true}
					]
				},
				{
					"name": "Tail4",
					"parent": "Tail3",
					"pivot": [0, 11.08721, 5.984],
					"cubes": [
						{"origin": [-2, 9.65901, 5.36018], "size": [4, 4, 2], "pivot": [1.5, 17.63901, 3.18018], "rotation": [-1.25, 0, 0], "uv": [18, 108]},
						{"origin": [-1.5, 5.05143, 4.24756], "size": [3, 6, 1.5], "pivot": [0, 8.05143, 5.24756], "rotation": [-27, 0, 0], "uv": [23, 115]}
					]
				},
				{
					"name": "RightWing",
					"parent": "Tail",
					"pivot": [-1.8, 25.35, 1.8],
					"rotation": [-30.00191, 25.62435, -55.67124],
					"cubes": [
						{"origin": [-4.8, 24.35, 0.85], "size": [4, 2, 2], "uv": [146, 29], "mirror": true}
					]
				},
				{
					"name": "RightWing1",
					"parent": "RightWing",
					"pivot": [-3.8, 25.35, 1.8],
					"rotation": [0, 0, 21.5],
					"cubes": [
						{"origin": [-9.8, 24.35, 0.8], "size": [6, 2, 2], "uv": [121, 29], "mirror": true}
					]
				},
				{
					"name": "RightWing2",
					"parent": "RightWing1",
					"pivot": [-7.70149, 25.42208, 1.7],
					"rotation": [0, 0, 98],
					"cubes": [
						{"origin": [-18.70149, 24.42208, 0.7], "size": [11, 2, 2], "uv": [121, 7], "mirror": true},
						{"origin": [-8.70149, 19.42208, 1.1], "size": [1, 5, 1], "uv": [153, 37], "mirror": true},
						{"origin": [-17.70149, 19.42208, 1.6], "size": [9, 5, 1.1], "uv": [99, 22], "mirror": true}
					]
				},
				{
					"name": "RightWing3",
					"parent": "RightWing2",
					"pivot": [-17.70149, 25.42208, 1.7],
					"rotation": [0.43439, -2.462, -97.50933],
					"cubes": [
						{"origin": [-19.80149, 18.34708, 1.1], "size": [1, 6.5, 1], "pivot": [-18.20149, 21.92208, 1.6], "rotation": [0, 0, 22.5], "uv": [138, 37], "mirror": true},
						{"origin": [-27.70149, 19.42208, 1.6], "size": [9, 5, 1.1], "uv": [99, 16], "mirror": true},
						{"origin": [-26.60149, 19.42208, 1.1], "size": [1, 5, 1], "pivot": [-25.64217, 19.6129, 1.6], "rotation": [0, 0, -26], "uv": [148, 37], "mirror": true},
						{"origin": [-26.60149, 14.52872, 1.175], "size": [1, 5, 1], "pivot": [-25.64217, 19.6129, 1.6], "rotation": [0, 0, 11.5], "uv": [143, 37], "mirror": true},
						{"origin": [-28.70149, 24.42208, 0.7], "size": [11, 2, 2], "uv": [121, 2], "mirror": true}
					]
				},
				{
					"name": "RightWing4",
					"parent": "RightWing3",
					"pivot": [-27.25149, 24.57208, 0.8],
					"rotation": [0, 0, -63],
					"cubes": [
						{"origin": [-31.4889, 25.69134, 0.2], "size": [5, 3, 3], "pivot": [-32.21281, 25.69805, 1.70574], "rotation": [0, 0, 22.5], "uv": [121, 34], "mirror": true},
						{"origin": [-30.37649, 25.99708, 0.8], "size": [6.9, 2, 2], "uv": [121, 24], "mirror": true},
						{"origin": [-35.155, 25.93746, 0.95], "size": [5, 1.75, 1.5], "pivot": [-32.21281, 25.69805, 1.70574], "rotation": [0, 0, -4.75], "uv": [135, 34], "mirror": true},
						{"origin": [-32.64273, 23.79075, 1.2], "size": [4, 1, 1], "uv": [148, 34], "mirror": true},
						{"origin": [-36.91646, 27.10992, 0.85], "size": [2.8, 1.6, 1.7], "pivot": [-32.21281, 25.69805, 1.70574], "rotation": [0, 0, -27.25], "uv": [156, 24], "mirror": true},
						{"origin": [-33.02643, 23.74582, 1.1], "size": [1.3, 1.1, 1.2], "pivot": [-32.21281, 25.69805, 1.70574], "rotation": [0, 0, 22.5], "uv": [158, 12], "mirror": true}
					]
				},
				{
					"name": "LeftWing",
					"parent": "Tail",
					"pivot": [1.8, 25.35, 1.8],
					"rotation": [-30.00191, -25.62435, 55.67124],
					"cubes": [
						{"origin": [0.8, 24.35, 0.85], "size": [4, 2, 2], "uv": [146, 29]}
					]
				},
				{
					"name": "LeftWing1",
					"parent": "LeftWing",
					"pivot": [3.8, 25.35, 1.8],
					"rotation": [0, 0, -21.5],
					"cubes": [
						{"origin": [3.8, 24.35, 0.8], "size": [6, 2, 2], "uv": [121, 29]}
					]
				},
				{
					"name": "LeftWing2",
					"parent": "LeftWing1",
					"pivot": [7.70149, 25.42208, 1.7],
					"rotation": [0, 0, -98],
					"cubes": [
						{"origin": [7.70149, 24.42208, 0.7], "size": [11, 2, 2], "uv": [121, 7]},
						{"origin": [7.70149, 19.42208, 1.1], "size": [1, 5, 1], "uv": [153, 37]},
						{"origin": [8.70149, 19.42208, 1.6], "size": [9, 5, 1.1], "uv": [99, 22]}
					]
				},
				{
					"name": "LeftWing3",
					"parent": "LeftWing2",
					"pivot": [17.70149, 25.42208, 1.7],
					"rotation": [0.43439, 2.462, 97.50933],
					"cubes": [
						{"origin": [18.80149, 18.34708, 1.1], "size": [1, 6.5, 1], "pivot": [18.20149, 21.92208, 1.6], "rotation": [0, 0, -22.5], "uv": [138, 37]},
						{"origin": [18.70149, 19.42208, 1.6], "size": [9, 5, 1.1], "uv": [99, 16]},
						{"origin": [25.60149, 19.42208, 1.1], "size": [1, 5, 1], "pivot": [25.64217, 19.6129, 1.6], "rotation": [0, 0, 26], "uv": [148, 37]},
						{"origin": [25.60149, 14.52872, 1.175], "size": [1, 5, 1], "pivot": [25.64217, 19.6129, 1.6], "rotation": [0, 0, -11.5], "uv": [143, 37]},
						{"origin": [17.70149, 24.42208, 0.7], "size": [11, 2, 2], "uv": [121, 2]}
					]
				},
				{
					"name": "LeftWing4",
					"parent": "LeftWing3",
					"pivot": [27.25149, 24.57208, 0.8],
					"rotation": [0, 0, 63],
					"cubes": [
						{"origin": [26.4889, 25.69134, 0.2], "size": [5, 3, 3], "pivot": [32.21281, 25.69805, 1.70574], "rotation": [0, 0, -22.5], "uv": [121, 34]},
						{"origin": [23.47649, 25.99708, 0.8], "size": [6.9, 2, 2], "uv": [121, 24]},
						{"origin": [30.155, 25.93746, 0.95], "size": [5, 1.75, 1.5], "pivot": [32.21281, 25.69805, 1.70574], "rotation": [0, 0, 4.75], "uv": [135, 34]},
						{"origin": [28.64273, 23.79075, 1.2], "size": [4, 1, 1], "uv": [148, 34]},
						{"origin": [34.11646, 27.10992, 0.85], "size": [2.8, 1.6, 1.7], "pivot": [32.21281, 25.69805, 1.70574], "rotation": [0, 0, 27.25], "uv": [156, 24]},
						{"origin": [31.72643, 23.74582, 1.1], "size": [1.3, 1.1, 1.2], "pivot": [32.21281, 25.69805, 1.70574], "rotation": [0, 0, -22.5], "uv": [158, 12]}
					]
				},
				{
					"name": "DownBody",
					"parent": "AllBody",
					"pivot": [0, 18, 0]
				},
				{
					"name": "Leg",
					"parent": "DownBody",
					"pivot": [0, 19, 0]
				},
				{
					"name": "LeftLeg",
					"parent": "Leg",
					"pivot": [2.1, 17.5, 0],
					"cubes": [
						{"origin": [0.475, 9, -2], "size": [3.25, 9, 4], "uv": [15, 35]},
						{"origin": [2.03542, 13.042, -2.45], "size": [2.65, 5.3, 4.875], "pivot": [3.03542, 15.592, 0], "rotation": [0, 0, -13.75], "uv": [102, 42]},
						{"origin": [0.1715, 12.95121, -2.4], "size": [2.65, 5, 4.8], "pivot": [2.1465, 15.45121, 0], "rotation": [0, 0, 1], "uv": [102, 53]},
						{"origin": [2.92476, 11.52969, -2.525], "size": [1, 3, 1], "pivot": [3.42476, 16.57969, -2.2], "rotation": [0, 0, -3.5], "uv": [101, 63]},
						{"origin": [1.36156, 11.05714, -2.875], "size": [4, 7, 3], "pivot": [3.08656, 15.55714, -1.2], "rotation": [-9.61035, -2.74245, -18.28849], "uv": [121, 42]}
					]
				},
				{
					"name": "LeftLowerLeg",
					"parent": "LeftLeg",
					"pivot": [1.775, 9.55, 0.325],
					"cubes": [
						{"origin": [0.5, 0.85, -1.975], "size": [3.2, 9, 4], "uv": [0, 34]},
						{"origin": [0.15, 2.325, -2.65], "size": [2.2, 5, 5.2], "pivot": [2.1, 3.85, 0.025], "rotation": [0, 0, -10], "uv": [100, 29]},
						{"origin": [1.8, 3, -2.55], "size": [2.2, 5, 5], "pivot": [-2.1, 3.85, 0.025], "rotation": [0, 0, 10], "uv": [100, 29], "mirror": true},
						{"origin": [1.8, 3.15, -2.7], "size": [1.2, 5, 1], "pivot": [-2.1, 3.85, 0.025], "rotation": [0, 0, 10], "uv": [117, 41], "mirror": true}
					]
				},
				{
					"name": "LeftFoot",
					"parent": "LeftLowerLeg",
					"pivot": [2.175, 1.875, 0.3],
					"cubes": [
						{"origin": [0.45229, -0.09042, -2.89851], "size": [3.325, 2, 5], "uv": [51, 37]},
						{"origin": [0.35229, -1.09042, -3.89851], "size": [3.525, 2.25, 6.35], "uv": [100, 65]},
						{"origin": [0.37729, 0.38458, -3.72351], "size": [3.475, 2, 6.1], "pivot": [2.11479, 0.90958, -0.84851], "rotation": [13.25, 0, 0], "uv": [101, 74]}
					]
				},
				{
					"name": "RightLeg",
					"parent": "Leg",
					"pivot": [-2.1, 17.5, 0],
					"cubes": [
						{"origin": [-3.725, 9, -2], "size": [3.25, 9, 4], "uv": [15, 35], "mirror": true},
						{"origin": [-2.8215, 12.95121, -2.4], "size": [2.65, 5, 4.8], "pivot": [-2.1465, 15.45121, 0], "rotation": [0, 0, -1], "uv": [102, 53], "mirror": true},
						{"origin": [-4.68542, 13.042, -2.45], "size": [2.65, 5.3, 4.875], "pivot": [-3.03542, 15.592, 0], "rotation": [0, 0, 13.75], "uv": [102, 42], "mirror": true},
						{"origin": [-3.92476, 11.52969, -2.525], "size": [1, 3, 1], "pivot": [-3.42476, 16.57969, -2.2], "rotation": [0, 0, 3.5], "uv": [101, 63], "mirror": true},
						{"origin": [-1.99778, 14.96276, -2.7], "size": [1, 3, 1], "pivot": [-1.49778, 16.96276, -2.2], "rotation": [0, 0, 3.5], "uv": [101, 63], "mirror": true}
					]
				},
				{
					"name": "RightLowerLeg",
					"parent": "RightLeg",
					"pivot": [-1.775, 9.55, 0.325],
					"cubes": [
						{"origin": [-3.7, 0.85, -1.975], "size": [3.2, 9, 4], "uv": [0, 34], "mirror": true},
						{"origin": [-4, 3, -2.55], "size": [2.2, 5, 5], "pivot": [2.1, 3.85, 0.025], "rotation": [0, 0, -10], "uv": [100, 29]},
						{"origin": [-3, 3.15, -2.7], "size": [1.2, 5, 1], "pivot": [2.1, 3.85, 0.025], "rotation": [0, 0, -10], "uv": [117, 41]},
						{"origin": [-2.35, 2.325, -2.65], "size": [2.2, 5, 5.2], "pivot": [-2.1, 3.85, 0.025], "rotation": [0, 0, 10], "uv": [100, 29], "mirror": true}
					]
				},
				{
					"name": "LeftFoot2",
					"parent": "RightLowerLeg",
					"pivot": [-2.325, 1.875, 0.3],
					"cubes": [
						{"origin": [-3.77729, -0.09042, -2.89851], "size": [3.325, 2, 5], "uv": [51, 37], "mirror": true},
						{"origin": [-3.87729, -1.09042, -3.89851], "size": [3.525, 2.25, 6.35], "uv": [100, 65], "mirror": true},
						{"origin": [-3.85229, 0.38458, -3.72351], "size": [3.475, 2, 6.1], "pivot": [-2.11479, 0.90958, -0.84851], "rotation": [13.25, 0, 0], "uv": [101, 74], "mirror": true}
					]
				}
			]
		}
	]
}