{
	"pack_name": "{maid_pack.cute_creature.name}",
	"model_list": [
		{
			"model_id": "cute_creature:bee",
			"is_gecko": true,
			"render_entity_scale": 0.7
		},
		{
			"model_id": "cute_creature:horse",
			"is_gecko": true,
			"render_entity_scale": 0.7,
			"extra_textures": [
				"cute_creature:textures/entity/horse_2.png",
				"cute_creature:textures/entity/horse_3.png",
				"cute_creature:textures/entity/horse_4.png",
				"cute_creature:textures/entity/horse_5.png",
				"cute_creature:textures/entity/horse_6.png",
				"cute_creature:textures/entity/horse_7.png",
				"cute_creature:textures/entity/horse_8.png",
				"cute_creature:textures/entity/horse_9.png",
				"cute_creature:textures/entity/horse_10.png"
			]
		},
		{
			"model_id": "cute_creature:fox",
			"is_gecko": true,
			"render_entity_scale": 0.7,
			"animation": ["cute_creature:animation/cute_creature.fox.animation.json"],
			"extra_textures": [
				"cute_creature:textures/entity/fox_2.png",
				"cute_creature:textures/entity/fox_3.png",
				"cute_creature:textures/entity/fox_4.png",
				"cute_creature:textures/entity/fox_5.png",
				"cute_creature:textures/entity/fox_6.png",
				"cute_creature:textures/entity/fox_7.png",
				"cute_creature:textures/entity/fox_8.png",
				"cute_creature:textures/entity/fox_9.png",
				"cute_creature:textures/entity/fox_10.png",
				"cute_creature:textures/entity/fox_11.png",
				"cute_creature:textures/entity/fox_12.png"
			]
		},
		{
			"model_id": "cute_creature:rabbit",
			"is_gecko": true,
			"render_entity_scale": 0.7,
			"extra_textures": [
				"cute_creature:textures/entity/rabbit_2.png",
				"cute_creature:textures/entity/rabbit_3.png",
				"cute_creature:textures/entity/rabbit_4.png",
				"cute_creature:textures/entity/rabbit_5.png",
				"cute_creature:textures/entity/rabbit_6.png",
				"cute_creature:textures/entity/rabbit_7.png",
				"cute_creature:textures/entity/rabbit_8.png",
				"cute_creature:textures/entity/rabbit_9.png",
				"cute_creature:textures/entity/rabbit_10.png",
				"cute_creature:textures/entity/rabbit_11.png",
				"cute_creature:textures/entity/rabbit_12.png",
				"cute_creature:textures/entity/rabbit_13.png",
				"cute_creature:textures/entity/rabbit_14.png",
				"cute_creature:textures/entity/rabbit_15.png",
				"cute_creature:textures/entity/rabbit_16.png",
				"cute_creature:textures/entity/rabbit_17.png",
				"cute_creature:textures/entity/rabbit_18.png",
				"cute_creature:textures/entity/rabbit_19.png",
				"cute_creature:textures/entity/rabbit_20.png",
				"cute_creature:textures/entity/rabbit_21.png",
				"cute_creature:textures/entity/rabbit_22.png",
				"cute_creature:textures/entity/rabbit_23.png"
			]
		},
		{
			"model_id": "cute_creature:creeper_2",
			"is_gecko": true,
			"render_entity_scale": 0.7,
			"animation": ["cute_creature:animation/cute_creature.creeper_2.animation.json"]
		},
		{
			"model_id": "cute_creature:creeper",
			"is_gecko": true,
			"animation": ["cute_creature:animation/cute_creature.creeper.animation.json"],
			"render_entity_scale": 0.7
		},
		{
			"model_id": "cute_creature:enderman",
			"is_gecko": true,
			"render_entity_scale": 0.7
		},
		{
			"model_id": "cute_creature:skeleton_horse",
			"is_gecko": true,
			"extra_textures": [
				"cute_creature:textures/entity/skeleton_horse_1.png",
				"cute_creature:textures/entity/skeleton_horse_2.png",
				"cute_creature:textures/entity/skeleton_horse_3.png",
				"cute_creature:textures/entity/skeleton_horse_4.png",
				"cute_creature:textures/entity/skeleton_horse_5.png",
				"cute_creature:textures/entity/skeleton_horse_6.png",
				"cute_creature:textures/entity/skeleton_horse_7.png",
				"cute_creature:textures/entity/skeleton_horse_8.png",
				"cute_creature:textures/entity/skeleton_horse_9.png",
				"cute_creature:textures/entity/skeleton_horse_10.png",
				"cute_creature:textures/entity/skeleton_horse_11.png"
			],
			"render_entity_scale": 0.7
		},
		{
			"model_id": "cute_creature:wither_skeleton",
			"is_gecko": true,
			"extra_textures": [
				"cute_creature:textures/entity/wither_skeleton_1.png",
				"cute_creature:textures/entity/wither_skeleton_2.png",
				"cute_creature:textures/entity/wither_skeleton_3.png",
				"cute_creature:textures/entity/wither_skeleton_4.png"
			],
			"render_entity_scale": 0.7
		},
		{
			"model_id": "cute_creature:zombie",
			"is_gecko": true,
			"extra_textures": ["cute_creature:textures/entity/zombie_1.png"],
			"render_entity_scale": 0.7
		},
		{
			"model_id": "cute_creature:zombie_horse",
			"is_gecko": true,
			"extra_textures": [
				"cute_creature:textures/entity/zombie_horse_1.png",
				"cute_creature:textures/entity/zombie_horse_2.png",
				"cute_creature:textures/entity/zombie_horse_3.png",
				"cute_creature:textures/entity/zombie_horse_4.png",
				"cute_creature:textures/entity/zombie_horse_5.png",
				"cute_creature:textures/entity/zombie_horse_6.png",
				"cute_creature:textures/entity/zombie_horse_7.png",
				"cute_creature:textures/entity/zombie_horse_8.png",
				"cute_creature:textures/entity/zombie_horse_9.png",
				"cute_creature:textures/entity/zombie_horse_10.png",
				"cute_creature:textures/entity/zombie_horse_11.png"
			],
			"render_entity_scale": 0.7
		}
	],
	"version": "1.2.0",
	"author": ["哥斯拉"],
	"date": "2024-04-12",
	"icon": "cute_creature:textures/maid_icon.png",
	"description": ["{maid_pack.cute_creature.desc}"]
}